action_id,canonical_name,kind,category,goals,dur_min,dur_typical,dur_max,setup_min,money_cost,activation,physical_energy,cognitive_energy,health,work_research,learning,relationships,enjoyment,recovery,maintenance,money_benefit,long_term,uncertainty,reversibility,opportunity_decay,option_value,information_value,regret_if_skipped,interruption_cost,ordinary_downside,right_tail_upside,novelty,frequency,literature_grade,typical_time,judged_optimum,optimum_grade,outdoor,daylight_dependent,sg_opening_hours,ruin_kind,ruin_probability,ruin_severity,ruin_irreversibility,ruin_repeated,ruin_trigger,avoid_related,avoid_safer,singapore_specific,atus_code,atus_link,atus_label,atus_participation_rate,atus_minutes_when_performed,drm_row,drm_positive_affect,drm_negative_affect,cited_studies,action_specific_fields,evidence_type,confidence,source_ids
continue-working,Continue working,canonical,work,"work,progress,focus",30,90,180,5,0,3,0,4,0,4,1,0,1,0,0,2,3,2,4,2,3,2,2,4,0,1,1,3,1,10±2;14.5±2,,,,,,,,,,,,,,,0501,category,Working,0.4243,458.2,Working,3.62,0.97,,"decay,intr",heuristic;observational,low,judgement;atus2014_2016;kahneman2004
deep-work,Deep work,canonical,work,"work,progress,focus",60,120,240,5,0,4,0,4,0,4,1,0,1,0,0,2,4,2,4,2,4,2,2,4,0,2,1,3,1,10±2;14.5±2,10±2,1,,,,,,,,,,,,,0501,category,Working,0.4243,458.2,Working,3.62,0.97,mark2008:related,"act,best,car,dur,ev,evt,intr,lt,opt,tail",heuristic;observational;experiments,low,judgement;atus2014_2016;kahneman2004;mark2008
continue-debugging,Continue debugging,canonical,work,"work,progress,focus",20,60,180,5,0,3,0,4,0,4,2,0,1,0,0,2,3,3,4,2,3,3,2,3,0,1,1,3,1,10±2;14.5±2,,,,,,,,,,,,,,,0501,category,Working,0.4243,458.2,Working,3.62,0.97,,"dur,info,joy,lrn,reg,unc",heuristic;observational,low,judgement;atus2014_2016;kahneman2004
write-code,Write code,canonical,work,"work,progress,focus",45,90,180,5,0,3,0,4,0,4,2,0,2,0,0,2,3,2,4,2,3,2,2,3,0,1,1,3,1,10±2;14.5±2,,,,,,,,,,,,,,,0501,category,Working,0.4243,458.2,Working,3.62,0.97,,"car,dur,joy,lrn",heuristic;observational,low,judgement;atus2014_2016;kahneman2004
implement-the-idea,Implement the idea,canonical,work,"work,progress,focus",45,90,240,5,0,3,0,4,0,4,1,0,1,0,0,2,3,3,4,2,3,4,2,3,0,3,2,3,1,10±2;14.5±2,,,,,,,,,,,,,,,0501,category,Working,0.4243,458.2,Working,3.62,0.97,,"car,dur,info,nov,tail,unc",heuristic;observational,low,judgement;atus2014_2016;kahneman2004
write-a-plan,Write a plan,canonical,work,"work,progress,focus",15,30,60,5,0,2,0,3,0,4,1,0,1,0,0,2,3,2,4,2,4,2,1,3,0,1,1,3,1,10±2;14.5±2,,,,,,,,,,,,,,,020902,action,Household and personal organisation and planning,0.1485,40.3,Working,3.62,0.97,,"act,atus,cog,dur,info,opt,reg",heuristic;observational,low,judgement;atus2014_2016;kahneman2004
write-a-test,Write a test,canonical,work,"work,progress,focus",15,30,60,5,0,3,0,4,0,3,1,0,1,0,0,2,3,1,4,2,3,3,2,3,0,1,1,3,1,10±2;14.5±2,,,,,,,,,,,,,,,0501,category,Working,0.4243,458.2,Working,3.62,0.97,,"car,dur,info,unc",heuristic;observational,low,judgement;atus2014_2016;kahneman2004
rubber-duck-the-problem,Rubber-duck the problem,canonical,work,"work,progress,focus",5,15,30,5,0,1,0,4,0,2,1,0,1,0,0,2,3,2,4,2,3,3,2,3,0,1,1,3,1,10±2;14.5±2,,,,,,,,,,,,,,,0501,category,Working,0.4243,458.2,Working,3.62,0.97,,"act,car,dur,info",heuristic;observational,low,judgement;atus2014_2016;kahneman2004
ask-a-colleague-for-help,Ask a colleague for help,canonical,work,"work,progress,focus",10,20,45,5,0,2,0,4,0,3,1,2,1,0,0,2,3,2,4,2,3,4,2,3,0,2,1,3,1,10±2;14.5±2,,,,,,,,,,,,,,,0501,category,Working,0.4243,458.2,Working,3.62,0.97,,"act,car,dur,info,soc,tail,unc",heuristic;observational,low,judgement;atus2014_2016;kahneman2004
review-a-pull-request,Review a pull request,canonical,work,"work,progress,focus",15,30,60,5,0,3,0,4,0,3,2,1,1,0,0,2,3,2,4,3,3,2,2,3,0,1,1,3,1,10±2;14.5±2,,,,,,,,,,,,,,,0501,category,Working,0.4243,458.2,Working,3.62,0.97,,"car,decay,dur,lrn,soc",heuristic;observational,low,judgement;atus2014_2016;kahneman2004
write-documentation,Write documentation,canonical,work,"work,progress,focus",30,60,120,5,0,3,0,4,0,2,1,0,0,0,0,2,3,2,4,2,3,2,2,3,0,1,1,3,1,10±2;14.5±2,,,,,,,,,,,,,,,0501,category,Working,0.4243,458.2,Working,3.62,0.97,,"act,car,dur,joy,lt",heuristic;observational,low,judgement;atus2014_2016;kahneman2004
refactor-code,Refactor code,canonical,work,"work,progress,focus",30,60,180,5,0,3,0,4,0,2,1,0,2,0,0,2,3,2,4,2,3,2,2,3,0,1,1,3,1,10±2;14.5±2,,,,,,,,,,,,,,,0501,category,Working,0.4243,458.2,Working,3.62,0.97,,"car,dur,joy,lt,opt",heuristic;observational,low,judgement;atus2014_2016;kahneman2004
prepare-a-presentation,Prepare a presentation,canonical,work,"work,progress,focus",45,90,180,5,0,3,0,4,0,3,1,0,1,0,0,2,3,2,4,3,3,2,3,3,0,1,1,3,1,10±2;14.5±2,,,,,,,,,,,,,,,0501,category,Working,0.4243,458.2,Working,3.62,0.97,,"car,decay,dur,reg",heuristic;observational,low,judgement;atus2014_2016;kahneman2004
attend-a-meeting,Attend a meeting,canonical,work,"work,progress,focus",15,45,90,5,0,1,0,2,0,2,1,2,1,0,0,2,3,2,1,4,3,2,2,3,0,1,1,3,1,10±2;14.5±2,,,,,,,,,,,,,,,0501,category,Working,0.4243,458.2,Working,3.62,0.97,,"act,car,cog,decay,dur,rev,soc",heuristic;observational,low,judgement;atus2014_2016;kahneman2004
skip-the-meeting,Skip the meeting,canonical,work,"work,progress,focus",5,5,10,5,0,3,0,4,0,1,1,0,1,0,0,2,3,2,2,2,3,2,2,3,2,1,1,3,1,10±2;14.5±2,,,,,,,,,,,,,,,0501,category,Working,0.4243,458.2,Working,3.62,0.97,,"car,dn,dur,reg,rev,soc,unc",heuristic;observational,low,judgement;atus2014_2016;kahneman2004
plan-tomorrow,Plan tomorrow,canonical,work,"work,progress,focus",10,15,30,5,0,1,0,2,0,2,1,0,1,0,0,2,3,2,4,2,4,2,1,3,0,1,1,3,1,17±1.5,,,,,,,,,,,,,,,020902,action,Household and personal organisation and planning,0.1485,40.3,Working,3.62,0.97,masicampo2011:related,"act,atus,car,cog,dur,opt,reg,typ",heuristic;observational;experiments,low,judgement;atus2014_2016;kahneman2004;masicampo2011
clear-your-inbox,Clear your inbox,canonical,work,"work,progress,focus",15,30,60,5,0,2,0,2,0,2,1,0,0,0,1,2,3,2,4,2,3,2,2,3,0,1,1,3,1,10±2;14.5±2,,,,,,,,,,,,,,,0501,category,Working,0.4243,458.2,Working,3.62,0.97,,"act,car,cog,decay,dur,hom,joy",heuristic;observational,low,judgement;atus2014_2016;kahneman2004
write-a-report,Write a report,canonical,work,"work,progress,focus",45,90,180,5,0,3,0,4,0,4,1,0,1,0,0,2,3,2,4,3,3,2,2,3,0,1,1,3,1,10±2;14.5±2,,,,,,,,,,,,,,,0501,category,Working,0.4243,458.2,Working,3.62,0.97,,"car,decay,dur",heuristic;observational,low,judgement;atus2014_2016;kahneman2004
analyse-the-data,Analyse the data,canonical,work,"work,progress,focus",30,90,180,5,0,3,0,4,0,4,2,0,1,0,0,2,3,2,4,2,3,4,2,3,0,1,1,3,1,10±2;14.5±2,,,,,,,,,,,,,,,0501,category,Working,0.4243,458.2,Working,3.62,0.97,,"car,dur,info,lrn",heuristic;observational,low,judgement;atus2014_2016;kahneman2004
do-the-hard-task-first,Do the hard task first,canonical,work,"work,progress,focus",30,60,120,5,0,4,0,4,0,4,1,0,1,0,0,2,4,2,4,2,3,2,3,3,0,1,1,3,1,10±2;14.5±2,9.5±1.5,1,,,,,,,,,,,,,0501,category,Working,0.4243,458.2,Working,3.62,0.97,,"act,best,car,dur,evt,lt,reg",heuristic;observational,low,judgement;atus2014_2016;kahneman2004
do-an-easy-task,Do an easy task,canonical,work,"work,progress,focus",5,15,30,5,0,1,0,2,0,2,1,0,1,0,0,2,3,2,4,2,3,2,2,3,0,1,1,3,1,10±2;14.5±2,,,,,,,,,,,,,,,0501,category,Working,0.4243,458.2,Working,3.62,0.97,,"act,car,cog,dur,joy",heuristic;observational,low,judgement;atus2014_2016;kahneman2004
stop-working-for-the-day,Stop working for the day,canonical,work,"work,progress,focus",5,5,10,5,0,1,0,0,1,0,1,0,2,3,0,2,1,2,4,2,1,2,1,3,0,1,1,3,1,18±1.5,,,,,,,,,,,,,,,0501,category,Working,0.4243,458.2,Working,3.62,0.97,,"act,car,cog,dur,hea,joy,lt,opt,rec,reg,typ",heuristic;observational,low,judgement;atus2014_2016;kahneman2004
apply-for-a-job,Apply for a job,canonical,work,"work,progress,focus",30,60,120,5,0,3,0,4,0,4,1,0,1,0,0,3,4,4,4,2,4,3,3,3,1,4,2,3,1,10±2;14.5±2,,,,,,,,,,,,,,,0504,action,Job search and interviewing,0.0134,148.0,Working,3.62,0.97,,"atus,car,dn,dur,fin,info,lt,nov,opt,reg,tail,unc",heuristic;observational,low,judgement;atus2014_2016;kahneman2004
update-your-cv,Update your CV,canonical,work,"work,progress,focus",30,60,120,5,0,3,0,4,0,3,1,0,1,0,0,2,3,2,4,1,4,2,2,3,0,2,1,3,1,10±2;14.5±2,,,,,,,,,,,,,,,0504,action,Job search and interviewing,0.0134,148.0,Working,3.62,0.97,,"atus,car,decay,dur,opt,tail",heuristic;observational,low,judgement;atus2014_2016;kahneman2004
negotiate-your-salary,Negotiate your salary,canonical,work,"work,progress,focus",15,30,60,5,0,4,0,4,0,3,1,1,1,0,0,4,3,3,2,2,3,2,3,3,2,3,1,3,1,10±2;14.5±2,,,,,,,,,,,,,,,0501,category,Working,0.4243,458.2,Working,3.62,0.97,,"act,car,dn,dur,fin,reg,rev,soc,tail,unc",heuristic;observational,low,judgement;atus2014_2016;kahneman2004
work-on-a-side-project,Work on a side project,canonical,work,"work,progress,focus",30,90,180,5,0,3,0,4,0,2,3,0,3,0,0,2,3,2,4,2,4,2,2,3,0,3,3,3,1,10±2;14.5±2,,,,,,,,,,,,,,,0501,category,Working,0.4243,458.2,Working,3.62,0.97,,"car,dur,joy,lrn,lt,nov,opt,tail",heuristic;observational,low,judgement;atus2014_2016;kahneman2004
mentor-someone,Mentor someone,canonical,work,"work,progress,focus",30,45,60,5,0,3,0,4,0,2,1,3,2,0,0,2,3,2,4,2,3,2,2,3,0,2,1,3,1,10±2;14.5±2,,,,,,,,,,,,,,,0501,category,Working,0.4243,458.2,Working,3.62,0.97,,"car,dur,joy,lrn,lt,soc,tail",heuristic;observational,low,judgement;atus2014_2016;kahneman2004
network,Network,canonical,work,"work,progress,focus",60,120,180,20,0,4,0,4,0,3,1,3,1,0,0,2,3,3,4,2,4,2,2,3,1,4,3,3,1,10±2;14.5±2,,,,,,,,,,,,,,,0501,category,Working,0.4243,458.2,Working,3.62,0.97,,"act,car,dn,dur,nov,opt,setup,soc,tail,unc",heuristic;observational,low,judgement;atus2014_2016;kahneman2004
write-a-grant,Write a grant,canonical,work,"work,progress,focus",60,120,240,5,0,3,0,4,0,4,1,0,1,0,0,3,3,4,4,3,3,2,3,3,1,3,1,3,1,10±2;14.5±2,,,,,,,,,,,,,,,0501,category,Working,0.4243,458.2,Working,3.62,0.97,,"car,decay,dn,dur,fin,reg,tail,unc",heuristic;observational,low,judgement;atus2014_2016;kahneman2004
submit-the-work,Submit the work,canonical,work,"work,progress,focus",5,10,30,5,0,3,0,4,0,4,1,0,1,0,0,2,3,3,1,3,3,4,3,3,1,3,1,3,1,10±2;14.5±2,,,,,,reputational harm,very low,2,2,no,errors in public work,,,,0501,category,Working,0.4243,458.2,Working,3.62,0.97,,"car,decay,dn,dur,info,reg,rev,tail,unc",heuristic;observational,low,judgement;atus2014_2016;kahneman2004
answer-support-tickets,Answer support tickets,canonical,work,"work,progress,focus",20,45,90,5,0,3,0,4,0,3,1,1,0,0,0,2,3,2,4,3,3,2,2,3,0,1,1,3,1,10±2;14.5±2,,,,,,,,,,,,,,,0501,category,Working,0.4243,458.2,Working,3.62,0.97,,"car,decay,dur,joy,soc",heuristic;observational,low,judgement;atus2014_2016;kahneman2004
organise-your-files,Organise your files,canonical,work,"work,progress,focus",15,30,60,5,0,3,0,1,0,1,1,0,1,0,2,2,3,2,4,2,2,2,2,3,0,1,1,3,1,10±2;14.5±2,,,,,,,,,,,,,,,0501,category,Working,0.4243,458.2,Working,3.62,0.97,,"car,cog,dur,hom,joy,opt",heuristic;observational,low,judgement;atus2014_2016;kahneman2004
take-a-short-break,Take a short break,canonical,work,"work,progress,focus",5,10,15,5,0,0,0,0,1,0,1,0,2,3,0,2,1,2,4,2,2,2,0,3,0,1,1,3,2,11±2;15.5±2,,,,,,,,,,,,,,,0501,category,Working,0.4243,458.2,Working,3.62,0.97,,"act,car,cog,dur,ev,hea,joy,lt,opt,rec,reg,typ",heuristic;observational,low,judgement;atus2014_2016;kahneman2004
make-coffee,Make coffee,canonical,work,"energy,ritual",5,10,15,5,0,1,0,0,0,0,1,0,3,1,0,2,3,2,4,2,3,2,2,3,0,1,1,3,1,8±1;14±1.5,,,,,,,,,,,,,,,0501,category,Working,0.4243,458.2,Working,3.62,0.97,,"act,car,cog,dur,joy,rec,typ",heuristic;observational,low,judgement;atus2014_2016;kahneman2004
work-from-a-cafe,Work from a café,canonical,work,"work,progress,focus",60,120,180,20,1,3,0,4,0,3,1,0,2,0,0,2,3,2,4,2,3,2,2,3,0,1,2,3,1,10±2;14.5±2,,,,,8-22,,,,,,,,,,0501,category,Working,0.4243,458.2,Working,3.62,0.97,,"car,dur,joy,money,nov,open,setup",heuristic;observational,low,judgement;singapore;atus2014_2016;kahneman2004
read-a-paper,Read a paper,canonical,learning,"learning,skill,understanding",30,60,120,5,0,3,0,4,0,3,4,0,2,0,0,0,4,2,4,1,3,3,1,2,0,2,2,1,2,20±3,,,,,,,,,,,,,,,0603,category,Research and homework,0.0578,173.4,,,,,"car,dur,info,lrn,tail",heuristic;observational,low,judgement;atus2014_2016
read-another-paper,Read another paper,canonical,learning,"learning,skill,understanding",30,60,120,5,0,3,0,4,0,2,3,0,2,0,0,0,4,2,4,1,2,2,1,2,0,1,2,1,2,20±3,,,,,,,,,,,,,,,0603,category,Research and homework,0.0578,173.4,,,,,"car,dur,info,lrn,opt,reg,tail",heuristic;observational,low,judgement;atus2014_2016
write-it-up,Write it up,canonical,learning,"learning,skill,understanding",45,90,180,5,0,4,0,4,0,4,3,0,2,0,0,0,4,2,4,1,3,3,1,2,0,3,2,1,2,20±3,,,,,,,,,,,,,,,0603,category,Research and homework,0.0578,173.4,,,,,"act,car,cog,dur,info,lrn,lt,tail",heuristic;observational,low,judgement;atus2014_2016
take-notes,Take notes,canonical,learning,"learning,skill,understanding",10,20,45,5,0,2,0,4,0,2,3,0,2,0,0,0,4,2,4,1,3,2,1,2,0,2,2,1,2,20±3,,,,,,,,,,,,,,,0603,category,Research and homework,0.0578,173.4,,,,,"act,dur,info,lrn,opt",heuristic;observational,low,judgement;atus2014_2016
email-the-author,Email the author,canonical,learning,"learning,skill,understanding",10,15,30,5,0,3,0,4,0,2,4,2,2,0,0,0,4,3,4,1,3,4,1,2,0,4,3,1,2,20±3,,,,,,,,,,,,,,,0603,category,Research and homework,0.0578,173.4,,,,,"act,dur,info,nov,opt,soc,tail,unc",heuristic;observational,low,judgement;atus2014_2016
stop-researching,Stop researching,canonical,learning,"learning,skill,understanding",5,5,10,5,0,1,0,4,0,1,0,0,2,2,0,0,4,2,4,1,1,0,1,2,0,2,2,1,2,20±3,,,,,,,,,,,,,,,0603,category,Research and homework,0.0578,173.4,,,,,"act,car,dur,info,lrn,opt,rec,reg",heuristic;observational,low,judgement;atus2014_2016
think-without-references,Think without references,canonical,learning,"learning,skill,understanding",15,30,60,0,0,2,0,4,0,2,3,0,2,0,0,0,4,2,4,1,3,3,1,2,0,2,2,1,2,20±3,,,,,,,,,,,,,,,0603,category,Research and homework,0.0578,173.4,,,,,"act,dur,info,lrn,nov,setup",heuristic;observational,low,judgement;atus2014_2016
apply-what-you-know,Apply what you know,canonical,learning,"learning,skill,understanding",30,60,120,5,0,3,0,4,0,3,3,0,2,0,0,0,4,2,4,1,3,4,1,2,0,2,2,1,2,20±3,,,,,,,,,,,,,,,0603,category,Research and homework,0.0578,173.4,,,,,"act,car,dur,info,lrn",heuristic;observational,low,judgement;atus2014_2016
do-mathematics,Do mathematics,canonical,learning,"learning,understanding,focus",45,90,180,5,0,4,0,4,0,3,4,0,3,0,0,0,4,2,4,1,3,4,1,2,0,3,2,1,2,20±3,10±2.5,1,,,,,,,,,,,,,0603,category,Research and homework,0.0578,173.4,,,,,"act,best,car,cog,dur,evt,joy,lrn,lt,tail",heuristic;observational,low,judgement;atus2014_2016
study-for-an-exam,Study for an exam,canonical,learning,"learning,skill,understanding",45,90,180,5,0,4,0,4,0,3,4,0,2,0,0,0,4,2,4,3,3,4,3,2,0,2,2,1,2,20±3,,,,,,,,,,,,,,,0603,action,Research and homework,0.0578,173.4,,,,,"act,atus,car,decay,dur,lrn,reg",heuristic;observational,low,judgement;atus2014_2016
review-flashcards,Review flashcards,canonical,learning,"learning,skill,understanding",10,20,40,5,0,2,0,4,0,2,4,0,2,0,0,0,4,2,4,1,3,4,1,2,0,2,2,1,3,20±3,,,,,,,,,,,,,,,0603,category,Research and homework,0.0578,173.4,,,,,"act,dur,ev,freq,lrn,lt",heuristic;observational,low,judgement;atus2014_2016
learn-a-language,Learn a language,canonical,learning,"learning,skill,understanding",15,30,60,5,0,3,0,4,0,2,4,1,2,0,0,0,4,2,4,1,3,4,1,2,0,2,2,1,2,20±3,,,,,,,,,,,,,,,0603,category,Research and homework,0.0578,173.4,,,,,"dur,lrn,lt,nov,soc,tail",heuristic;observational,low,judgement;atus2014_2016
take-an-online-course,Take an online course,canonical,learning,"learning,skill,understanding",30,60,120,5,0,3,0,4,0,2,4,0,2,0,0,0,4,2,4,1,3,4,1,2,0,2,2,1,2,20±3,,,,,,,,,,,,,,,0601,action,Taking class,0.0504,299.2,,,,,"act,atus,car,dur,lrn",heuristic;observational,low,judgement;atus2014_2016
watch-a-lecture,Watch a lecture,canonical,learning,"learning,skill,understanding",30,60,90,5,0,1,0,3,0,2,3,0,2,0,0,0,4,2,4,1,3,4,1,2,0,2,2,1,2,20±3,,,,,,,,,,,,,,,0603,category,Research and homework,0.0578,173.4,,,,,"act,cog,dur,joy,lrn",heuristic;observational,low,judgement;atus2014_2016
read-a-textbook,Read a textbook,canonical,learning,"learning,skill,understanding",30,60,120,5,0,3,0,4,0,2,4,0,2,0,0,0,4,2,4,1,3,4,1,2,0,2,2,1,2,20±3,,,,,,,,,,,,,,,0603,category,Research and homework,0.0578,173.4,,,,,"act,dur,lrn",heuristic;observational,low,judgement;atus2014_2016
read-a-book,Read a book,canonical,learning,"learning,skill,understanding",20,45,120,5,0,1,0,2,0,2,3,0,3,2,0,0,4,2,4,1,3,4,1,2,0,2,2,1,2,21.5±1.5,,,,,,,,,,,,,,,120312,action,Reading for personal interest,0.2062,90.3,,,,,"act,atus,cog,dur,joy,lrn,rec,typ",heuristic;observational,low,judgement;atus2014_2016
practise-an-instrument,Practise an instrument,canonical,learning,"learning,skill,understanding",20,45,90,5,0,3,0,3,0,2,4,0,3,0,0,0,4,2,4,1,3,4,1,2,0,2,1,1,2,20±3,,,,,,,,,,,,,,,0603,category,Research and homework,0.0578,173.4,,,,,"cog,dur,joy,lrn,lt,nov",heuristic;observational,low,judgement;atus2014_2016
learn-to-cook-a-new-dish,Learn to cook a new dish,canonical,learning,"learning,skill,understanding",45,60,120,5,0,3,0,4,2,2,3,0,3,0,0,1,4,2,4,1,3,4,1,2,0,2,3,1,2,20±3,,,,,,,,,,,,,,,0603,category,Research and homework,0.0578,173.4,,,,,"dur,fin,hea,joy,lrn,nov",heuristic;observational,low,judgement;atus2014_2016
watch-a-tutorial,Watch a tutorial,canonical,learning,"learning,skill,understanding",10,20,45,5,0,1,0,4,0,2,3,0,2,0,0,0,4,2,4,1,3,3,1,2,0,2,2,1,2,20±3,,,,,,,,,,,,,,,0603,category,Research and homework,0.0578,173.4,,,,,"act,dur,info,lrn",heuristic;observational,low,judgement;atus2014_2016
listen-to-a-podcast,Listen to a podcast,canonical,learning,"learning,skill,understanding",15,40,90,5,0,0,0,1,0,2,2,0,2,1,0,0,4,2,4,1,3,4,1,2,0,2,2,1,2,20±3,,,,,,,,,,,,,,,120306,action,Listening to or playing music (not radio),0.0248,82.5,,,,,"act,atus,cog,dur,joy,lrn,rec",heuristic;observational,low,judgement;atus2014_2016
write-in-a-journal,Write in a journal,canonical,learning,"reflection,clarity",10,15,30,5,0,2,0,4,2,2,1,0,2,2,0,0,3,2,4,1,3,4,1,2,0,2,2,1,2,20±3,,,,,,,,,,,,,,,120313,action,Writing for personal interest,0.0022,144.9,,,,,"act,atus,dur,ev,hea,lrn,lt,rec",heuristic;observational,low,judgement;atus2014_2016
learn-a-new-tool,Learn a new tool,canonical,learning,"learning,skill,understanding",30,60,120,5,0,3,0,4,0,3,4,0,2,0,0,0,4,2,4,1,4,4,1,2,0,2,2,1,2,20±3,,,,,,,,,,,,,,,0603,category,Research and homework,0.0578,173.4,,,,,"car,dur,lrn,opt,tail",heuristic;observational,low,judgement;atus2014_2016
research-a-topic,Research a topic,canonical,learning,"learning,skill,understanding",20,45,120,5,0,2,0,4,0,2,3,0,2,0,0,0,4,2,4,1,3,4,1,2,0,2,2,1,2,20±3,,,,,,,,,,,,,,,0603,category,Research and homework,0.0578,173.4,,,,,"act,dur,info,lrn",heuristic;observational,low,judgement;atus2014_2016
teach-someone,Teach someone,canonical,learning,"learning,skill,understanding",30,60,90,5,0,3,0,4,0,2,3,3,2,0,0,0,3,2,4,1,3,4,1,2,0,2,2,1,2,20±3,,,,,,,,,,,,,,,0603,category,Research and homework,0.0578,173.4,,,,,"dur,joy,lrn,lt,soc,tail",heuristic;observational,low,judgement;atus2014_2016
attend-a-workshop,Attend a workshop,canonical,learning,"learning,skill,understanding",60,120,240,20,2,3,0,4,0,2,4,2,2,0,0,0,4,2,4,1,3,4,1,2,0,3,3,1,2,20±3,,,,,,,,,,,,,,,0601,action,Taking class,0.0504,299.2,,,,,"atus,dur,lrn,money,nov,setup,soc,tail",heuristic;observational,low,judgement;atus2014_2016
swim,Swim,canonical,exercise,"fitness,health,stress-reduction,exercise",30,60,90,20,1,3,3,1,4,0,0,0,3,3,0,0,4,1,4,1,2,1,2,1,1,0,1,1,3,7±1.5;18±2,17.5±2.5,1,1,,8-21.5,drowning,very low (supervised pool),4,4,yes,"swimming alone, open water, alcohol, exhaustion, lightning",,,,130132,action,Participating in water sports,0.0142,104.7,Exercising,4.31,0.5,,"atus,dn,dur,hea,joy,money,open,out,rec,setup",heuristic;observational,low,judgement;singapore;atus2014_2016;kahneman2004
go-for-a-walk,Go for a walk,canonical,exercise,"fitness,health,stress-reduction,exercise",15,45,90,0,0,1,1,1,3,0,0,0,3,3,0,0,4,1,4,1,2,1,2,1,0,0,1,1,3,12.5±1.5;18.5±2,17.5±2.5,1,1,,,,,,,,,,,,130131,action,Walking,0.0633,53.8,Exercising,4.31,0.5,,"act,atus,dn,dur,ev,hea,joy,out,phys,rec,setup,typ",heuristic;observational,low,judgement;singapore;atus2014_2016;kahneman2004
go-for-a-run,Go for a run,canonical,exercise,"fitness,health,stress-reduction,exercise",20,40,75,5,0,3,4,1,4,0,0,0,2,2,0,0,4,1,4,1,2,1,2,1,2,0,1,1,3,7±1.5;18±2,17.5±2.5,1,1,,,heat illness,very low; higher in midday heat,3,3,yes,midday heat and humidity,,,,130124,action,Running,0.0181,48.3,Exercising,4.31,0.5,,"act,atus,dn,dur,hea,joy,out,phys,rec,setup",heuristic;observational,low,judgement;singapore;atus2014_2016;kahneman2004
cycle,Cycle,canonical,exercise,"fitness,health,stress-reduction,exercise",30,60,120,10,0,3,3,1,4,0,0,0,3,3,0,0,4,1,4,1,2,1,2,1,2,0,2,1,3,7±1.5;18±2,17.5±2.5,1,1,,,road traffic injury,low,4,3,yes,"riding on roads, darkness, no helmet",,,,130104,action,Biking,0.0067,76.4,Exercising,4.31,0.5,,"atus,dn,dur,hea,joy,nov,out,phys,rec,setup",heuristic;observational,low,judgement;singapore;atus2014_2016;kahneman2004
go-to-the-gym,Go to the gym,canonical,exercise,"fitness,health,stress-reduction,exercise",45,60,90,20,1,3,3,1,4,0,0,0,2,2,0,0,4,1,4,1,2,1,2,1,1,0,1,1,3,7±1.5;18±2,17.5±2.5,1,,,6-23,,,,,,,,,,130134,action,"Working out, unspecified",0.0452,53.2,Exercising,4.31,0.5,,"atus,dn,dur,hea,joy,money,open,phys,setup",heuristic;observational,low,judgement;singapore;atus2014_2016;kahneman2004
strength-training,Strength training,canonical,exercise,"fitness,health,stress-reduction,exercise",30,45,75,15,0,3,4,1,4,0,0,0,2,2,0,0,4,1,4,1,2,1,2,1,2,0,1,1,3,7±1.5;18±2,17.5±2.5,1,,,,,,,,,,,,,130133,action,Weightlifting or strength training,0.0216,52.3,Exercising,4.31,0.5,,"atus,dn,dur,ev,hea,lt,phys,setup",heuristic;observational,low,judgement;atus2014_2016;kahneman2004
do-mobility-work,Do mobility work,canonical,exercise,"fitness,health,stress-reduction,exercise",10,20,30,0,0,1,1,1,3,0,0,0,2,3,0,0,4,1,4,1,2,1,2,1,0,0,1,1,2,7±1.5;18±2,17.5±2.5,1,,,,,,,,,,,,,130134,action,"Working out, unspecified",0.0452,53.2,Exercising,4.31,0.5,,"act,atus,dn,dur,ev,hea,phys,rec,setup",heuristic;observational,low,judgement;atus2014_2016;kahneman2004
stretch,Stretch,canonical,exercise,"fitness,health,stress-reduction,exercise",5,10,20,0,0,1,1,1,2,0,0,0,2,2,0,0,2,1,4,1,2,1,2,1,0,0,1,1,2,7±1.5;18±2,17.5±2.5,1,,,,,,,,,,,,,130134,action,"Working out, unspecified",0.0452,53.2,Exercising,4.31,0.5,,"act,atus,dn,dur,ev,hea,lt,phys,rec,setup",heuristic;observational,low,judgement;atus2014_2016;kahneman2004
do-yoga,Do yoga,canonical,exercise,"fitness,health,stress-reduction,exercise",20,45,75,5,0,3,2,1,3,0,0,0,3,4,0,0,4,1,4,1,2,1,2,1,1,0,1,1,2,7±1.5;18±2,17.5±2.5,1,,,,,,,,,,,,,130136,action,Doing yoga,0.006,59.0,Exercising,4.31,0.5,,"atus,dn,dur,ev,hea,joy,phys,rec,setup",heuristic;observational,low,judgement;atus2014_2016;kahneman2004
go-hiking,Go hiking,canonical,exercise,"fitness,health,stress-reduction,exercise",90,180,360,30,0,3,3,1,4,0,0,0,4,4,0,0,4,1,4,1,2,1,2,1,2,0,3,1,3,7±1.5;18±2,17.5±2.5,1,1,1,,"injury, heat illness, getting lost",low,3,3,yes,"hiking alone, heat, no water",,,,130116,action,Hiking,0.0025,143.4,Exercising,4.31,0.5,,"atus,day,dn,dur,hea,joy,nov,out,phys,rec,setup",heuristic;observational,low,judgement;singapore;atus2014_2016;kahneman2004
play-a-sport,Play a sport,canonical,exercise,"fitness,exercise,connection",45,90,120,20,0,3,4,1,4,0,0,3,4,2,0,0,4,1,4,1,2,1,2,1,3,0,2,1,3,7±1.5;18±2,17.5±2.5,1,,,,,,,,,,,,,1301,action,"Participating in sports, exercise or recreation",0.2014,90.8,Exercising,4.31,0.5,,"atus,dn,dur,joy,nov,phys,setup,soc",heuristic;observational,low,judgement;atus2014_2016;kahneman2004
row,Row,canonical,exercise,"fitness,health,stress-reduction,exercise",20,30,60,10,0,3,4,1,4,0,0,0,1,2,0,0,4,1,4,1,2,1,2,1,1,0,1,1,3,7±1.5;18±2,17.5±2.5,1,,,,,,,,,,,,,130128,action,Using cardiovascular equipment,0.0154,40.9,Exercising,4.31,0.5,,"atus,dn,dur,hea,joy,phys,setup",heuristic;observational,low,judgement;atus2014_2016;kahneman2004
climb,Climb,canonical,exercise,"fitness,health,stress-reduction,exercise",60,90,150,20,2,3,4,1,3,0,2,2,4,2,0,0,4,1,4,1,2,1,2,1,3,0,3,1,3,7±1.5;18±2,17.5±2.5,1,,,10-22.5,fall injury,low,3,3,yes,"belay errors, fatigue",,,,130108,action,"Climbing, spelunking and caving",0.0003,129.1,Exercising,4.31,0.5,,"atus,dn,dur,hea,joy,lrn,money,nov,open,phys,setup,soc",heuristic;observational,low,judgement;singapore;atus2014_2016;kahneman2004
do-a-hiit-workout,Do a HIIT workout,canonical,exercise,"fitness,health,stress-reduction,exercise",10,20,30,0,0,4,4,1,4,0,0,0,1,2,0,0,4,1,4,1,2,1,2,1,2,0,1,1,3,7±1.5;18±2,17.5±2.5,1,,,,,,,,,,,,,130134,action,"Working out, unspecified",0.0452,53.2,Exercising,4.31,0.5,,"act,atus,dn,dur,hea,joy,phys,setup",heuristic;observational,low,judgement;atus2014_2016;kahneman2004
dance,Dance,canonical,exercise,"fitness,health,stress-reduction,exercise",30,60,120,10,0,3,3,1,4,0,0,2,4,3,0,0,4,1,4,1,2,1,2,1,1,0,2,1,3,7±1.5;18±2,17.5±2.5,1,,,,,,,,,,,,,130109,action,Dancing,0.0024,116.8,Exercising,4.31,0.5,,"atus,dur,joy,nov,phys,rec,soc",heuristic;observational,low,judgement;atus2014_2016;kahneman2004
do-bodyweight-exercises,Do bodyweight exercises,canonical,exercise,"fitness,health,stress-reduction,exercise",10,20,30,0,0,2,3,1,3,0,0,0,2,2,0,0,4,1,4,1,2,1,2,1,1,0,1,1,3,7±1.5;18±2,17.5±2.5,1,,,,,,,,,,,,,130134,action,"Working out, unspecified",0.0452,53.2,Exercising,4.31,0.5,,"act,atus,dur,hea,phys,setup",heuristic;observational,low,judgement;atus2014_2016;kahneman2004
take-the-stairs,Take the stairs,canonical,exercise,"fitness,health,stress-reduction,exercise",2,5,10,0,0,1,2,1,2,0,0,0,0,2,0,0,4,1,4,1,2,1,2,1,1,0,1,2,2,7±1.5;18±2,17.5±2.5,1,,,,,,,,,,,,,1301,category,"Participating in sports, exercise or recreation",0.2014,90.8,Exercising,4.31,0.5,,"act,dur,ev,freq,hea,joy,phys,setup",heuristic;observational,low,judgement;atus2014_2016;kahneman2004
walk-to-work,Walk to work,canonical,exercise,"fitness,health,stress-reduction,exercise",20,30,45,0,0,1,2,1,3,1,0,0,2,2,0,0,4,1,4,1,2,1,2,1,1,0,1,1,3,7±1.5;18±2,17.5±2.5,1,1,,,,,,,,,,,,130131,action,Walking,0.0633,53.8,Exercising,4.31,0.5,,"act,atus,car,dur,hea,out,phys,rec,setup",heuristic;observational,low,judgement;singapore;atus2014_2016;kahneman2004
play-with-your-dog,Play with your dog,canonical,exercise,"fitness,health,stress-reduction,exercise",15,30,60,0,0,1,2,1,2,0,0,2,4,3,0,0,4,1,4,1,2,1,2,1,1,0,1,2,3,7±1.5;18±2,17.5±2.5,1,1,,,,,,,,,,,,0206,action,Animals and pets,0.1677,40.4,Exercising,4.31,0.5,,"act,atus,dur,freq,hea,joy,out,phys,rec,setup,soc",heuristic;observational,low,judgement;singapore;atus2014_2016;kahneman2004
martial-arts-class,Martial arts class,canonical,exercise,"fitness,health,stress-reduction,exercise",60,75,90,20,2,3,4,1,4,0,3,2,2,2,0,0,4,1,4,1,2,1,2,1,3,0,2,1,3,7±1.5;18±2,17.5±2.5,1,,,,injury,low,3,2,yes,hard sparring,,,,130119,action,Martial arts,0.0006,98.8,Exercising,4.31,0.5,,"atus,dn,dur,lrn,money,nov,phys,setup,soc",heuristic;observational,low,judgement;atus2014_2016;kahneman2004
pilates,Pilates,canonical,exercise,"fitness,health,stress-reduction,exercise",30,45,60,10,2,3,2,1,3,0,0,0,2,2,0,0,4,1,4,1,2,1,2,1,1,0,1,1,3,7±1.5;18±2,17.5±2.5,1,,,,,,,,,,,,,130134,action,"Working out, unspecified",0.0452,53.2,Exercising,4.31,0.5,,"atus,dn,dur,hea,money,phys,rec,setup",heuristic;observational,low,judgement;atus2014_2016;kahneman2004
take-your-medication,Take your medication,canonical,health,"health,self-care",1,2,5,0,0,0,0,1,4,0,0,0,1,2,0,0,4,1,4,4,1,1,4,1,0,0,0,2,3,8±1;21±1.5,,,,,,,,,,,,,,,0103,action,Health-related self care,0.0665,71.3,,,,,"act,atus,decay,dur,ev,freq,hea,lt,phys,reg,typ",heuristic;observational,low,judgement;atus2014_2016
drink-water,Drink water,canonical,health,"health,self-care",1,2,5,0,0,0,1,1,2,0,0,0,1,1,0,0,1,1,4,1,1,1,0,1,0,0,0,4,2,8±2;21±2,,,,,,,,,,,,,,,0103,category,Health-related self care,0.0665,71.3,,,,,"act,decay,dur,freq,hea,lt,rec,reg",heuristic;observational,low,judgement;atus2014_2016
book-a-doctors-appointment,Book a doctor's appointment,canonical,health,"health,self-care",10,15,30,0,0,3,1,1,4,0,0,0,1,2,0,0,4,2,4,3,1,4,4,1,0,0,0,2,2,8±2;21±2,,,,,,,,,,,,,,,0209,action,Household management,0.2513,42.7,,,,,"act,atus,decay,dur,hea,info,lt,reg,unc",heuristic;observational,low,judgement;atus2014_2016
see-a-dentist,See a dentist,canonical,health,"health,self-care",45,60,90,20,2,3,1,1,3,0,0,0,1,2,0,0,3,1,4,1,1,1,2,1,0,0,0,2,2,8±2;21±2,,,,,9-18,,,,,,,,,,0804,action,Medical and care services,0.0376,86.3,,,,,"act,atus,decay,dur,hea,lt,money,open,setup",heuristic;observational,low,judgement;singapore;atus2014_2016
get-a-health-check-up,Get a health check-up,canonical,health,"health,self-care",30,60,120,20,2,3,1,1,4,0,0,0,1,2,0,0,4,1,4,1,1,4,2,1,0,0,0,2,2,8±2;21±2,,,,,8-17,,,,,,,,,,0804,action,Medical and care services,0.0376,86.3,,,,,"act,atus,decay,dur,ev,hea,info,lt,money,open,setup",heuristic;observational,low,judgement;singapore;atus2014_2016
take-a-shower,Take a shower,canonical,health,"hygiene,self-care,recovery",5,10,20,0,0,1,1,1,1,0,0,0,2,2,0,0,3,1,4,2,1,1,2,1,0,0,0,4,2,7.5±1;22±1.5,,,,,,,,,,,,,,,0102,action,Grooming,0.8103,50.9,,,,,"act,atus,dur,freq,hea,joy,rec,typ",heuristic;observational,low,judgement;atus2014_2016
brush-and-floss,Brush and floss,canonical,health,"health,self-care",3,5,5,0,0,1,1,1,2,0,0,0,1,2,0,0,3,1,4,2,1,1,2,1,0,0,0,3,3,7.5±1;22.5±1,,,,,,,,,,,,,,,0102,action,Grooming,0.8103,50.9,,,,,"act,atus,dur,ev,freq,hea,lt,typ",heuristic;observational,low,judgement;atus2014_2016
do-skincare,Do skincare,canonical,health,"health,self-care",3,5,15,0,0,1,1,1,1,0,0,0,1,2,0,0,2,1,4,2,1,1,2,1,0,0,0,2,2,8±2;21±2,,,,,,,,,,,,,,,0102,action,Grooming,0.8103,50.9,,,,,"act,atus,dur,hea,joy,lt",heuristic;observational,low,judgement;atus2014_2016
get-sunlight,Get sunlight,canonical,health,"health,sleep,mood",5,15,30,0,0,1,1,1,2,0,0,0,2,2,0,0,3,1,4,2,1,1,2,1,0,0,0,2,2,12±2,8±1.5,1,1,1,,,,,,,,,,,0103,category,Health-related self care,0.0665,71.3,,,,,"act,best,day,dur,ev,evt,hea,joy,out,phys,rec,typ",heuristic;observational,low,judgement;singapore;atus2014_2016
cut-down-on-alcohol,Cut down on alcohol,canonical,health,"health,self-care",1,1,1,0,0,2,1,1,3,0,0,0,0,2,0,1,3,1,4,2,1,1,2,1,0,0,0,2,2,20±2,,,,,,,,,,,,,,,0103,category,Health-related self care,0.0665,71.3,,,,,"act,dur,fin,hea,joy,lt,typ",heuristic;observational,low,judgement;atus2014_2016
have-a-drink,Have a drink,canonical,health,"health,self-care",30,60,120,0,2,1,1,1,0,0,0,3,3,1,0,0,0,1,4,2,1,1,2,1,2,0,0,2,2,20.5±2,,,,,,accident or health harm,low per occasion; repeated,3,3,yes,"quantity, then driving or swimming",,,,0103,category,Health-related self care,0.0665,71.3,,,,,"dn,dur,hea,joy,lt,money,rec,soc,typ",heuristic;observational,low,judgement;atus2014_2016
go-to-bed-early,Go to bed early,canonical,health,"health,self-care",420,480,540,0,0,2,1,1,4,0,0,0,1,4,0,0,4,1,4,2,1,1,2,1,0,0,0,2,3,23.5±1,22.5±1,2,,,,,,,,,,,,,0101,action,Sleeping,0.999,528.9,,,,,"act,atus,best,dur,ev,evt,hea,joy,lt,rec,typ",heuristic;observational,low,judgement;atus2014_2016
stay-up-late,Stay up late,canonical,health,"health,self-care",60,120,180,0,0,0,1,1,0,0,0,0,2,0,0,0,0,1,4,2,1,1,2,1,2,0,0,2,2,0.5±1,,,,,,,,,,,,,,,0103,category,Health-related self care,0.0665,71.3,,,,,"act,dn,dur,hea,joy,lt,rec,reg,typ",heuristic;observational,low,judgement;atus2014_2016
check-your-posture,Check your posture,canonical,health,"health,self-care",1,2,5,0,0,0,1,1,1,0,0,0,1,2,0,0,3,1,4,2,1,1,2,1,0,0,0,2,2,8±2;21±2,,,,,,,,,,,,,,,0103,category,Health-related self care,0.0665,71.3,,,,,"act,dur,hea",heuristic;observational,low,judgement;atus2014_2016
do-breathing-exercises,Do breathing exercises,canonical,health,"stress-reduction,calm,health",3,5,15,0,0,0,1,1,2,0,0,0,1,3,0,0,3,1,4,2,1,1,2,1,0,0,0,2,2,8±2;21±2,,,,,,,,,,,,,,,0103,category,Health-related self care,0.0665,71.3,,,,,"act,dur,ev,hea,rec",heuristic;observational,low,judgement;atus2014_2016
skip-it-today,Skip it today,canonical,health,"health,self-care",1,1,1,0,0,0,1,1,0,0,0,0,1,1,0,0,0,1,3,2,1,1,2,1,0,0,0,2,2,8±2;21±2,,,,,,,,,,,,,,,0103,category,Health-related self care,0.0665,71.3,,,,,"act,dur,hea,lt,opt,rec,reg,rev",heuristic;observational,low,judgement;atus2014_2016
track-your-sleep,Track your sleep,canonical,health,"health,self-care",2,5,10,0,0,1,1,1,1,0,0,0,1,2,0,0,3,1,4,2,1,3,2,1,0,0,0,2,2,8±2;21±2,,,,,,,,,,,,,,,0103,category,Health-related self care,0.0665,71.3,,,,,"act,dur,hea,info",heuristic;observational,low,judgement;atus2014_2016
refill-your-prescription,Refill your prescription,canonical,health,"health,self-care",10,20,40,15,0,2,1,1,3,0,0,0,1,2,0,0,3,1,4,3,1,1,3,1,0,0,0,2,2,8±2;21±2,,,,,9-21,,,,,,,,,,0804,action,Medical and care services,0.0376,86.3,,,,,"act,atus,decay,dur,hea,open,reg,setup",heuristic;observational,low,judgement;singapore;atus2014_2016
get-a-massage,Get a massage,canonical,health,"health,self-care",45,60,90,20,3,1,1,1,2,0,0,0,4,4,0,0,3,1,4,2,1,1,2,1,0,0,0,2,2,8±2;21±2,,,,,10-22,,,,,,,,,,0805,action,Personal care services,0.014,74.8,,,,,"atus,dur,hea,joy,money,open,rec,setup",heuristic;observational,low,judgement;singapore;atus2014_2016
get-a-haircut,Get a haircut,canonical,health,"health,self-care",30,45,60,15,2,2,1,1,0,0,0,0,2,2,1,0,3,1,4,1,1,1,2,1,0,0,0,2,2,8±2;21±2,,,,,10-21,,,,,,,,,,0805,action,Personal care services,0.014,74.8,,,,,"act,atus,decay,dur,hea,hom,joy,money,open,setup",heuristic;observational,low,judgement;singapore;atus2014_2016
sleep,Sleep,canonical,sleep,"rest,recovery,sleep",360,450,540,0,0,0,0,0,4,0,0,0,2,4,0,0,4,1,4,2,1,0,1,1,0,0,0,3,3,23.2±1,23±1.2,2,,,,,,,,,,,,,0101,action,Sleeping,0.999,528.9,,,,,"atus,best,decay,dur,ev,evt,hea,lt,rec,reg,typ",heuristic;observational,low,judgement;atus2014_2016
nap,Nap,canonical,sleep,"rest,recovery,sleep",10,20,40,0,0,0,0,0,2,0,0,0,2,4,0,0,2,1,4,1,1,0,1,1,1,0,0,3,2,14.5±1.5,14±1.2,1,,,,,,,,,,,,,0101,action,Sleeping,0.999,528.9,Napping,3.87,0.6,,"atus,best,dn,drm,dur,ev,evt,hea,joy,rec,typ",heuristic;observational,low,judgement;atus2014_2016;kahneman2004
rest,Rest,canonical,sleep,"rest,recovery,relaxation",15,30,60,0,0,0,0,0,2,0,0,0,2,3,0,0,2,1,4,1,1,0,1,1,0,0,0,3,2,14±1.5;23±1.5,,,,,,,,,,,,,,,120301,action,"Relaxing, thinking",0.1972,90.2,Relaxing,4.42,0.51,,"act,atus,drm,dur,hea,joy,rec",heuristic;observational,low,judgement;atus2014_2016;kahneman2004
rest-in-silence,Rest in silence,canonical,sleep,"rest,recovery,sleep",10,20,30,0,0,0,0,0,1,0,0,0,1,3,0,0,2,1,4,1,1,0,1,1,0,0,0,3,2,14±1.5;23±1.5,,,,,,,,,,,,,,,120301,action,"Relaxing, thinking",0.1972,90.2,Relaxing,4.42,0.51,,"atus,drm,dur,hea,joy,rec",heuristic;observational,low,judgement;atus2014_2016;kahneman2004
lie-in,Lie in,canonical,sleep,"rest,recovery,sleep",30,60,120,0,0,0,0,0,3,0,0,0,3,3,0,0,1,1,4,1,1,0,1,1,0,0,0,3,2,8.5±1,,,,,,,,,,,,,,,0101,action,Sleeping,0.999,528.9,,,,,"atus,car,dur,joy,lt,rec,typ",heuristic;observational,low,judgement;atus2014_2016
put-your-phone-away,Put your phone away,canonical,sleep,"focus,rest,sleep",30,60,180,0,0,2,0,0,2,0,0,0,2,2,0,0,2,1,4,1,1,0,1,1,0,0,0,3,2,14±1.5;23±1.5,,,,,,,,,,,,,,,0101,category,Sleeping,0.999,528.9,,,,,"act,dur,hea,lt,rec",heuristic;observational,low,judgement;atus2014_2016
wind-down-for-bed,Wind down for bed,canonical,sleep,"rest,recovery,sleep",15,30,45,0,0,1,0,0,3,0,0,0,2,3,0,0,2,1,4,1,1,0,1,1,0,0,0,3,2,22.5±1,22±1,1,,,,,,,,,,,,,0101,category,Sleeping,0.999,528.9,,,,,"act,best,dur,ev,evt,hea,rec,typ",heuristic;observational,low,judgement;atus2014_2016
eat-dinner,Eat dinner,canonical,food,"nutrition,energy,food",20,40,60,5,1,1,0,0,3,0,0,2,3,2,0,0,1,1,3,3,1,0,1,1,0,0,1,4,2,19±1.2,18.5±1.5,1,,,,,,,,,,,,,1101,action,Eating and drinking,0.9508,67.3,Eating,4.34,0.59,,"atus,best,decay,dur,evt,hea,joy,soc,typ",heuristic;observational,low,judgement;atus2014_2016;kahneman2004
eat-lunch,Eat lunch,canonical,food,"nutrition,energy,food",15,30,60,5,1,1,0,0,3,0,0,1,3,2,0,0,1,1,3,3,1,0,1,1,0,0,1,4,2,12.5±0.8,12.5±1.2,1,,,,,,,,,,,,,1101,action,Eating and drinking,0.9508,67.3,Eating,4.34,0.59,,"atus,best,dur,evt,hea,typ",heuristic;observational,low,judgement;atus2014_2016;kahneman2004
eat-breakfast,Eat breakfast,canonical,food,"nutrition,energy,food",10,20,30,5,1,1,0,0,3,0,0,1,3,2,0,0,1,1,3,3,1,0,1,1,0,0,1,4,2,7.5±1,8±1.5,1,,,,,,,,,,,,,1101,action,Eating and drinking,0.9508,67.3,Eating,4.34,0.59,,"atus,best,dur,evt,hea,typ",heuristic;observational,low,judgement;atus2014_2016;kahneman2004
eat-a-snack,Eat a snack,canonical,food,"nutrition,energy,food",5,10,15,0,1,1,0,0,1,0,0,1,3,1,0,0,1,1,3,2,1,0,1,1,0,0,1,4,2,15.5±2,,,,,,,,,,,,,,,1101,category,Eating and drinking,0.9508,67.3,Eating,4.34,0.59,,"decay,dur,hea,joy,rec,setup,typ",heuristic;observational,low,judgement;atus2014_2016;kahneman2004
try-a-new-restaurant,Try a new restaurant,canonical,food,"nutrition,energy,food",45,75,120,20,3,1,0,0,2,0,0,2,4,2,0,0,1,3,3,3,1,3,1,1,0,1,4,4,2,19.5±1.2,,,,,11-22,,,,,,,,,,1101,action,Eating and drinking,0.9508,67.3,Eating,4.34,0.59,,"atus,dur,info,joy,money,nov,open,setup,soc,tail,typ,unc",heuristic;observational,low,judgement;singapore;atus2014_2016;kahneman2004
eat-out,Eat out,canonical,food,"nutrition,energy,food",45,60,120,20,3,1,0,0,2,0,0,2,3,2,0,0,1,1,3,3,1,0,1,1,0,0,1,4,2,19.5±1.2,,,,,11-22,,,,,,,,,,1101,action,Eating and drinking,0.9508,67.3,Eating,4.34,0.59,,"atus,dur,joy,money,open,setup,soc,typ",heuristic;observational,low,judgement;singapore;atus2014_2016;kahneman2004
order-takeaway,Order takeaway,canonical,food,"nutrition,energy,food",10,30,45,0,2,0,0,0,1,0,0,1,3,2,0,0,1,1,3,3,1,0,1,1,0,0,1,4,2,19.5±1.5,,,,,,,,,,,,,,,1101,category,Eating and drinking,0.9508,67.3,Eating,4.34,0.59,,"act,dur,hea,joy,money,setup,typ",heuristic;observational,low,judgement;atus2014_2016;kahneman2004
eat-leftovers,Eat leftovers,canonical,food,"nutrition,energy,food",10,15,20,0,0,0,0,0,2,0,0,1,1,2,0,2,1,1,3,3,1,0,1,1,0,0,1,4,2,7.5±1;12.5±1;19±1.2,,,,,,,,,,,,,,,1101,category,Eating and drinking,0.9508,67.3,Eating,4.34,0.59,,"act,dur,fin,hea,joy,money,setup",heuristic;observational,low,judgement;atus2014_2016;kahneman2004
have-a-healthy-snack,Have a healthy snack,canonical,food,"nutrition,energy,food",3,5,10,0,1,1,0,0,3,0,0,1,2,2,0,0,1,1,3,3,1,0,1,1,0,0,1,4,2,7.5±1;12.5±1;19±1.2,,,,,,,,,,,,,,,1101,category,Eating and drinking,0.9508,67.3,Eating,4.34,0.59,,"dur,hea,joy,setup",heuristic;observational,low,judgement;atus2014_2016;kahneman2004
skip-this-meal,Skip this meal,canonical,food,"nutrition,energy,food",1,1,1,5,1,1,0,0,1,0,0,1,0,0,0,0,1,2,3,3,1,0,1,1,0,0,1,4,2,7.5±1;12.5±1;19±1.2,,,,,,,,,,,,,,,1101,category,Eating and drinking,0.9508,67.3,Eating,4.34,0.59,,"dur,hea,joy,rec,reg,unc",heuristic;observational,low,judgement;atus2014_2016;kahneman2004
get-a-coffee,Get a coffee,canonical,food,"energy,ritual,treat",10,15,30,10,1,1,0,0,2,0,0,1,3,1,0,0,1,1,3,3,1,0,1,1,0,0,1,4,2,9±1.5;14.5±1.5,,,,,7.5-22,,,,,,,,,,1101,category,Eating and drinking,0.9508,67.3,Eating,4.34,0.59,,"dur,joy,money,open,rec,setup,soc,typ",heuristic;observational,low,judgement;singapore;atus2014_2016;kahneman2004
drink-coffee,Drink coffee,canonical,food,"energy,focus",5,10,15,0,0,1,0,0,1,0,0,1,3,1,0,0,1,1,3,3,1,0,1,1,1,0,1,4,2,8.5±1.5,10±2,1,,,,,,,,,,,,,1101,category,Eating and drinking,0.9508,67.3,Eating,4.34,0.59,,"best,dn,dur,evt,hea,joy,money,rec,setup,typ",heuristic;observational,low,judgement;atus2014_2016;kahneman2004
make-tea,Make tea,canonical,food,"nutrition,energy,food",5,10,15,0,0,1,0,0,1,0,0,1,2,2,0,0,1,1,3,3,1,0,1,1,0,0,1,4,2,7.5±1;12.5±1;19±1.2,,,,,,,,,,,,,,,1101,category,Eating and drinking,0.9508,67.3,Eating,4.34,0.59,,"dur,hea,joy,money,rec,setup",heuristic;observational,low,judgement;atus2014_2016;kahneman2004
have-dessert,Have dessert,canonical,food,"nutrition,energy,food",5,15,20,5,1,1,0,0,0,0,0,1,4,2,0,0,1,1,3,3,1,0,1,1,0,0,1,4,2,7.5±1;12.5±1;19±1.2,,,,,,,,,,,,,,,1101,category,Eating and drinking,0.9508,67.3,Eating,4.34,0.59,,"dur,hea,joy,money",heuristic;observational,low,judgement;atus2014_2016;kahneman2004
have-brunch,Have brunch,canonical,food,"nutrition,energy,food",60,90,120,20,3,1,0,0,2,0,0,3,4,2,0,0,1,1,3,3,1,0,1,1,0,0,1,4,2,11±1,,,,,9-15,,,,,,,,,,1101,category,Eating and drinking,0.9508,67.3,Eating,4.34,0.59,,"dur,joy,money,open,setup,soc,typ",heuristic;observational,low,judgement;singapore;atus2014_2016;kahneman2004
get-bubble-tea,Get bubble tea,canonical,food,"nutrition,energy,food",10,15,30,10,1,1,0,0,0,0,0,1,3,2,0,0,1,1,3,3,1,0,1,1,0,0,1,4,2,7.5±1;12.5±1;19±1.2,,,,,10-22,,,,,,,,,,1101,category,Eating and drinking,0.9508,67.3,Eating,4.34,0.59,,"dur,hea,joy,money,open,setup",heuristic;observational,low,judgement;singapore;atus2014_2016;kahneman2004
eat-at-a-hawker-centre,Eat at a hawker centre,canonical,food,"nutrition,energy,food",20,30,45,10,1,1,0,0,2,0,0,1,3,2,0,0,1,1,3,3,1,0,1,1,0,0,1,4,2,7.5±1;12.5±1;19±1.2,,,,,7-22,,,,,,,,,,1101,category,Eating and drinking,0.9508,67.3,Eating,4.34,0.59,,"dur,joy,money,nov,open,setup,soc",heuristic;observational,low,judgement;singapore;atus2014_2016;kahneman2004
have-a-picnic,Have a picnic,canonical,food,"nutrition,energy,food",60,120,180,30,1,1,0,0,2,0,0,3,4,3,0,0,1,1,3,3,1,0,1,1,0,0,2,4,2,12.5±2,,,1,1,,,,,,,,,,,1101,category,Eating and drinking,0.9508,67.3,Eating,4.34,0.59,,"day,dur,joy,money,nov,out,rec,setup,soc,typ",heuristic;observational,low,judgement;singapore;atus2014_2016;kahneman2004
take-a-walk-after-eating,Take a walk after eating,canonical,food,"nutrition,energy,food",10,15,30,0,0,1,1,0,3,0,0,1,3,2,0,0,1,1,3,1,1,0,1,1,0,0,1,4,2,7.5±1;12.5±1;19±1.2,,,1,,,,,,,,,,,,130131,action,Walking,0.0633,53.8,Eating,4.34,0.59,,"act,atus,decay,dur,ev,hea,money,out,phys,rec,setup",heuristic;observational,low,judgement;singapore;atus2014_2016;kahneman2004
cook-dinner,Cook dinner,canonical,cooking,"nutrition,food,saving-money",30,45,90,5,1,2,1,1,3,0,1,1,2,1,2,2,2,1,3,2,1,1,1,2,0,0,1,3,2,18.5±1,,,,,,,,,,,,,,,020201,action,Food and drink preparation,0.5327,51.2,Preparing food,3.93,0.69,,"atus,dur,typ",heuristic;observational,low,judgement;atus2014_2016;kahneman2004
cook-lunch,Cook lunch,canonical,cooking,"nutrition,food,saving-money",20,30,45,5,1,2,1,1,3,0,1,1,2,1,2,2,2,1,3,2,1,1,1,2,0,0,1,3,2,12±1,,,,,,,,,,,,,,,020201,action,Food and drink preparation,0.5327,51.2,Preparing food,3.93,0.69,,"atus,dur,typ",heuristic;observational,low,judgement;atus2014_2016;kahneman2004
meal-prep,Meal prep,canonical,cooking,"nutrition,food,saving-money",60,120,180,5,1,3,1,1,3,0,1,1,2,1,2,3,3,1,3,2,3,1,1,2,0,0,1,3,2,11±2,,,,,,,,,,,,,,,020201,action,Food and drink preparation,0.5327,51.2,Preparing food,3.93,0.69,,"act,atus,dur,fin,hea,hom,lt,opt,typ",heuristic;observational,low,judgement;atus2014_2016;kahneman2004
bake,Bake,canonical,cooking,"nutrition,food,saving-money",45,90,180,5,1,2,1,1,0,0,2,1,3,1,2,2,2,1,3,2,1,1,1,2,0,0,2,3,2,12±1;18.5±1.2,,,,,,,,,,,,,,,020201,category,Food and drink preparation,0.5327,51.2,Preparing food,3.93,0.69,,"dur,hea,joy,lrn,nov",heuristic;observational,low,judgement;atus2014_2016;kahneman2004
make-a-smoothie,Make a smoothie,canonical,cooking,"nutrition,food,saving-money",5,10,15,5,1,1,1,1,3,0,1,1,2,1,2,2,2,1,3,2,1,1,1,2,0,0,1,3,2,12±1;18.5±1.2,,,,,,,,,,,,,,,020201,category,Food and drink preparation,0.5327,51.2,Preparing food,3.93,0.69,,"act,dur,hea,joy",heuristic;observational,low,judgement;atus2014_2016;kahneman2004
try-a-new-recipe,Try a new recipe,canonical,cooking,"nutrition,food,saving-money",45,75,120,5,1,2,1,1,3,0,3,1,3,1,2,2,2,3,3,2,1,1,1,2,0,0,4,3,2,12±1;18.5±1.2,,,,,,,,,,,,,,,020201,category,Food and drink preparation,0.5327,51.2,Preparing food,3.93,0.69,,"dur,joy,lrn,nov,unc",heuristic;observational,low,judgement;atus2014_2016;kahneman2004
pack-a-lunch,Pack a lunch,canonical,cooking,"nutrition,food,saving-money",10,15,20,5,1,2,1,1,2,0,1,1,2,1,2,3,2,1,3,2,1,1,1,2,0,0,1,3,2,7.5±1,,,,,,,,,,,,,,,020201,category,Food and drink preparation,0.5327,51.2,Preparing food,3.93,0.69,,"dur,fin,hea,typ",heuristic;observational,low,judgement;atus2014_2016;kahneman2004
call-a-friend,Call a friend,canonical,relationships,"connection,relationships,belonging",10,30,60,0,0,2,0,1,1,0,0,4,3,2,0,0,3,2,3,2,2,1,3,2,0,2,1,2,3,19.5±2,,,,,,,,,,,,,,,160102,action,"Telephone calls to or from friends, neighbours or acquaintances",0.0445,49.3,On the phone,3.92,0.85,,"act,atus,drm,dur,ev,joy,money,reg,setup,soc,typ",heuristic;observational,low,judgement;atus2014_2016;kahneman2004
meet-a-friend,Meet a friend,canonical,relationships,"connection,relationships,belonging",60,120,180,20,2,3,0,1,1,0,0,4,4,3,0,0,3,2,3,2,2,1,3,2,0,2,1,2,3,19.5±2,,,,,,,,,,,,,,,1201,action,Socializing and communicating,0.3584,102.7,Socializing,4.59,0.57,,"act,atus,dur,joy,money,nov,rec,setup,soc",heuristic;observational,low,judgement;atus2014_2016;kahneman2004
call-your-parents,Call your parents,canonical,relationships,"connection,relationships,belonging",10,30,60,0,1,2,0,1,1,0,0,4,3,2,0,0,4,2,3,2,2,1,4,2,0,2,1,2,3,19.5±2,,,,,,,,,,,,,,,160101,action,Telephone calls to or from family members,0.0645,33.5,On the phone,3.92,0.85,liu2023:related,"act,atus,drm,dur,lt,reg,setup,soc",heuristic;observational;experiments,low,judgement;atus2014_2016;kahneman2004;liu2023
visit-your-family,Visit your family,canonical,relationships,"connection,relationships,belonging",90,180,300,40,1,3,0,1,1,0,0,4,3,2,0,0,4,2,3,2,2,1,4,2,0,2,1,2,3,19.5±2,,,,,,,,,,,,,,,1201,category,Socializing and communicating,0.3584,102.7,Socializing,4.59,0.57,,"act,dur,joy,lt,reg,setup,soc",heuristic;observational,low,judgement;atus2014_2016;kahneman2004
go-on-a-date,Go on a date,canonical,relationships,"connection,relationships,belonging",90,150,240,20,3,3,0,1,1,0,0,4,4,2,0,0,3,3,3,2,2,1,3,2,1,3,2,2,3,19.5±2,,,,,,,,,,,,,,,1201,category,Socializing and communicating,0.3584,102.7,Socializing,4.59,0.57,,"act,dn,dur,joy,money,nov,reg,setup,soc,tail,unc",heuristic;observational,low,judgement;atus2014_2016;kahneman2004
spend-time-with-your-partner,Spend time with your partner,canonical,relationships,"connection,relationships,belonging",30,90,180,0,1,2,0,1,1,0,0,4,4,3,0,0,4,2,3,2,2,1,3,2,0,2,1,2,3,19.5±2,,,,,,,,,,,,,,,1201,category,Socializing and communicating,0.3584,102.7,Intimate relations,5.1,0.36,,"drm,dur,joy,lt,rec,reg,setup,soc",heuristic;observational,low,judgement;atus2014_2016;kahneman2004
play-with-your-kids,Play with your kids,canonical,relationships,"connection,relationships,belonging",20,60,120,0,1,2,2,1,1,0,0,4,4,2,0,0,4,2,3,2,2,1,4,2,0,2,1,2,3,18±2,,,,,,,,,,,,,,,030103,action,"Playing with household children, not sports",0.0531,106.2,Taking care of my children,3.86,0.91,,"atus,drm,dur,joy,lt,phys,reg,setup,soc,typ",heuristic;observational,low,judgement;atus2014_2016;kahneman2004
host-dinner,Host dinner,canonical,relationships,"connection,relationships,belonging",120,180,240,60,3,4,0,1,1,0,0,4,4,2,1,0,3,2,3,2,2,1,3,2,0,2,2,2,3,19.5±2,,,,,,,,,,,,,,,1202,action,Attending or hosting social events,0.0223,179.2,Socializing,4.59,0.57,,"act,atus,dur,hom,joy,money,nov,setup,soc,tail,unc",heuristic;observational,low,judgement;atus2014_2016;kahneman2004
send-a-thank-you-note,Send a thank-you note,canonical,relationships,"connection,relationships,belonging",5,10,15,0,0,1,0,1,1,0,0,3,2,2,0,0,3,2,3,2,2,1,3,2,0,2,1,2,2,19.5±2,,,,,,,,,,,,,,,1201,category,Socializing and communicating,0.3584,102.7,Socializing,4.59,0.57,kumar2018:direct,"act,dur,ev,joy,lt,money,setup,soc",heuristic;observational;experiments,"medium (social reception, direct experiment); low elsewhere",judgement;atus2014_2016;kahneman2004;kumar2018
apologise-to-someone,Apologise to someone,canonical,relationships,"connection,relationships,belonging",5,15,30,0,0,4,0,1,1,0,0,4,3,1,0,0,4,3,2,2,2,1,4,2,1,2,1,2,3,19.5±2,,,,,,,,,,,,,,,1201,category,Socializing and communicating,0.3584,102.7,Socializing,4.59,0.57,,"act,dn,dur,lt,money,rec,reg,rev,setup,soc,tail,unc",heuristic;observational,low,judgement;atus2014_2016;kahneman2004
plan-the-next-meetup,Plan the next meetup,canonical,relationships,"connection,relationships,belonging",5,10,20,0,0,1,0,1,1,0,0,3,3,2,0,0,3,2,3,2,3,1,3,2,0,2,1,2,3,19.5±2,,,,,,,,,,,,,,,1201,category,Socializing and communicating,0.3584,102.7,Socializing,4.59,0.57,,"act,dur,money,opt,setup,soc",heuristic;observational,low,judgement;atus2014_2016;kahneman2004
spend-time-alone,Spend time alone,canonical,relationships,"rest,recovery,solitude",30,60,120,0,0,0,0,1,1,0,0,0,3,4,0,0,2,2,3,2,2,1,0,2,0,2,1,2,3,19.5±2,,,,,,,,,,,,,,,1201,category,Socializing and communicating,0.3584,102.7,Socializing,4.59,0.57,,"act,dur,joy,lt,money,rec,reg,setup,soc",heuristic;observational,low,judgement;atus2014_2016;kahneman2004
make-a-new-friend,Make a new friend,canonical,relationships,"connection,relationships,belonging",60,120,180,20,1,4,0,1,1,0,0,4,3,2,0,0,4,4,3,2,4,3,3,2,1,4,4,2,3,19.5±2,,,,,,,,,,,,,,,1201,category,Socializing and communicating,0.3584,102.7,Socializing,4.59,0.57,,"act,dn,dur,info,lt,nov,opt,setup,soc,tail,unc",heuristic;observational,low,judgement;atus2014_2016;kahneman2004
help-a-neighbour,Help a neighbour,canonical,relationships,"connection,relationships,belonging",15,30,90,5,1,2,1,1,1,0,0,3,3,2,0,0,3,2,3,2,2,1,3,2,0,2,1,2,3,19.5±2,,,,,,,,,,,,,,,1201,category,Socializing and communicating,0.3584,102.7,Socializing,4.59,0.57,,"dur,joy,lt,phys,setup,soc",heuristic;observational,low,judgement;atus2014_2016;kahneman2004
volunteer,Volunteer,canonical,relationships,"connection,relationships,belonging",90,180,240,30,1,3,0,1,1,0,0,3,3,2,0,0,3,2,3,2,2,1,3,2,0,2,2,2,2,19.5±2,,,,,,,,,,,,,,,15,action,Volunteer activities,0.0608,130.3,Socializing,4.59,0.57,,"act,atus,dur,ev,joy,lt,nov,setup,soc,tail",heuristic;observational,low,judgement;atus2014_2016;kahneman2004
write-a-letter,Write a letter,canonical,relationships,"connection,relationships,belonging",15,30,45,0,1,2,0,1,1,0,0,3,2,2,0,0,3,2,3,2,2,1,3,2,0,2,1,2,3,19.5±2,,,,,,,,,,,,,,,1201,category,Socializing and communicating,0.3584,102.7,Socializing,4.59,0.57,,"act,dur,joy,setup,soc",heuristic;observational,low,judgement;atus2014_2016;kahneman2004
attend-a-birthday-party,Attend a birthday party,canonical,relationships,"connection,relationships,belonging",120,180,240,30,2,3,0,1,1,0,0,4,3,2,0,0,3,2,1,4,2,1,4,2,0,2,1,2,3,19.5±2,,,,,,,,,,,,,,,1202,action,Attending or hosting social events,0.0223,179.2,Socializing,4.59,0.57,,"act,atus,decay,dur,joy,money,reg,rev,setup,soc",heuristic;observational,low,judgement;atus2014_2016;kahneman2004
resolve-a-conflict,Resolve a conflict,canonical,relationships,"connection,relationships,belonging",15,30,60,0,1,4,0,1,1,0,0,4,0,0,0,0,4,4,2,2,2,1,4,2,2,2,1,2,3,19.5±2,,,,,,,,,,,,,,,1201,category,Socializing and communicating,0.3584,102.7,Socializing,4.59,0.57,,"act,dn,dur,joy,lt,rec,reg,rev,setup,soc,tail,unc",heuristic;observational,low,judgement;atus2014_2016;kahneman2004
check-in-on-a-friend,Check in on a friend,canonical,relationships,"connection,relationships,belonging",5,10,20,0,1,1,0,1,1,0,0,4,3,2,0,0,3,2,3,2,2,1,3,2,0,2,1,2,2,19.5±2,,,,,,,,,,,,,,,1201,category,Socializing and communicating,0.3584,102.7,Socializing,4.59,0.57,liu2023:direct,"act,dur,ev,reg,setup,soc",heuristic;observational;experiments,"medium (social reception, direct experiment); low elsewhere",judgement;atus2014_2016;kahneman2004;liu2023
reply-to-email,Reply to email,canonical,communication,"communication,coordination,admin",5,20,45,0,0,1,0,2,0,3,0,1,0,0,1,0,1,1,3,3,1,1,1,2,0,1,0,4,1,9.5±1.5;16±2,,,,,,,,,,,,,,,020904,category,Household and personal e-mail and messages,0.0565,32.9,Computer/e-mail/Internet,3.81,0.8,,"car,dur,soc",heuristic;observational,low,judgement;atus2014_2016;kahneman2004
send-a-text-message,Send a text message,canonical,communication,"communication,coordination,admin",2,5,10,0,0,0,0,2,0,0,0,3,1,0,1,0,1,1,3,2,1,1,1,2,0,1,0,4,1,9.5±1.5;16±2,,,,,,,,,,,,,,,020904,category,Household and personal e-mail and messages,0.0565,32.9,Computer/e-mail/Internet,3.81,0.8,,"act,car,decay,dur,joy,soc",heuristic;observational,low,judgement;atus2014_2016;kahneman2004
reply-to-messages,Reply to messages,canonical,communication,"communication,coordination,admin",5,15,30,0,0,1,0,2,0,1,0,2,0,0,1,0,1,1,3,3,1,1,1,2,0,1,0,4,1,9.5±1.5;16±2,,,,,,,,,,,,,,,020904,category,Household and personal e-mail and messages,0.0565,32.9,Computer/e-mail/Internet,3.81,0.8,,"act,car,dur,soc",heuristic;observational,low,judgement;atus2014_2016;kahneman2004
check-slack,Check Slack,canonical,communication,"communication,coordination,admin",5,15,30,0,0,0,0,2,0,2,0,1,0,0,1,0,1,1,3,3,1,1,0,3,0,1,0,3,1,10±2;14±2,,,,,,,,,,,,,,,020904,category,Household and personal e-mail and messages,0.0565,32.9,Computer/e-mail/Internet,3.81,0.8,,"act,car,dur,freq,intr,reg,typ",heuristic;observational,low,judgement;atus2014_2016;kahneman2004
make-a-phone-call,Make a phone call,canonical,communication,"communication,coordination,admin",5,10,30,0,0,3,0,2,0,2,0,2,0,0,2,0,1,1,3,3,1,2,1,2,0,1,0,4,1,9.5±1.5;16±2,,,,,,,,,,,,,,,1601,action,Telephone calls,0.1063,43.7,On the phone,3.92,0.85,,"act,atus,car,drm,dur,hom,info,soc",heuristic;observational,low,judgement;atus2014_2016;kahneman2004
schedule-an-appointment,Schedule an appointment,canonical,communication,"communication,coordination,admin",5,10,20,0,0,2,0,2,0,2,0,1,0,0,3,0,1,1,3,3,2,1,1,2,0,1,0,4,1,9.5±1.5;16±2,,,,,,,,,,,,,,,020904,category,Household and personal e-mail and messages,0.0565,32.9,Computer/e-mail/Internet,3.81,0.8,,"act,decay,dur,hom,opt",heuristic;observational,low,judgement;atus2014_2016;kahneman2004
batch-your-messages,Batch your messages,canonical,communication,"communication,coordination,admin",15,30,45,0,0,2,0,2,0,2,0,1,0,0,1,0,1,1,3,3,1,1,1,2,0,1,0,4,1,9.5±1.5;16±2,,,,,,,,,,,,,,,020904,category,Household and personal e-mail and messages,0.0565,32.9,Computer/e-mail/Internet,3.81,0.8,mark2008:related,"act,car,dur,ev,hom",heuristic;observational;experiments,low,judgement;atus2014_2016;kahneman2004;mark2008
turn-off-notifications,Turn off notifications,canonical,communication,"focus,rest",1,1,2,0,0,0,0,2,1,2,0,1,0,0,1,0,2,1,3,3,2,1,1,2,0,1,0,4,1,9.5±1.5;16±2,,,,,,,,,,,,,,,020904,category,Household and personal e-mail and messages,0.0565,32.9,Computer/e-mail/Internet,3.81,0.8,mark2008:related,"act,car,dur,hea,lt,opt",heuristic;observational;experiments,low,judgement;atus2014_2016;kahneman2004;mark2008
write-a-difficult-email,Write a difficult email,canonical,communication,"communication,coordination,admin",15,30,60,0,0,4,0,3,0,3,0,1,0,0,1,0,1,3,3,3,1,1,3,2,2,1,0,4,1,9.5±1.5;16±2,,,,,,,,,,,,,,,020904,category,Household and personal e-mail and messages,0.0565,32.9,Computer/e-mail/Internet,3.81,0.8,,"act,car,cog,dn,dur,reg,unc",heuristic;observational,low,judgement;atus2014_2016;kahneman2004
post-an-update-online,Post an update online,canonical,communication,"communication,coordination,admin",5,15,30,0,0,1,0,2,0,1,0,2,1,0,1,0,1,2,2,3,1,1,1,2,2,2,0,4,1,9.5±1.5;16±2,,,,,,reputational harm,low,2,3,yes,"tone, permanence",,,,020904,category,Household and personal e-mail and messages,0.0565,32.9,Computer/e-mail/Internet,3.81,0.8,,"car,dn,dur,joy,rev,soc,tail,unc",heuristic;observational,low,judgement;atus2014_2016;kahneman2004
set-a-reminder,Set a reminder,canonical,communication,"communication,coordination,admin",1,2,3,0,0,0,0,2,0,2,0,1,0,0,2,0,1,1,3,3,2,1,0,2,0,1,0,4,1,9.5±1.5;16±2,,,,,,,,,,,,,,,020904,category,Household and personal e-mail and messages,0.0565,32.9,Computer/e-mail/Internet,3.81,0.8,,"act,dur,hom,opt,reg",heuristic;observational,low,judgement;atus2014_2016;kahneman2004
watch-a-film,Watch a film,canonical,leisure,"enjoyment,relaxation,leisure",90,120,150,0,0,1,0,1,0,0,1,1,4,3,0,0,1,1,4,0,1,1,0,1,0,0,1,3,1,21±1.5,,,,,,,,,,,,,,,120303,action,Television and movies (not religious),0.7961,209.0,Watching TV,4.19,0.58,,"atus,drm,dur,joy,rec,soc,typ",heuristic;observational,low,judgement;atus2014_2016;kahneman2004
watch-tv,Watch TV,canonical,leisure,"enjoyment,relaxation,leisure",30,60,180,0,0,1,0,1,0,0,1,0,3,3,0,0,0,1,4,0,1,1,0,1,0,0,1,3,1,21±1.5,,,,,,,,,,,,,,,120303,action,Television and movies (not religious),0.7961,209.0,Watching TV,4.19,0.58,,"atus,drm,dur,joy,lt,rec,typ",heuristic;observational,low,judgement;atus2014_2016;kahneman2004
play-video-games,Play video games,canonical,leisure,"enjoyment,relaxation,leisure",30,90,180,0,0,1,0,2,0,0,1,0,4,2,0,0,0,1,4,0,1,1,0,1,1,0,1,3,1,21±2,,,,,,,,,,,,,,,120307,action,Playing games,0.1092,127.5,,,,,"atus,cog,dn,dur,joy,lt,rec",heuristic;observational,low,judgement;atus2014_2016
play-a-board-game,Play a board game,canonical,leisure,"enjoyment,relaxation,leisure",30,60,120,0,0,1,0,2,0,0,1,3,4,3,0,0,1,1,4,0,1,1,0,1,0,0,1,3,1,21±2,,,,,,,,,,,,,,,120307,action,Playing games,0.1092,127.5,,,,,"atus,cog,dur,joy,lrn,soc",heuristic;observational,low,judgement;atus2014_2016
read-a-novel,Read a novel,canonical,leisure,"enjoyment,relaxation,leisure",20,45,120,0,0,1,0,2,0,0,1,0,4,3,0,0,1,1,4,0,1,1,0,1,0,0,1,3,1,22±1.5,,,,,,,,,,,,,,,120312,action,Reading for personal interest,0.2062,90.3,,,,,"atus,cog,dur,ev,joy,lrn,rec,typ",heuristic;observational,low,judgement;atus2014_2016
listen-to-music,Listen to music,canonical,leisure,"enjoyment,relaxation,leisure",10,30,60,0,0,0,0,0,0,0,1,0,4,3,0,0,1,1,4,0,1,1,0,1,0,0,1,3,1,21±2,,,,,,,,,,,,,,,120306,action,Listening to or playing music (not radio),0.0248,82.5,,,,,"act,atus,cog,dur,joy,rec",heuristic;observational,low,judgement;atus2014_2016
put-on-music,Put on music,canonical,leisure,"enjoyment,relaxation,leisure",1,1,2,0,0,0,0,1,0,0,1,0,2,1,0,0,1,1,4,0,1,1,0,1,0,0,1,3,1,21±2,,,,,,,,,,,,,,,1203,category,Relaxing and leisure,0.9101,257.7,,,,,"act,dur,joy,rec",heuristic;observational,low,judgement;atus2014_2016
go-to-a-museum,Go to a museum,canonical,leisure,"enjoyment,relaxation,leisure",90,120,180,30,2,3,0,1,0,0,3,0,3,3,0,0,1,1,4,0,1,1,0,1,0,0,3,3,1,14±2,,,,,10-19,,,,,,,,,,120402,action,Attending museums,0.0022,149.4,,,,,"act,atus,dur,joy,lrn,money,nov,open,setup,typ",heuristic;observational,low,judgement;singapore;atus2014_2016
go-to-a-concert,Go to a concert,canonical,leisure,"enjoyment,relaxation,leisure",120,180,240,30,3,3,0,1,0,0,1,2,4,3,0,0,1,1,1,4,1,1,0,1,0,0,3,3,1,20.5±1,,,,,19-23.5,,,,,,,,,,120401,action,Attending performing arts,0.0051,160.5,,,,,"act,atus,decay,dur,joy,money,nov,open,rev,setup,soc,typ",heuristic;observational,low,judgement;singapore;atus2014_2016
do-a-puzzle,Do a puzzle,canonical,leisure,"enjoyment,relaxation,leisure",15,30,60,0,0,1,0,2,0,0,1,0,3,2,0,0,1,1,4,0,1,1,0,1,0,0,1,3,1,21±2,,,,,,,,,,,,,,,120307,action,Playing games,0.1092,127.5,,,,,"atus,cog,dur,joy,lrn,rec",heuristic;observational,low,judgement;atus2014_2016
garden,Garden,canonical,leisure,"enjoyment,relaxation,leisure",15,30,90,0,0,1,2,1,2,0,1,0,3,3,2,0,1,1,4,0,1,1,0,1,0,0,1,3,1,21±2,,,1,,,,,,,,,,,,020501,action,"Lawn, garden and houseplant care",0.0957,117.9,,,,,"atus,dur,hea,hom,joy,out,phys,rec",heuristic;observational,low,judgement;singapore;atus2014_2016
go-to-the-beach,Go to the beach,canonical,leisure,"enjoyment,relaxation,leisure",90,150,240,30,0,1,1,1,0,0,1,2,4,4,0,0,1,1,4,0,1,1,0,1,0,0,2,3,1,16±2,,,1,1,,,,,,,,,,,1203,category,Relaxing and leisure,0.9101,257.7,,,,,"day,dur,joy,nov,out,phys,rec,setup,soc,typ",heuristic;observational,low,judgement;singapore;atus2014_2016
go-to-the-park,Go to the park,canonical,leisure,"enjoyment,relaxation,leisure",30,60,120,15,0,1,1,1,2,0,1,0,3,4,0,0,1,1,4,0,1,1,0,1,0,0,1,3,2,17±2,,,1,,,,,,,,,,,,1203,category,Relaxing and leisure,0.9101,257.7,,,,,"dur,ev,hea,joy,out,phys,rec,setup,typ",heuristic;observational,low,judgement;singapore;atus2014_2016
people-watch-at-a-cafe,People-watch at a café,canonical,leisure,"enjoyment,relaxation,leisure",30,60,90,15,1,1,0,1,0,0,1,0,3,3,0,0,1,1,4,0,1,1,0,1,0,0,2,3,1,21±2,,,,,8-22,,,,,,,,,,1203,category,Relaxing and leisure,0.9101,257.7,,,,,"dur,joy,money,nov,open,rec,setup",heuristic;observational,low,judgement;singapore;atus2014_2016
go-shopping-for-fun,Go shopping for fun,canonical,leisure,"enjoyment,relaxation,leisure",60,90,150,20,3,1,0,1,0,0,1,1,2,3,0,0,1,1,4,0,1,1,0,1,1,0,2,3,1,21±2,,,,,10-22,,,,,,,,,,1203,category,Relaxing and leisure,0.9101,257.7,,,,,"dn,dur,fin,joy,money,nov,open,setup,soc",heuristic;observational,low,judgement;singapore;atus2014_2016
do-something-useful,Do something useful,canonical,leisure,"progress,order",15,30,60,0,0,2,0,1,0,2,1,0,1,0,2,0,2,1,4,0,1,1,0,1,0,0,1,3,1,21±2,,,,,,,,,,,,,,,1203,category,Relaxing and leisure,0.9101,257.7,,,,,"act,car,dur,hom,joy,lt,rec",heuristic;observational,low,judgement;atus2014_2016
consume-instead-of-create,Consume instead of create,canonical,leisure,"enjoyment,relaxation,leisure",20,40,90,0,0,0,0,1,0,0,1,0,2,2,0,0,0,1,4,0,1,1,0,1,0,0,1,3,1,21±2,,,,,,,,,,,,,,,1203,category,Relaxing and leisure,0.9101,257.7,,,,,"act,dur,joy,lrn,lt,rec",heuristic;observational,low,judgement;atus2014_2016
go-to-a-bookshop,Go to a bookshop,canonical,leisure,"enjoyment,relaxation,leisure",30,60,90,20,1,1,0,1,0,0,2,0,3,3,0,0,1,1,4,0,1,1,0,1,0,0,2,3,1,21±2,,,,,10-21.5,,,,,,,,,,1203,category,Relaxing and leisure,0.9101,257.7,,,,,"dur,joy,lrn,money,nov,open,setup",heuristic;observational,low,judgement;singapore;atus2014_2016
watch-sport,Watch sport,canonical,leisure,"enjoyment,relaxation,leisure",90,120,150,0,0,1,0,1,0,0,1,2,4,2,0,0,1,1,4,3,1,1,0,1,0,0,1,3,1,20±2,,,,,,,,,,,,,,,120303,action,Television and movies (not religious),0.7961,209.0,Watching TV,4.19,0.58,,"atus,decay,drm,dur,joy,rec,soc,typ",heuristic;observational,low,judgement;atus2014_2016;kahneman2004
karaoke,Karaoke,canonical,leisure,"enjoyment,relaxation,leisure",60,120,180,20,2,1,0,1,0,0,1,4,4,3,0,0,1,1,4,0,1,1,0,1,0,0,2,3,1,21±1.5,,,,,12-26,,,,,,,,,,1203,category,Relaxing and leisure,0.9101,257.7,,,,,"dur,joy,money,nov,open,setup,soc,typ",heuristic;observational,low,judgement;singapore;atus2014_2016
watch-youtube,Watch YouTube,canonical,digital,"entertainment,distraction,news",10,30,120,0,0,0,0,1,0,0,1,1,3,1,0,0,0,1,4,0,0,1,0,1,1,0,1,4,1,21.5±2.5,,,,,,,,,,,,,,,120308,action,Computer use for leisure (excluding games),0.125,93.5,Computer/e-mail/Internet,3.81,0.8,,"atus,dn,dur,joy,lrn,rec,reg",heuristic;observational,low,judgement;atus2014_2016;kahneman2004
scroll-social-media,Scroll social media,canonical,digital,"entertainment,distraction,news",5,20,60,0,0,0,0,1,0,0,1,1,2,0,0,0,0,1,4,0,0,1,0,1,1,0,1,4,1,21.5±2.5,,,,,,,,,,,,,,,120308,action,Computer use for leisure (excluding games),0.125,93.5,Computer/e-mail/Internet,3.81,0.8,,"atus,dn,dur,ev,hea,joy,lt,rec,reg,soc",heuristic;observational,low,judgement;atus2014_2016;kahneman2004
read-the-news,Read the news,canonical,digital,"entertainment,distraction,news",10,20,45,0,0,0,0,1,0,0,2,1,1,0,0,0,0,1,4,0,0,2,0,1,1,0,1,4,1,8±1.5;20±2,,,,,,,,,,,,,,,120312,action,Reading for personal interest,0.2062,90.3,Computer/e-mail/Internet,3.81,0.8,,"atus,dur,info,joy,lrn,rec,typ",heuristic;observational,low,judgement;atus2014_2016;kahneman2004
check-your-phone,Check your phone,canonical,digital,"entertainment,distraction,news",2,5,15,0,0,0,0,1,0,0,1,1,1,0,0,0,0,1,4,0,0,1,0,2,1,0,1,4,1,21.5±2.5,,,,,,,,,,,,,,,120308,category,Computer use for leisure (excluding games),0.125,93.5,Computer/e-mail/Internet,3.81,0.8,,"dur,intr,joy,lt,rec",heuristic;observational,low,judgement;atus2014_2016;kahneman2004
browse-the-internet,Browse the internet,canonical,digital,"entertainment,distraction,news",10,30,90,0,0,0,0,1,0,0,1,1,2,1,0,0,0,1,4,0,0,1,0,1,1,0,1,4,1,21.5±2.5,,,,,,,,,,,,,,,120308,action,Computer use for leisure (excluding games),0.125,93.5,Computer/e-mail/Internet,3.81,0.8,,"atus,dur,joy,lrn,nov",heuristic;observational,low,judgement;atus2014_2016;kahneman2004
play-a-mobile-game,Play a mobile game,canonical,digital,"entertainment,distraction,news",5,15,45,0,0,0,0,1,0,0,1,1,2,1,0,0,0,1,4,0,0,1,0,1,1,0,1,4,1,21.5±2.5,,,,,,,,,,,,,,,120308,category,Computer use for leisure (excluding games),0.125,93.5,Computer/e-mail/Internet,3.81,0.8,,"dn,dur,joy,lt,rec",heuristic;observational,low,judgement;atus2014_2016;kahneman2004
set-a-timer,Set a timer,canonical,digital,"focus,discipline",1,1,1,0,0,0,0,1,0,1,1,1,2,1,0,0,1,1,4,0,1,1,0,1,1,0,1,4,1,21.5±2.5,,,,,,,,,,,,,,,120308,category,Computer use for leisure (excluding games),0.125,93.5,Computer/e-mail/Internet,3.81,0.8,,"act,car,dur,lt,opt",heuristic;observational,low,judgement;atus2014_2016;kahneman2004
clear-your-downloads,Clear your downloads,canonical,digital,"entertainment,distraction,news",10,15,30,0,0,1,0,1,0,0,1,1,1,1,2,0,0,1,4,0,0,1,0,1,1,0,1,4,1,21.5±2.5,,,,,,,,,,,,,,,120308,category,Computer use for leisure (excluding games),0.125,93.5,Computer/e-mail/Internet,3.81,0.8,,"act,dur,hom,joy",heuristic;observational,low,judgement;atus2014_2016;kahneman2004
back-up-your-files,Back up your files,canonical,digital,"security,admin",10,20,60,0,0,2,0,1,0,0,1,1,2,1,2,2,4,1,4,1,3,1,3,1,0,0,1,4,1,21.5±2.5,,,,,,,,,,,,,,,120308,category,Computer use for leisure (excluding games),0.125,93.5,Computer/e-mail/Internet,3.81,0.8,,"act,decay,dn,dur,fin,hom,lt,opt,reg",heuristic;observational,low,judgement;atus2014_2016;kahneman2004
update-your-software,Update your software,canonical,digital,"entertainment,distraction,news",10,20,45,0,0,1,0,1,0,0,1,1,2,1,2,0,2,1,4,0,0,1,0,1,0,0,1,4,1,21.5±2.5,,,,,,,,,,,,,,,120308,category,Computer use for leisure (excluding games),0.125,93.5,Computer/e-mail/Internet,3.81,0.8,,"act,dn,dur,hom,lt",heuristic;observational,low,judgement;atus2014_2016;kahneman2004
clean-your-room,Clean your room,canonical,household,"home,order,chores",15,30,60,0,0,2,2,0,1,0,0,0,1,1,4,0,2,0,4,1,1,0,1,1,0,0,0,3,1,10.5±2.5;19.5±1.5,,,,,,,,,,,,,,,020101,action,Interior cleaning,0.2321,87.5,Housework,3.73,0.77,,"atus,dur,hom,joy,rec",heuristic;observational,low,judgement;atus2014_2016;kahneman2004
do-the-laundry,Do the laundry,canonical,household,"home,order,chores",10,20,30,0,0,2,2,0,1,0,0,0,0,0,4,0,2,0,4,2,1,0,1,1,0,0,0,3,1,10.5±2.5;19.5±1.5,,,,,,,,,,,,,,,020102,action,Laundry,0.1656,64.4,Housework,3.73,0.77,,"atus,decay,dur,hom",heuristic;observational,low,judgement;atus2014_2016;kahneman2004
fold-the-laundry,Fold the laundry,canonical,household,"home,order,chores",10,15,30,0,0,2,1,0,1,0,0,0,0,0,3,0,2,0,4,1,1,0,1,1,0,0,0,3,1,10.5±2.5;19.5±1.5,,,,,,,,,,,,,,,020102,action,Laundry,0.1656,64.4,Housework,3.73,0.77,,"atus,dur,hom,phys",heuristic;observational,low,judgement;atus2014_2016;kahneman2004
do-the-dishes,Do the dishes,canonical,household,"home,order,chores",10,15,30,0,0,2,2,0,1,0,0,0,0,0,4,0,2,0,4,2,1,0,1,1,0,0,0,3,1,10.5±2.5;19.5±1.5,,,,,,,,,,,,,,,020203,action,Kitchen and food clean-up,0.2264,34.1,Housework,3.73,0.77,,"atus,decay,dur,hom",heuristic;observational,low,judgement;atus2014_2016;kahneman2004
vacuum,Vacuum,canonical,household,"home,order,chores",15,20,45,0,0,2,2,0,1,0,0,0,0,0,4,0,2,0,4,1,1,0,1,1,0,0,0,3,1,10.5±2.5;19.5±1.5,,,,,,,,,,,,,,,020101,action,Interior cleaning,0.2321,87.5,Housework,3.73,0.77,,"atus,dur,hom,phys",heuristic;observational,low,judgement;atus2014_2016;kahneman2004
mop-the-floor,Mop the floor,canonical,household,"home,order,chores",15,30,45,0,0,2,2,0,1,0,0,0,0,0,4,0,2,0,4,1,1,0,1,1,0,0,0,3,1,10.5±2.5;19.5±1.5,,,,,,,,,,,,,,,020101,action,Interior cleaning,0.2321,87.5,Housework,3.73,0.77,,"atus,dur,hom,phys",heuristic;observational,low,judgement;atus2014_2016;kahneman2004
clean-the-bathroom,Clean the bathroom,canonical,household,"home,order,chores",20,30,60,0,0,3,2,0,1,0,0,0,0,0,4,0,2,0,4,1,1,0,1,1,0,0,0,3,1,10.5±2.5;19.5±1.5,,,,,,,,,,,,,,,020101,action,Interior cleaning,0.2321,87.5,Housework,3.73,0.77,,"act,atus,dur,hom,joy",heuristic;observational,low,judgement;atus2014_2016;kahneman2004
clean-the-kitchen,Clean the kitchen,canonical,household,"home,order,chores",15,30,60,0,0,2,2,0,1,0,0,0,0,0,4,0,2,0,4,1,1,0,1,1,0,0,0,3,1,10.5±2.5;19.5±1.5,,,,,,,,,,,,,,,020203,action,Kitchen and food clean-up,0.2264,34.1,Housework,3.73,0.77,,"atus,dur,hom",heuristic;observational,low,judgement;atus2014_2016;kahneman2004
take-out-the-rubbish,Take out the rubbish,canonical,household,"home,order,chores",2,5,10,0,0,1,2,0,1,0,0,0,0,0,3,0,2,0,4,3,1,0,1,1,0,0,0,3,1,10.5±2.5;19.5±1.5,,,,,,,,,,,,,,,0201,category,Housework,0.3565,95.4,Housework,3.73,0.77,,"act,decay,dur,hom",heuristic;observational,low,judgement;atus2014_2016;kahneman2004
change-the-bed-sheets,Change the bed sheets,canonical,household,"home,order,chores",10,15,20,0,0,2,2,0,1,0,0,0,1,0,3,0,2,0,4,1,1,0,1,1,0,0,0,3,1,10.5±2.5;19.5±1.5,,,,,,,,,,,,,,,0201,category,Housework,0.3565,95.4,Housework,3.73,0.77,,"dur,hea,hom,joy",heuristic;observational,low,judgement;atus2014_2016;kahneman2004
declutter,Declutter,canonical,household,"home,order,chores",30,60,180,0,0,2,2,0,1,0,0,0,1,1,4,0,3,0,4,1,2,0,1,1,0,0,0,3,1,10.5±2.5;19.5±1.5,,,,,,,,,,,,,,,020101,action,Interior cleaning,0.2321,87.5,Housework,3.73,0.77,,"atus,dur,hom,joy,lt,opt,rec",heuristic;observational,low,judgement;atus2014_2016;kahneman2004
fix-something-broken,Fix something broken,canonical,household,"home,order,chores",15,45,120,0,0,3,2,2,1,0,2,0,0,0,4,2,2,2,4,1,1,0,1,1,0,0,0,3,1,10.5±2.5;19.5±1.5,,,,,,,,,,,,,,,0203,action,"Interior maintenance, repair and decoration",0.0286,129.7,Housework,3.73,0.77,,"act,atus,cog,dur,fin,hom,lrn,unc",heuristic;observational,low,judgement;atus2014_2016;kahneman2004
water-the-plants,Water the plants,canonical,household,"home,order,chores",2,5,10,0,0,0,2,0,1,0,0,0,1,0,2,0,2,0,4,1,1,0,1,1,0,0,0,3,1,10.5±2.5;19.5±1.5,,,,,,,,,,,,,,,020501,action,"Lawn, garden and houseplant care",0.0957,117.9,Housework,3.73,0.77,,"act,atus,dur,hom,joy",heuristic;observational,low,judgement;atus2014_2016;kahneman2004
leave-it-for-now,Leave it for now,canonical,household,waiting,1,1,1,0,0,0,0,0,1,0,0,0,0,1,0,0,2,0,4,0,2,0,1,1,0,0,0,3,1,10.5±2.5;19.5±1.5,,,,,,,,,,,,,,,0201,category,Housework,0.3565,95.4,Housework,3.73,0.77,,"act,decay,dur,hom,opt,phys,rec,reg",heuristic;observational,low,judgement;atus2014_2016;kahneman2004
iron-clothes,Iron clothes,canonical,household,"home,order,chores",10,20,40,0,0,2,2,0,1,0,0,0,0,0,3,0,2,0,4,1,1,0,1,1,0,0,0,3,1,10.5±2.5;19.5±1.5,,,,,,,,,,,,,,,020102,action,Laundry,0.1656,64.4,Housework,3.73,0.77,,"atus,dur,hom",heuristic;observational,low,judgement;atus2014_2016;kahneman2004
organise-a-cupboard,Organise a cupboard,canonical,household,"home,order,chores",20,45,90,0,0,2,2,0,1,0,0,0,0,0,4,0,2,0,4,1,1,0,1,1,0,0,0,3,1,10.5±2.5;19.5±1.5,,,,,,,,,,,,,,,020104,action,"Storing interior household items, including food",0.0629,20.0,Housework,3.73,0.77,,"atus,dur,hom,opt",heuristic;observational,low,judgement;atus2014_2016;kahneman2004
clean-the-fridge,Clean the fridge,canonical,household,"home,order,chores",15,20,40,0,0,2,2,0,1,0,0,0,0,0,3,0,2,0,4,1,1,0,1,1,0,0,0,3,1,10.5±2.5;19.5±1.5,,,,,,,,,,,,,,,0201,category,Housework,0.3565,95.4,Housework,3.73,0.77,,"dur,hea,hom",heuristic;observational,low,judgement;atus2014_2016;kahneman2004
deep-clean-the-house,Deep clean the house,canonical,household,"home,order,chores",120,180,300,0,0,4,3,0,1,0,0,0,0,0,4,0,2,0,4,1,1,0,1,1,0,0,0,3,1,10.5±2.5;19.5±1.5,,,,,,,,,,,,,,,0201,category,Housework,0.3565,95.4,Housework,3.73,0.77,,"act,dur,hom,lt,phys",heuristic;observational,low,judgement;atus2014_2016;kahneman2004
make-your-bed,Make your bed,canonical,household,"home,order,chores",2,3,5,0,0,1,2,0,1,0,0,0,1,0,2,0,2,0,4,1,1,0,1,1,0,0,0,3,0,10.5±2.5;19.5±1.5,,,,,,,,,,,,,,,0201,category,Housework,0.3565,95.4,Housework,3.73,0.77,,"act,dur,ev,hom,joy",heuristic;observational,low,judgement;atus2014_2016;kahneman2004
feed-the-pet,Feed the pet,canonical,household,"home,order,chores",2,5,10,0,0,2,2,0,1,0,0,1,0,0,2,0,2,0,4,4,1,0,4,1,0,0,0,3,1,10.5±2.5;19.5±1.5,,,,,,,,,,,,,,,0206,action,Animals and pets,0.1677,40.4,Housework,3.73,0.77,,"atus,decay,dur,hom,reg,soc",heuristic;observational,low,judgement;atus2014_2016;kahneman2004
go-grocery-shopping,Go grocery shopping,canonical,errands,"errands,chores,admin",20,40,75,15,2,2,1,1,2,0,0,0,0,0,4,1,2,1,3,2,1,0,2,1,0,0,0,2,1,11±2.5;17.5±1.5,,,,,7-23,,,,,,,,,,070101,action,Grocery shopping,0.1381,45.7,Shopping,3.95,0.74,,"atus,dur,fin,hea,hom,money,open",heuristic;observational,low,judgement;singapore;atus2014_2016;kahneman2004
go-to-the-post-office,Go to the post office,canonical,errands,"errands,chores,admin",15,30,45,15,1,2,1,1,0,0,0,0,0,0,2,1,2,1,3,2,1,0,2,1,0,0,0,2,1,11±2.5;17.5±1.5,,,,,9-18,,,,,,,,,,0701,category,"Shopping (store, telephone, internet)",0.3981,54.1,Shopping,3.95,0.74,,"decay,dur,hom,open",heuristic;observational,low,judgement;singapore;atus2014_2016;kahneman2004
go-to-the-bank,Go to the bank,canonical,errands,"errands,chores,admin",15,30,60,15,1,2,1,1,0,0,0,0,0,0,2,2,2,1,3,2,1,0,2,1,0,0,0,2,1,11±2.5;17.5±1.5,,,,,9.5-16.5,,,,,,,,,,0802,action,Financial services and banking,0.0238,16.3,Shopping,3.95,0.74,,"atus,dur,fin,hom,open",heuristic;observational,low,judgement;singapore;atus2014_2016;kahneman2004
pick-up-a-parcel,Pick up a parcel,canonical,errands,"errands,chores,admin",10,15,30,15,1,2,1,1,0,0,0,0,0,0,3,1,2,1,3,3,1,0,2,1,0,0,0,2,1,11±2.5;17.5±1.5,,,,,8-22,,,,,,,,,,0701,category,"Shopping (store, telephone, internet)",0.3981,54.1,Shopping,3.95,0.74,,"decay,dur,hom,open",heuristic;observational,low,judgement;singapore;atus2014_2016;kahneman2004
return-an-item,Return an item,canonical,errands,"errands,chores,admin",10,20,45,15,1,2,1,1,0,0,0,0,0,0,2,3,2,1,3,3,1,0,3,1,0,0,0,2,1,11±2.5;17.5±1.5,,,,,10-22,,,,,,,,,,0701,category,"Shopping (store, telephone, internet)",0.3981,54.1,Shopping,3.95,0.74,,"decay,dur,fin,hom,open,reg",heuristic;observational,low,judgement;singapore;atus2014_2016;kahneman2004
get-the-car-serviced,Get the car serviced,canonical,errands,"errands,chores,admin",60,120,240,15,3,2,1,1,0,0,0,0,0,0,2,1,3,1,3,1,1,0,2,1,0,0,0,2,1,11±2.5;17.5±1.5,,,,,8.5-17.5,,,,,,,,,,0207,action,Vehicles (maintenance and repair by self),0.0232,104.1,Shopping,3.95,0.74,,"atus,decay,dn,dur,hom,lt,money,open",heuristic;observational,low,judgement;singapore;atus2014_2016;kahneman2004
fill-up-petrol,Fill up petrol,canonical,errands,"errands,chores,admin",10,15,20,15,3,2,1,1,0,0,0,0,0,0,2,1,2,1,3,3,1,0,2,1,0,0,0,2,1,11±2.5;17.5±1.5,,,,,,,,,,,,,,,070102,action,Purchasing gas,0.0352,10.1,Shopping,3.95,0.74,,"atus,decay,dur,hom,money",heuristic;observational,low,judgement;atus2014_2016;kahneman2004
batch-your-errands,Batch your errands,canonical,errands,"errands,chores,admin",45,90,120,15,1,3,1,1,0,0,0,0,0,0,4,1,2,1,3,2,1,0,2,1,0,0,0,2,1,11±2.5;17.5±1.5,,,,,,,,,,,,,,,0701,category,"Shopping (store, telephone, internet)",0.3981,54.1,Shopping,3.95,0.74,,"act,dur,ev,fin,hom",heuristic;observational,low,judgement;atus2014_2016;kahneman2004
order-it-online,Order it online,canonical,errands,"errands,chores,admin",5,10,20,0,2,1,1,1,0,0,0,0,1,0,3,1,2,1,3,2,1,0,2,1,0,0,0,2,1,11±2.5;17.5±1.5,,,,,,,,,,,,,,,0701,category,"Shopping (store, telephone, internet)",0.3981,54.1,Shopping,3.95,0.74,,"act,dur,hom,joy,money,setup",heuristic;observational,low,judgement;atus2014_2016;kahneman2004
drop-off-dry-cleaning,Drop off dry cleaning,canonical,errands,"errands,chores,admin",10,20,30,15,1,2,1,1,0,0,0,0,0,0,2,1,2,1,3,2,1,0,2,1,0,0,0,2,1,11±2.5;17.5±1.5,,,,,9-20,,,,,,,,,,0701,category,"Shopping (store, telephone, internet)",0.3981,54.1,Shopping,3.95,0.74,,"dur,hom,open",heuristic;observational,low,judgement;singapore;atus2014_2016;kahneman2004
buy-a-gift,Buy a gift,canonical,errands,"errands,chores,admin",20,45,90,15,2,2,1,1,0,0,0,3,2,0,3,1,2,2,3,3,1,0,3,1,0,0,0,2,1,11±2.5;17.5±1.5,,,,,,,,,,,,,,,0701,category,"Shopping (store, telephone, internet)",0.3981,54.1,Shopping,3.95,0.74,,"decay,dur,joy,money,reg,soc,unc",heuristic;observational,low,judgement;atus2014_2016;kahneman2004
renew-your-passport,Renew your passport,canonical,errands,"errands,chores,admin",20,45,90,15,1,3,1,1,0,0,0,0,0,0,3,1,3,1,3,2,4,0,4,1,0,0,0,2,1,11±2.5;17.5±1.5,,,,,,,,,,,,,,,0701,category,"Shopping (store, telephone, internet)",0.3981,54.1,Shopping,3.95,0.74,,"act,decay,dur,hom,lt,opt,reg",heuristic;observational,low,judgement;atus2014_2016;kahneman2004
buy-this,Buy this,canonical,purchases,"shopping,purchase,possessions",5,10,20,0,2,1,0,2,0,0,0,0,3,0,1,0,1,2,2,1,1,2,1,1,1,0,2,2,1,20.5±2.5;12.5±1.5,,,,,,,,,,,,,,,0701,category,"Shopping (store, telephone, internet)",0.3981,54.1,Shopping,3.95,0.74,,"dur,joy,money,reg,rev,unc",heuristic;observational,low,judgement;atus2014_2016;kahneman2004
buy-headphones,Buy headphones,canonical,purchases,"shopping,purchase,possessions",15,30,60,0,3,1,0,2,0,0,0,0,3,0,1,0,2,2,3,1,1,2,1,1,1,0,2,2,1,20.5±2.5;12.5±1.5,,,,,,,,,,,,,,,0701,category,"Shopping (store, telephone, internet)",0.3981,54.1,Shopping,3.95,0.74,,"dur,joy,lt,money,rev",heuristic;observational,low,judgement;atus2014_2016;kahneman2004
buy-a-laptop,Buy a laptop,canonical,purchases,"shopping,purchase,possessions",60,120,240,0,4,1,0,2,0,2,0,0,3,0,1,0,3,2,2,1,1,3,1,1,1,0,2,2,1,20.5±2.5;12.5±1.5,,,,,,,,,,,,,,,0701,category,"Shopping (store, telephone, internet)",0.3981,54.1,Shopping,3.95,0.74,,"car,dur,info,joy,lt,money,rev,unc",heuristic;observational,low,judgement;atus2014_2016;kahneman2004
buy-a-new-phone,Buy a new phone,canonical,purchases,"shopping,purchase,possessions",30,60,120,0,4,1,0,2,0,0,0,0,3,0,1,0,1,2,2,1,1,2,1,1,1,0,2,2,1,20.5±2.5;12.5±1.5,,,,,,,,,,,,,,,0701,category,"Shopping (store, telephone, internet)",0.3981,54.1,Shopping,3.95,0.74,,"dur,joy,lt,money,rev",heuristic;observational,low,judgement;atus2014_2016;kahneman2004
buy-clothes,Buy clothes,canonical,purchases,"shopping,purchase,possessions",20,45,90,0,2,1,0,2,0,0,0,0,3,0,1,0,1,2,3,1,1,2,1,1,1,0,2,2,1,20.5±2.5;12.5±1.5,,,,,,,,,,,,,,,0701,category,"Shopping (store, telephone, internet)",0.3981,54.1,Shopping,3.95,0.74,,"dur,joy,money,rev",heuristic;observational,low,judgement;atus2014_2016;kahneman2004
buy-a-book,Buy a book,canonical,purchases,"shopping,purchase,possessions",5,10,20,0,1,1,0,2,0,0,3,0,3,0,1,0,2,2,3,1,1,2,0,1,1,0,2,2,1,20.5±2.5;12.5±1.5,,,,,,,,,,,,,,,0701,category,"Shopping (store, telephone, internet)",0.3981,54.1,Shopping,3.95,0.74,,"dur,joy,lrn,lt,money,reg,rev",heuristic;observational,low,judgement;atus2014_2016;kahneman2004
buy-a-gadget,Buy a gadget,canonical,purchases,"shopping,purchase,possessions",20,40,90,0,3,1,0,2,0,0,0,0,3,0,1,0,1,2,2,1,1,2,1,1,1,0,3,2,1,20.5±2.5;12.5±1.5,,,,,,,,,,,,,,,0701,category,"Shopping (store, telephone, internet)",0.3981,54.1,Shopping,3.95,0.74,,"dur,joy,lt,money,nov,rev",heuristic;observational,low,judgement;atus2014_2016;kahneman2004
buy-furniture,Buy furniture,canonical,purchases,"shopping,purchase,possessions",60,120,240,0,4,1,0,2,0,0,0,0,2,0,3,0,3,2,1,1,1,2,1,1,1,0,2,2,1,20.5±2.5;12.5±1.5,,,,,,,,,,,,,,,0701,category,"Shopping (store, telephone, internet)",0.3981,54.1,Shopping,3.95,0.74,,"dur,hom,joy,lt,money,rev",heuristic;observational,low,judgement;atus2014_2016;kahneman2004
buy-a-bike,Buy a bike,canonical,purchases,"shopping,purchase,possessions",60,120,240,0,4,1,0,2,3,0,0,0,3,0,1,0,3,2,2,1,2,2,1,1,1,0,2,2,1,20.5±2.5;12.5±1.5,,,,,,,,,,,,,,,0701,category,"Shopping (store, telephone, internet)",0.3981,54.1,Shopping,3.95,0.74,,"dur,hea,joy,lt,money,opt",heuristic;observational,low,judgement;atus2014_2016;kahneman2004
buy-running-shoes,Buy running shoes,canonical,purchases,"shopping,purchase,possessions",20,45,90,0,3,1,0,2,2,0,0,0,2,0,1,0,2,2,2,1,1,2,1,1,1,0,2,2,1,20.5±2.5;12.5±1.5,,,,,,,,,,,,,,,0701,category,"Shopping (store, telephone, internet)",0.3981,54.1,Shopping,3.95,0.74,,"dur,hea,joy,lt,money",heuristic;observational,low,judgement;atus2014_2016;kahneman2004
subscribe-to-a-service,Subscribe to a service,canonical,purchases,"shopping,purchase,possessions",5,10,15,0,2,1,0,2,0,0,0,0,2,0,1,0,1,2,3,1,1,2,0,1,2,0,2,2,1,20.5±2.5;12.5±1.5,,,,,,,,,,,,,,,0701,category,"Shopping (store, telephone, internet)",0.3981,54.1,Shopping,3.95,0.74,,"dn,dur,joy,money,reg,rev",heuristic;observational,low,judgement;atus2014_2016;kahneman2004
cancel-a-subscription,Cancel a subscription,canonical,purchases,"saving-money,admin",5,10,20,0,0,2,0,2,0,0,0,0,0,0,2,3,2,2,3,1,1,2,1,1,1,0,2,2,1,20.5±2.5;12.5±1.5,,,,,,,,,,,,,,,0701,category,"Shopping (store, telephone, internet)",0.3981,54.1,Shopping,3.95,0.74,,"act,dur,fin,hom,joy,lt,money,reg,rev",heuristic;observational,low,judgement;atus2014_2016;kahneman2004
wait-24-hours-before-buying,Wait 24 hours before buying,canonical,purchases,"saving-money,deliberation",1,1,1,0,0,1,0,2,0,0,0,0,0,0,1,2,1,0,4,1,4,3,1,1,1,0,2,2,1,20.5±2.5;12.5±1.5,,,,,,,,,,,,,,,0701,category,"Shopping (store, telephone, internet)",0.3981,54.1,Shopping,3.95,0.74,gilbert2002:related,"act,dur,fin,info,joy,money,opt,reg,rev,unc",heuristic;observational;experiments,low,judgement;atus2014_2016;kahneman2004;gilbert2002
save-the-money,Save the money,canonical,purchases,"saving-money,security",1,1,1,0,0,1,0,2,0,0,0,0,0,0,1,4,3,2,4,1,4,2,1,1,1,0,2,2,1,20.5±2.5;12.5±1.5,,,,,,,,,,,,,,,0701,category,"Shopping (store, telephone, internet)",0.3981,54.1,Shopping,3.95,0.74,,"act,dur,fin,joy,lt,money,opt,reg,rev",heuristic;observational,low,judgement;atus2014_2016;kahneman2004
read-reviews,Read reviews,canonical,purchases,"shopping,purchase,possessions",10,20,45,0,0,1,0,2,0,0,0,0,1,0,1,0,1,0,4,1,1,4,1,1,1,0,2,2,1,20.5±2.5;12.5±1.5,,,,,,,,,,,,,,,0701,category,"Shopping (store, telephone, internet)",0.3981,54.1,Shopping,3.95,0.74,,"cog,dur,info,joy,money,rev,unc",heuristic;observational,low,judgement;atus2014_2016;kahneman2004
compare-prices,Compare prices,canonical,purchases,"shopping,purchase,possessions",10,20,45,0,0,1,0,2,0,0,0,0,0,0,1,2,1,2,4,1,1,3,1,1,1,0,2,2,1,20.5±2.5;12.5±1.5,,,,,,,,,,,,,,,0701,category,"Shopping (store, telephone, internet)",0.3981,54.1,Shopping,3.95,0.74,,"dur,fin,info,joy,money,rev",heuristic;observational,low,judgement;atus2014_2016;kahneman2004
buy-it-second-hand,Buy it second-hand,canonical,purchases,"shopping,purchase,possessions",20,45,90,0,1,1,0,2,0,0,0,0,2,0,1,3,1,3,2,1,1,2,1,1,1,0,2,2,1,20.5±2.5;12.5±1.5,,,,,,,,,,,,,,,0701,category,"Shopping (store, telephone, internet)",0.3981,54.1,Shopping,3.95,0.74,,"dur,fin,money,nov,rev,unc",heuristic;observational,low,judgement;atus2014_2016;kahneman2004
borrow-it-instead,Borrow it instead,canonical,purchases,"shopping,purchase,possessions",10,20,30,0,0,1,0,2,0,0,0,2,1,0,1,3,1,2,4,1,3,2,1,1,1,0,2,2,1,20.5±2.5;12.5±1.5,,,,,,,,,,,,,,,0701,category,"Shopping (store, telephone, internet)",0.3981,54.1,Shopping,3.95,0.74,,"dur,fin,joy,money,opt,rev,soc",heuristic;observational,low,judgement;atus2014_2016;kahneman2004
buy-a-plant,Buy a plant,canonical,purchases,"shopping,purchase,possessions",15,30,60,0,1,1,0,2,0,0,0,0,3,0,2,0,1,2,2,1,1,2,1,1,1,0,2,2,1,20.5±2.5;12.5±1.5,,,,,,,,,,,,,,,0701,category,"Shopping (store, telephone, internet)",0.3981,54.1,Shopping,3.95,0.74,,"dur,hom,joy,money,rev",heuristic;observational,low,judgement;atus2014_2016;kahneman2004
buy-a-lottery-ticket,Buy a lottery ticket,canonical,purchases,"shopping,purchase,possessions",5,10,15,0,1,1,0,2,0,0,0,0,2,0,1,0,1,4,2,1,1,2,0,1,1,4,2,2,1,20.5±2.5;12.5±1.5,,,,,,,,,,,,,,,0701,category,"Shopping (store, telephone, internet)",0.3981,54.1,Shopping,3.95,0.74,,"car,dn,dur,fin,joy,money,reg,tail,unc",heuristic;observational,low,judgement;atus2014_2016;kahneman2004
go-on-a-day-trip,Go on a day trip,canonical,travel,"adventure,novelty,enjoyment,travel",240,480,720,45,2,3,2,1,1,0,2,2,4,3,0,0,2,2,2,2,2,3,2,2,1,2,4,1,1,10±2.5,,,,,,,,,,,,,,,18,category,Traveling (all purposes),0.8542,82.8,,,,,"dur,joy,money,nov,rec,setup,soc",heuristic;observational,low,judgement;atus2014_2016
book-a-holiday,Book a holiday,canonical,travel,"adventure,novelty,enjoyment,travel",30,60,120,0,4,3,0,1,1,0,2,2,4,3,0,0,2,2,2,2,2,3,2,2,1,2,3,1,1,10±2.5,,,,,,,,,,,,,,,18,category,Traveling (all purposes),0.8542,82.8,,,,,"act,dur,joy,lt,money,nov,opt,phys,rec,rev,setup,unc",heuristic;observational,low,judgement;atus2014_2016
take-a-weekend-trip,Take a weekend trip,canonical,travel,"adventure,novelty,enjoyment,travel",600,1440,2880,60,4,3,2,1,1,0,2,2,4,4,0,0,2,2,2,2,2,3,2,2,1,2,3,1,1,10±2.5,,,,,,,,,,,,,,,18,category,Traveling (all purposes),0.8542,82.8,,,,,"dur,joy,money,nov,rec,setup,soc",heuristic;observational,low,judgement;atus2014_2016
visit-a-new-neighbourhood,Visit a new neighbourhood,canonical,travel,"adventure,novelty,enjoyment,travel",60,120,180,20,1,3,2,1,1,0,2,2,3,2,0,0,2,2,2,2,2,2,2,2,1,2,4,1,1,10±2.5,,,1,1,,,,,,,,,,,18,category,Traveling (all purposes),0.8542,82.8,,,,,"day,dur,info,joy,money,nov,out,phys,setup,tail",heuristic;observational,low,judgement;singapore;atus2014_2016
go-to-the-airport,Go to the airport,canonical,travel,"adventure,novelty,enjoyment,travel",60,120,180,30,1,3,2,1,1,0,2,2,0,2,0,0,2,2,0,4,2,3,4,2,1,2,3,1,1,10±2.5,,,,,,,,,,,,,,,18,category,Traveling (all purposes),0.8542,82.8,,,,,"act,decay,dur,joy,money,reg,rev,setup",heuristic;observational,low,judgement;atus2014_2016
pack-a-bag,Pack a bag,canonical,travel,"adventure,novelty,enjoyment,travel",15,30,60,0,0,2,1,1,1,0,2,2,0,2,2,0,2,2,2,3,2,3,2,2,1,2,3,1,1,10±2.5,,,,,,,,,,,,,,,18,category,Traveling (all purposes),0.8542,82.8,,,,,"act,decay,dur,hom,joy,money,phys,setup",heuristic;observational,low,judgement;atus2014_2016
check-the-weather,Check the weather,canonical,travel,"adventure,novelty,enjoyment,travel",1,2,3,0,0,0,0,1,1,0,2,2,0,0,0,0,2,2,2,2,2,3,2,2,1,2,0,1,1,10±2.5,,,,,,,,,,,,,,,18,category,Traveling (all purposes),0.8542,82.8,,,,,"act,dur,info,joy,money,nov,phys,rec,setup",heuristic;observational,low,judgement;atus2014_2016
stay-home,Stay home,canonical,travel,"rest,saving-money",30,120,240,0,0,0,0,1,1,0,2,0,2,3,0,0,2,0,4,2,2,0,2,2,1,2,0,1,1,10±2.5,,,,,,,,,,,,,,,18,category,Traveling (all purposes),0.8542,82.8,,,,,"act,dur,info,joy,money,nov,phys,rec,rev,setup,soc,unc",heuristic;observational,low,judgement;atus2014_2016
take-public-transport,Take public transport,canonical,travel,"adventure,novelty,enjoyment,travel",15,30,60,5,1,1,1,1,1,0,2,2,1,2,0,1,2,2,2,2,2,3,2,2,1,2,1,1,1,10±2.5,,,,,,,,,,,,,,,18,category,Traveling (all purposes),0.8542,82.8,,,,,"act,dur,fin,joy,money,nov,phys,setup",heuristic;observational,low,judgement;atus2014_2016
take-a-taxi,Take a taxi,canonical,travel,"adventure,novelty,enjoyment,travel",10,20,40,5,2,0,0,1,1,0,2,2,2,2,0,0,2,2,2,2,2,3,2,2,1,2,3,1,1,10±2.5,,,,,,road traffic injury,very low,4,4,yes,none specific to you,,,,18,category,Traveling (all purposes),0.8542,82.8,,,,,"act,dur,joy,money,phys,setup",heuristic;observational,low,judgement;atus2014_2016
go-camping,Go camping,canonical,travel,"adventure,novelty,enjoyment,travel",720,1440,2880,60,2,3,3,1,1,0,2,2,4,3,0,0,2,2,2,2,2,3,2,2,2,2,4,1,1,10±2.5,,,1,,,injury or weather exposure,low,3,3,no,"storms, remote sites",,,,18,category,Traveling (all purposes),0.8542,82.8,,,,,"dn,dur,joy,money,nov,out,phys,rec,setup",heuristic;observational,low,judgement;singapore;atus2014_2016
go-to-a-theme-park,Go to a theme park,canonical,travel,"adventure,novelty,enjoyment,travel",300,420,600,45,4,3,2,1,1,0,2,3,4,2,0,0,2,2,2,2,2,3,2,2,1,2,3,1,1,10±2.5,,,,,10-19,,,,,,,,,,18,category,Traveling (all purposes),0.8542,82.8,,,,,"dur,joy,money,nov,open,setup,soc",heuristic;observational,low,judgement;singapore;atus2014_2016
go-to-the-zoo,Go to the zoo,canonical,travel,"adventure,novelty,enjoyment,travel",120,180,300,40,3,3,2,1,1,0,2,3,4,2,0,0,2,2,2,2,2,3,2,2,1,2,3,1,1,10±2.5,,,,,8.5-18,,,,,,,,,,18,category,Traveling (all purposes),0.8542,82.8,,,,,"dur,joy,lrn,money,open,setup,soc",heuristic;observational,low,judgement;singapore;atus2014_2016
pay-your-bills,Pay your bills,canonical,admin,"admin,money,security",5,15,30,0,0,3,0,2,0,1,0,0,0,0,3,3,3,1,3,4,2,1,4,2,0,0,0,1,1,10.5±2;20.5±1.5,,,,,,,,,,,,,,,020901,action,Financial management,0.0331,48.5,,,,,"atus,decay,dur,fin,hom,reg",heuristic;observational,low,judgement;atus2014_2016
do-your-taxes,Do your taxes,canonical,admin,"admin,money,security",30,90,180,0,0,4,0,3,0,1,0,0,0,0,2,4,3,1,3,3,2,1,4,2,0,0,0,1,1,10.5±2;20.5±1.5,,,,,,,,,,,,,,,020901,action,Financial management,0.0331,48.5,,,,,"act,atus,cog,decay,dur,fin,reg",heuristic;observational,low,judgement;atus2014_2016
make-a-budget,Make a budget,canonical,admin,"admin,money,security",20,45,90,0,0,3,0,3,0,1,0,0,0,0,2,4,4,1,3,3,3,4,3,2,0,0,0,1,1,10.5±2;20.5±1.5,,,,,,,,,,,,,,,020901,action,Financial management,0.0331,48.5,,,,,"atus,cog,dur,fin,info,lt,opt",heuristic;observational,low,judgement;atus2014_2016
check-your-bank-account,Check your bank account,canonical,admin,"admin,money,security",2,5,10,0,0,1,0,2,0,1,0,0,0,0,2,2,3,1,3,3,2,3,3,2,0,0,0,1,1,10.5±2;20.5±1.5,,,,,,,,,,,,,,,020901,action,Financial management,0.0331,48.5,,,,,"act,atus,dur,fin,info",heuristic;observational,low,judgement;atus2014_2016
invest,Invest,canonical,admin,"admin,money,security",15,30,60,0,0,3,0,2,0,1,0,0,0,0,2,4,4,3,2,3,2,2,3,2,3,3,0,1,1,10.5±2;20.5±1.5,,,,,,financial loss,unknown,3,2,no,"leverage, concentration",,,,020901,action,Financial management,0.0331,48.5,,,,,"atus,dn,dur,fin,info,lt,rev,tail,unc",heuristic;observational,low,judgement;atus2014_2016
review-your-insurance,Review your insurance,canonical,admin,"admin,money,security",30,45,90,0,0,3,0,2,0,1,0,0,0,0,2,3,3,1,3,1,2,1,2,2,0,0,0,1,1,10.5±2;20.5±1.5,,,,,,,,,,,,,,,0209,category,Household management,0.2513,42.7,,,,,"decay,dur,fin,lt,reg",heuristic;observational,low,judgement;atus2014_2016
write-a-will,Write a will,canonical,admin,"admin,money,security",60,120,240,0,0,4,0,2,0,1,0,2,0,0,2,3,4,1,3,1,2,1,4,2,0,0,0,1,1,10.5±2;20.5±1.5,,,,,,,,,,,,,,,0209,category,Household management,0.2513,42.7,,,,,"act,decay,dur,fin,lt,reg,soc",heuristic;observational,low,judgement;atus2014_2016
sort-your-paperwork,Sort your paperwork,canonical,admin,"admin,money,security",20,45,90,0,0,3,0,2,0,1,0,0,0,0,3,2,3,1,3,3,2,1,3,2,0,0,0,1,1,10.5±2;20.5±1.5,,,,,,,,,,,,,,,020902,action,Household and personal organisation and planning,0.1485,40.3,,,,,"atus,dur,fin,hom",heuristic;observational,low,judgement;atus2014_2016
change-your-password,Change your password,canonical,admin,"security,admin",5,15,30,0,0,3,0,2,0,1,0,0,0,0,2,3,3,1,3,3,2,1,2,2,0,0,0,1,1,10.5±2;20.5±1.5,,,,,,,,,,,,,,,0209,category,Household management,0.2513,42.7,,,,,"dn,dur,hom,lt,reg",heuristic;observational,low,judgement;atus2014_2016
fill-in-a-form,Fill in a form,canonical,admin,"admin,money,security",10,20,45,0,0,3,0,2,0,1,0,0,0,0,3,3,3,1,3,3,2,1,3,2,0,0,0,1,1,10.5±2;20.5±1.5,,,,,,,,,,,,,,,0209,category,Household management,0.2513,42.7,,,,,"act,decay,dur,hom",heuristic;observational,low,judgement;atus2014_2016
respond-to-a-letter,Respond to a letter,canonical,admin,"admin,money,security",10,20,45,0,0,3,0,2,0,1,0,0,0,0,2,3,3,1,3,3,2,1,3,2,0,0,0,1,1,10.5±2;20.5±1.5,,,,,,,,,,,,,,,0209,category,Household management,0.2513,42.7,,,,,"act,decay,dur,reg",heuristic;observational,low,judgement;atus2014_2016
set-up-a-savings-plan,Set up a savings plan,canonical,admin,"admin,money,security",15,30,60,0,0,3,0,2,0,1,0,0,0,0,2,4,4,1,3,3,3,1,3,2,0,0,0,1,1,10.5±2;20.5±1.5,,,,,,,,,,,,,,,0209,category,Household management,0.2513,42.7,,,,,"dur,fin,lt,opt",heuristic;observational,low,judgement;atus2014_2016
check-your-credit-card-statement,Check your credit card statement,canonical,admin,"admin,money,security",5,10,20,0,0,3,0,2,0,1,0,0,0,0,2,3,3,1,3,3,2,3,3,2,0,0,0,1,1,10.5±2;20.5±1.5,,,,,,,,,,,,,,,0209,category,Household management,0.2513,42.7,,,,,"dur,fin,info",heuristic;observational,low,judgement;atus2014_2016
write-something,Write something,canonical,creative,"creativity,expression,skill",30,60,120,5,0,3,0,3,0,2,2,0,3,1,0,0,3,2,4,1,2,2,2,3,0,2,3,1,1,20.5±2.5,,,,,,,,,,,,,,,120313,action,Writing for personal interest,0.0022,144.9,,,,,"atus,car,dur,joy,lrn,lt,tail",heuristic;observational,low,judgement;atus2014_2016
draw,Draw,canonical,creative,"creativity,expression,skill",20,45,90,5,0,3,0,3,0,1,3,0,4,2,0,0,3,2,4,1,2,2,2,3,0,2,3,1,1,20.5±2.5,,,,,,,,,,,,,,,120309,action,Arts and crafts as a hobby,0.0131,130.5,,,,,"atus,dur,joy,lrn,rec",heuristic;observational,low,judgement;atus2014_2016
paint,Paint,canonical,creative,"creativity,expression,skill",45,90,180,15,0,3,0,3,0,1,3,0,4,2,0,0,3,2,4,1,2,2,2,3,0,2,3,1,1,20.5±2.5,,,,,,,,,,,,,,,120309,action,Arts and crafts as a hobby,0.0131,130.5,,,,,"atus,dur,joy,lrn,rec,setup",heuristic;observational,low,judgement;atus2014_2016
make-music,Make music,canonical,creative,"creativity,expression,skill",45,90,180,5,0,3,0,3,0,1,3,0,4,1,0,0,3,2,4,1,2,2,2,3,0,2,3,1,1,20.5±2.5,,,,,,,,,,,,,,,120306,action,Listening to or playing music (not radio),0.0248,82.5,,,,,"atus,dur,joy,lrn,nov,tail",heuristic;observational,low,judgement;atus2014_2016
take-photos,Take photos,canonical,creative,"creativity,expression,skill",30,60,120,10,0,3,1,3,0,1,2,0,3,1,0,0,3,2,4,1,2,2,2,3,0,2,3,1,1,20.5±2.5,,,1,1,,,,,,,,,,,120309,category,Arts and crafts as a hobby,0.0131,130.5,,,,,"day,dur,joy,lrn,nov,out,phys,setup",heuristic;observational,low,judgement;singapore;atus2014_2016
knit-or-sew,Knit or sew,canonical,creative,"creativity,expression,skill",30,60,120,5,0,3,0,3,0,1,2,0,3,3,1,0,3,2,4,1,2,2,2,3,0,2,3,1,1,20.5±2.5,,,,,,,,,,,,,,,120309,action,Arts and crafts as a hobby,0.0131,130.5,,,,,"atus,dur,hom,joy,lrn,rec",heuristic;observational,low,judgement;atus2014_2016
build-something,Build something,canonical,creative,"creativity,expression,skill",45,90,180,5,0,3,1,3,0,1,3,0,4,1,1,0,3,2,4,1,2,2,2,3,0,2,3,1,1,20.5±2.5,,,,,,,,,,,,,,,120309,action,Arts and crafts as a hobby,0.0131,130.5,,,,,"atus,dur,hom,joy,lrn,phys",heuristic;observational,low,judgement;atus2014_2016
edit-a-video,Edit a video,canonical,creative,"creativity,expression,skill",60,120,240,5,0,3,0,3,0,2,3,0,2,1,0,0,3,2,4,1,2,2,2,3,0,2,3,1,1,20.5±2.5,,,,,,,,,,,,,,,120309,category,Arts and crafts as a hobby,0.0131,130.5,,,,,"car,dur,joy,lrn,tail",heuristic;observational,low,judgement;atus2014_2016
write-poetry,Write poetry,canonical,creative,"creativity,expression,skill",15,30,60,5,0,3,0,3,0,1,2,0,3,2,0,0,3,2,4,1,2,2,2,3,0,2,3,1,1,20.5±2.5,,,,,,,,,,,,,,,120313,action,Writing for personal interest,0.0022,144.9,,,,,"atus,dur,joy,lrn,rec",heuristic;observational,low,judgement;atus2014_2016
brainstorm-ideas,Brainstorm ideas,canonical,creative,"creativity,expression,skill",10,20,45,5,0,3,0,3,0,2,3,0,3,1,0,0,3,2,4,1,4,3,2,3,0,3,3,1,1,20.5±2.5,,,,,,,,,,,,,,,120309,category,Arts and crafts as a hobby,0.0131,130.5,,,,,"car,dur,info,joy,nov,opt,tail",heuristic;observational,low,judgement;atus2014_2016
meditate,Meditate,canonical,mind,"clarity,stress-reduction,reflection",5,15,30,0,0,1,0,1,3,0,1,0,1,4,0,0,3,1,4,1,2,2,1,1,0,1,1,1,2,7.5±1.5;22±1.5,,,,,,,,,,,,,,,1401,action,Religious and spiritual practices,0.0952,94.0,Pray/worship/meditate,4.35,0.59,killingsworth2010:related,"atus,drm,dur,ev,hea,lt,rec",heuristic;observational;experiments,low,judgement;atus2014_2016;kahneman2004;killingsworth2010
reflect-on-your-week,Reflect on your week,canonical,mind,"clarity,stress-reduction,reflection",15,30,60,0,0,1,0,1,2,2,2,0,1,3,0,0,3,1,4,1,3,3,1,1,0,1,1,1,2,17±2,,,,,,,,,,,,,,,120301,category,"Relaxing, thinking",0.1972,90.2,,,,,"car,dur,info,lrn,opt,typ",heuristic;observational,low,judgement;atus2014_2016
set-goals,Set goals,canonical,mind,"clarity,stress-reduction,reflection",20,45,90,0,0,1,0,1,2,2,1,0,1,3,0,0,4,1,4,1,4,2,1,1,0,1,1,1,2,7.5±1.5;22±1.5,,,,,,,,,,,,,,,120301,category,"Relaxing, thinking",0.1972,90.2,,,,,"car,dur,info,lt,opt",heuristic;observational,low,judgement;atus2014_2016
make-a-decision,Make a decision,canonical,mind,"clarity,stress-reduction,reflection",5,20,60,0,0,3,0,3,2,0,1,0,1,3,0,0,3,3,2,3,1,2,3,1,0,1,1,1,2,7.5±1.5;22±1.5,,,,,,,,,,,,,,,120301,category,"Relaxing, thinking",0.1972,90.2,,,,,"act,cog,decay,dur,info,opt,reg,rev,unc",heuristic;observational,low,judgement;atus2014_2016
pray,Pray,canonical,mind,"clarity,stress-reduction,reflection",5,15,30,0,0,1,0,1,1,0,1,1,1,3,0,0,3,1,4,1,2,2,1,1,0,1,1,1,2,7.5±1.5;22±1.5,,,,,,,,,,,,,,,140102,action,Participation in religious practices,0.0539,52.9,Pray/worship/meditate,4.35,0.59,,"atus,drm,dur,hea,rec,soc",heuristic;observational,low,judgement;atus2014_2016;kahneman2004
practise-gratitude,Practise gratitude,canonical,mind,"clarity,stress-reduction,reflection",3,5,10,0,0,1,0,1,2,0,1,0,2,2,0,0,3,1,4,1,2,2,1,1,0,1,1,1,2,7.5±1.5;22±1.5,,,,,,,,,,,,,,,120301,category,"Relaxing, thinking",0.1972,90.2,,,,,"dur,ev,hea,joy,rec",heuristic;observational,low,judgement;atus2014_2016
sit-with-your-feelings,Sit with your feelings,canonical,mind,"clarity,stress-reduction,reflection",10,20,45,0,0,2,0,1,2,0,1,0,1,3,0,0,3,1,4,1,2,2,1,1,0,1,1,1,2,7.5±1.5;22±1.5,,,,,,,,,,,,,,,120301,category,"Relaxing, thinking",0.1972,90.2,,,,,"act,dur,hea,rec",heuristic;observational,low,judgement;atus2014_2016
keep-busy,Keep busy,canonical,mind,"clarity,stress-reduction,reflection",30,60,120,0,0,1,0,1,2,1,1,0,1,0,1,0,0,1,4,1,2,2,1,1,0,1,1,1,2,7.5±1.5;22±1.5,,,,,,,,,,,,,,,120301,category,"Relaxing, thinking",0.1972,90.2,,,,,"act,car,dur,hom,joy,lt,rec",heuristic;observational,low,judgement;atus2014_2016
daydream,Daydream,canonical,mind,"clarity,stress-reduction,reflection",5,10,30,0,0,0,0,1,2,0,1,0,2,3,0,0,3,1,4,1,2,1,1,1,0,1,2,1,2,7.5±1.5;22±1.5,,,,,,,,,,,,,,,120301,category,"Relaxing, thinking",0.1972,90.2,,,,killingsworth2010:related,"act,dur,info,joy,nov,rec",heuristic;observational;experiments,low,judgement;atus2014_2016;killingsworth2010
do-nothing,Do nothing,canonical,inaction,"rest,waiting",5,30,120,0,0,0,0,0,0,0,0,0,1,1,0,0,0,0,4,0,3,0,1,0,0,0,0,3,1,,,,,,,,,,,,,,,,,,,,,,,,,dur,heuristic,low,judgement
seek-urgent-medical-care,Seek urgent medical care,canonical,health,"health,self-care",30,120,240,20,0,3,1,1,4,0,0,0,1,2,0,0,4,1,3,4,1,1,4,1,0,0,0,2,2,8±2;21±2,,,,,,,,,,,,,,,0804,action,Medical and care services,0.0376,86.3,,,,,"act,atus,decay,dur,hea,lt,reg,rev,setup",heuristic;observational,low,judgement;atus2014_2016
read-the-contract-carefully,Read the contract carefully,canonical,admin,"admin,money,security",10,20,45,0,0,2,0,2,0,1,0,0,0,0,2,3,3,1,3,3,3,4,2,2,0,0,0,1,1,10.5±2;20.5±1.5,,,,,,,,,,,,,,,0209,category,Household management,0.2513,42.7,,,,,"act,dur,fin,info,opt,reg",heuristic;observational,low,judgement;atus2014_2016
sleep-on-it,Sleep on it,canonical,mind,"deliberation,clarity",1,1,1,0,0,0,0,1,2,0,1,0,1,1,0,0,3,1,4,1,4,2,1,1,0,1,1,1,2,7.5±1.5;22±1.5,,,,,,,,,,,,,,,120301,category,"Relaxing, thinking",0.1972,90.2,,,,,"act,dur,info,opt,rec,reg,rev",heuristic;observational,low,judgement;atus2014_2016
write-an-email-to-your-team,Write an email to your team,canonical,work,"work,progress,focus",10,20,40,5,0,3,0,4,0,3,1,2,1,0,0,2,3,2,4,2,3,2,2,3,0,1,1,3,1,10±2;14.5±2,,,,,,,,,,,,,,,0501,category,Working,0.4243,458.2,Working,3.62,0.97,,"car,dur,soc",heuristic;observational,low,judgement;atus2014_2016;kahneman2004
write-a-proposal,Write a proposal,canonical,work,"work,progress,focus",60,120,240,5,0,3,0,4,0,4,1,0,1,0,0,2,3,3,4,2,3,2,2,3,0,3,1,3,1,10±2;14.5±2,,,,,,,,,,,,,,,0501,category,Working,0.4243,458.2,Working,3.62,0.97,,"car,dur,tail,unc",heuristic;observational,low,judgement;atus2014_2016;kahneman2004
prepare-for-a-meeting,Prepare for a meeting,canonical,work,"work,progress,focus",10,20,45,5,0,3,0,4,0,3,1,0,1,0,0,2,3,2,4,2,2,2,2,3,0,1,1,3,1,10±2;14.5±2,,,,,,,,,,,,,,,0501,category,Working,0.4243,458.2,Working,3.62,0.97,,"car,dur,opt,reg",heuristic;observational,low,judgement;atus2014_2016;kahneman2004
give-a-presentation,Give a presentation,canonical,work,"work,progress,focus",15,30,60,5,0,4,0,4,0,4,1,0,1,0,0,2,3,2,1,4,3,2,2,3,1,2,1,3,1,10±2;14.5±2,,,,,,,,,,,,,,,0501,category,Working,0.4243,458.2,Working,3.62,0.97,,"act,car,decay,dn,dur,rev,tail",heuristic;observational,low,judgement;atus2014_2016;kahneman2004
run-a-meeting,Run a meeting,canonical,work,"work,progress,focus",30,45,90,5,0,3,0,4,0,3,1,3,1,0,0,2,3,2,4,2,3,2,2,3,0,1,1,3,1,10±2;14.5±2,,,,,,,,,,,,,,,0501,category,Working,0.4243,458.2,Working,3.62,0.97,,"act,car,dur,soc",heuristic;observational,low,judgement;atus2014_2016;kahneman2004
have-a-one-to-one,Have a one-to-one,canonical,work,"work,progress,focus",20,30,60,5,0,3,0,4,0,3,1,3,1,0,0,2,3,2,4,2,3,3,2,3,0,1,1,3,1,10±2;14.5±2,,,,,,,,,,,,,,,0501,category,Working,0.4243,458.2,Working,3.62,0.97,,"car,dur,info,soc",heuristic;observational,low,judgement;atus2014_2016;kahneman2004
give-feedback-to-a-colleague,Give feedback to a colleague,canonical,work,"work,progress,focus",10,20,45,5,0,3,0,4,0,3,1,3,1,0,0,2,3,2,4,2,3,2,2,3,1,2,1,3,1,10±2;14.5±2,,,,,,,,,,,,,,,0501,category,Working,0.4243,458.2,Working,3.62,0.97,,"act,car,dn,dur,soc,tail",heuristic;observational,low,judgement;atus2014_2016;kahneman2004
ask-for-feedback,Ask for feedback,canonical,work,"work,progress,focus",5,15,30,5,0,3,0,4,0,4,1,2,1,0,0,2,3,2,4,2,3,4,2,3,0,2,1,3,1,10±2;14.5±2,,,,,,,,,,,,,,,0501,category,Working,0.4243,458.2,Working,3.62,0.97,,"act,dur,info,soc,tail",heuristic;observational,low,judgement;atus2014_2016;kahneman2004
share-a-draft-for-feedback,Share a draft for feedback,canonical,work,"work,progress,focus",5,10,20,5,0,3,0,4,0,4,1,0,1,0,0,2,3,2,4,2,3,4,2,3,1,2,1,3,1,10±2;14.5±2,,,,,,,,,,,,,,,0501,category,Working,0.4243,458.2,Working,3.62,0.97,,"act,dn,dur,info,tail",heuristic;observational,low,judgement;atus2014_2016;kahneman2004
delegate-a-task,Delegate a task,canonical,work,"work,progress,focus",5,15,30,5,0,3,0,4,0,3,1,2,1,0,0,2,3,2,4,2,3,2,2,3,0,1,1,3,1,10±2;14.5±2,,,,,,,,,,,,,,,0501,category,Working,0.4243,458.2,Working,3.62,0.97,,"car,dur,opt,soc",heuristic;observational,low,judgement;atus2014_2016;kahneman2004
say-no-to-a-request,Say no to a request,canonical,work,"work,progress,focus",5,10,20,5,0,3,0,4,0,2,1,0,1,0,0,2,3,2,4,2,3,2,2,3,1,1,1,3,1,10±2;14.5±2,,,,,,,,,,,,,,,0501,category,Working,0.4243,458.2,Working,3.62,0.97,,"act,car,dn,dur,opt",heuristic;observational,low,judgement;atus2014_2016;kahneman2004
update-your-to-do-list,Update your to-do list,canonical,work,"work,progress,focus",5,10,20,5,0,1,0,2,0,2,1,0,1,0,0,2,3,2,4,2,3,2,2,3,0,1,1,3,1,10±2;14.5±2,,,,,,,,,,,,,,,0501,category,Working,0.4243,458.2,Working,3.62,0.97,,"act,car,cog,dur,opt",heuristic;observational,low,judgement;atus2014_2016;kahneman2004
do-a-weekly-review,Do a weekly review,canonical,work,"work,progress,focus",30,45,90,5,0,3,0,4,0,3,1,0,1,0,0,2,3,2,4,2,4,3,2,3,0,1,1,3,1,16±2,,,,,,,,,,,,,,,0501,category,Working,0.4243,458.2,Working,3.62,0.97,,"car,dur,info,opt,typ",heuristic;observational,low,judgement;atus2014_2016;kahneman2004
timebox-a-task,Timebox a task,canonical,work,"focus,progress",1,2,5,5,0,1,0,4,0,2,1,0,1,0,0,2,3,2,4,2,3,2,2,3,0,1,1,3,1,10±2;14.5±2,,,,,,,,,,,,,,,0501,category,Working,0.4243,458.2,Working,3.62,0.97,,"act,car,dur",heuristic;observational,low,judgement;atus2014_2016;kahneman2004
work-in-a-pomodoro,Work in a pomodoro,canonical,work,"work,progress,focus",25,25,30,5,0,2,0,4,0,3,1,0,1,0,0,2,3,2,4,2,3,2,2,3,0,1,1,3,1,10±2;14.5±2,,,,,,,,,,,,,,,0501,category,Working,0.4243,458.2,Working,3.62,0.97,,"act,car,dur",heuristic;observational,low,judgement;atus2014_2016;kahneman2004
write-a-cover-letter,Write a cover letter,canonical,work,"work,progress,focus",30,60,120,5,0,3,0,4,0,4,1,0,1,0,0,2,3,3,4,2,3,2,2,3,0,3,1,3,1,10±2;14.5±2,,,,,,,,,,,,,,,0501,category,Working,0.4243,458.2,Working,3.62,0.97,,"car,dur,tail,unc",heuristic;observational,low,judgement;atus2014_2016;kahneman2004
prepare-for-an-interview,Prepare for an interview,canonical,work,"work,progress,focus",30,60,180,5,0,3,0,4,0,4,2,0,1,0,0,2,3,2,4,4,3,2,4,3,0,1,1,3,1,10±2;14.5±2,,,,,,,,,,,,,,,0501,category,Working,0.4243,458.2,Working,3.62,0.97,,"car,decay,dur,lrn,reg",heuristic;observational,low,judgement;atus2014_2016;kahneman2004
attend-a-job-interview,Attend a job interview,canonical,work,"work,progress,focus",45,60,180,30,0,4,0,4,0,4,1,0,1,0,0,2,3,4,1,4,3,2,2,3,0,4,1,3,1,10±2;14.5±2,,,,,,,,,,,,,,,0501,category,Working,0.4243,458.2,Working,3.62,0.97,,"act,car,decay,dur,rev,setup,tail,unc",heuristic;observational,low,judgement;atus2014_2016;kahneman2004
follow-up-on-an-application,Follow up on an application,canonical,work,"work,progress,focus",5,10,20,5,0,3,0,4,0,3,1,0,1,0,0,2,3,2,4,2,3,3,2,3,0,2,1,3,1,10±2;14.5±2,,,,,,,,,,,,,,,0501,category,Working,0.4243,458.2,Working,3.62,0.97,,"car,dur,info,tail",heuristic;observational,low,judgement;atus2014_2016;kahneman2004
update-your-linkedin,Update your LinkedIn,canonical,work,"work,progress,focus",15,30,60,5,0,3,0,4,0,2,1,0,1,0,0,2,3,2,4,2,3,2,2,3,0,1,1,3,1,10±2;14.5±2,,,,,,,,,,,,,,,0501,category,Working,0.4243,458.2,Working,3.62,0.97,,"car,dur,opt,tail",heuristic;observational,low,judgement;atus2014_2016;kahneman2004
clean-up-your-codebase,Clean up your codebase,canonical,work,"work,progress,focus",30,90,180,5,0,3,0,4,0,2,1,0,1,0,0,2,3,2,4,2,3,2,2,3,0,1,1,3,1,10±2;14.5±2,,,,,,,,,,,,,,,0501,category,Working,0.4243,458.2,Working,3.62,0.97,,"car,dur,lt",heuristic;observational,low,judgement;atus2014_2016;kahneman2004
fix-a-production-issue,Fix a production issue,canonical,work,"work,progress,focus",15,60,240,5,0,4,0,4,0,4,1,0,1,0,0,2,3,2,4,4,3,2,4,3,1,1,1,3,1,10±2;14.5±2,,,,,,,,,,,,,,,0501,category,Working,0.4243,458.2,Working,3.62,0.97,,"act,car,cog,decay,dn,dur,reg",heuristic;observational,low,judgement;atus2014_2016;kahneman2004
write-a-design-document,Write a design document,canonical,work,"work,progress,focus",60,120,240,5,0,3,0,4,0,4,1,0,1,0,0,2,3,2,4,2,4,3,2,3,0,1,1,3,1,10±2;14.5±2,,,,,,,,,,,,,,,0501,category,Working,0.4243,458.2,Working,3.62,0.97,,"car,dur,info,opt",heuristic;observational,low,judgement;atus2014_2016;kahneman2004
read-the-documentation,Read the documentation,canonical,work,"work,progress,focus",10,30,60,5,0,3,0,4,0,3,3,0,1,0,0,2,3,2,4,2,3,3,2,3,0,1,1,3,1,10±2;14.5±2,,,,,,,,,,,,,,,0501,category,Working,0.4243,458.2,Working,3.62,0.97,,"car,dur,info,lrn",heuristic;observational,low,judgement;atus2014_2016;kahneman2004
pair-program,Pair program,canonical,work,"work,progress,focus",30,60,120,5,0,3,0,4,0,3,3,3,1,0,0,2,3,2,4,2,3,2,2,3,0,1,1,3,1,10±2;14.5±2,,,,,,,,,,,,,,,0501,category,Working,0.4243,458.2,Working,3.62,0.97,,"car,dur,lrn,soc",heuristic;observational,low,judgement;atus2014_2016;kahneman2004
automate-a-repetitive-task,Automate a repetitive task,canonical,work,"work,progress,focus",30,60,180,5,0,3,0,4,0,3,1,0,1,0,0,2,4,2,4,2,3,2,2,3,0,2,1,3,1,10±2;14.5±2,,,,,,,,,,,,,,,0501,category,Working,0.4243,458.2,Working,3.62,0.97,,"car,dur,lt,opt,tail",heuristic;observational,low,judgement;atus2014_2016;kahneman2004
benchmark-your-code,Benchmark your code,canonical,work,"work,progress,focus",20,45,90,5,0,3,0,4,0,3,1,0,1,0,0,2,3,2,4,2,3,4,2,3,0,1,1,3,1,10±2;14.5±2,,,,,,,,,,,,,,,0501,category,Working,0.4243,458.2,Working,3.62,0.97,,"car,dur,info",heuristic;observational,low,judgement;atus2014_2016;kahneman2004
deploy-a-change,Deploy a change,canonical,work,"work,progress,focus",10,30,60,5,0,3,0,4,0,4,1,0,1,0,0,2,3,2,2,3,3,2,2,3,1,1,1,3,1,10±2;14.5±2,,,,,,,,,,,,,,,0501,category,Working,0.4243,458.2,Working,3.62,0.97,,"car,decay,dn,dur,rev",heuristic;observational,low,judgement;atus2014_2016;kahneman2004
do-code-review,Do code review,canonical,work,"work,progress,focus",15,30,60,5,0,3,0,4,0,3,2,1,1,0,0,2,3,2,4,3,3,2,2,3,0,1,1,3,1,10±2;14.5±2,,,,,,,,,,,,,,,0501,category,Working,0.4243,458.2,Working,3.62,0.97,,"car,decay,dur,lrn,soc",heuristic;observational,low,judgement;atus2014_2016;kahneman2004
update-a-spreadsheet,Update a spreadsheet,canonical,work,"work,progress,focus",10,30,60,5,0,2,0,4,0,3,1,0,1,0,0,2,3,2,4,2,3,2,2,3,0,1,1,3,1,10±2;14.5±2,,,,,,,,,,,,,,,0501,category,Working,0.4243,458.2,Working,3.62,0.97,,"act,car,dur",heuristic;observational,low,judgement;atus2014_2016;kahneman2004
build-a-dashboard,Build a dashboard,canonical,work,"work,progress,focus",60,120,240,5,0,3,0,4,0,3,2,0,1,0,0,2,3,2,4,2,3,3,2,3,0,1,1,3,1,10±2;14.5±2,,,,,,,,,,,,,,,0501,category,Working,0.4243,458.2,Working,3.62,0.97,,"car,dur,info,lrn",heuristic;observational,low,judgement;atus2014_2016;kahneman2004
write-a-literature-review,Write a literature review,canonical,work,"work,progress,focus",60,120,240,5,0,3,0,4,0,3,4,0,1,0,0,2,3,2,4,2,3,2,2,3,0,1,1,3,1,10±2;14.5±2,,,,,,,,,,,,,,,0501,category,Working,0.4243,458.2,Working,3.62,0.97,,"car,dur,lrn",heuristic;observational,low,judgement;atus2014_2016;kahneman2004
run-an-experiment,Run an experiment,canonical,work,"work,progress,focus",30,90,240,5,0,3,0,4,0,3,1,0,1,0,0,2,3,3,4,2,3,4,2,3,0,3,1,3,1,10±2;14.5±2,,,,,,,,,,,,,,,0501,category,Working,0.4243,458.2,Working,3.62,0.97,,"car,dur,info,tail,unc",heuristic;observational,low,judgement;atus2014_2016;kahneman2004
prove-a-lemma,Prove a lemma,canonical,work,"work,progress,focus",30,90,240,5,0,3,0,4,0,3,4,0,3,0,0,2,3,4,4,2,3,2,2,3,0,3,1,3,1,10±2;14.5±2,,,,,,,,,,,,,,,0501,category,Working,0.4243,458.2,Working,3.62,0.97,,"car,cog,dur,joy,lrn,tail,unc",heuristic;observational,low,judgement;atus2014_2016;kahneman2004
referee-a-paper,Referee a paper,canonical,work,"work,progress,focus",60,120,240,5,0,3,0,4,0,2,2,1,1,0,0,2,3,2,4,2,3,2,2,3,0,1,1,3,1,10±2;14.5±2,,,,,,,,,,,,,,,0501,category,Working,0.4243,458.2,Working,3.62,0.97,,"car,decay,dur,lrn,soc",heuristic;observational,low,judgement;atus2014_2016;kahneman2004
submit-a-paper,Submit a paper,canonical,work,"work,progress,focus",30,60,120,5,0,3,0,4,0,4,1,0,1,0,0,2,3,4,1,2,3,2,2,3,1,4,1,3,1,10±2;14.5±2,,,,,,,,,,,,,,,0501,category,Working,0.4243,458.2,Working,3.62,0.97,,"car,dn,dur,rev,tail,unc",heuristic;observational,low,judgement;atus2014_2016;kahneman2004
revise-a-paper,Revise a paper,canonical,work,"work,progress,focus",60,120,240,5,0,3,0,4,0,4,1,0,1,0,0,2,3,2,4,3,3,2,3,3,0,1,1,3,1,10±2;14.5±2,,,,,,,,,,,,,,,0501,category,Working,0.4243,458.2,Working,3.62,0.97,,"car,decay,dur,reg",heuristic;observational,low,judgement;atus2014_2016;kahneman2004
prepare-a-lecture,Prepare a lecture,canonical,work,"work,progress,focus",60,120,240,5,0,3,0,4,0,3,2,0,1,0,0,2,3,2,4,4,3,2,2,3,0,1,1,3,1,10±2;14.5±2,,,,,,,,,,,,,,,0501,category,Working,0.4243,458.2,Working,3.62,0.97,,"car,decay,dur,lrn",heuristic;observational,low,judgement;atus2014_2016;kahneman2004
teach-a-class,Teach a class,canonical,work,"work,progress,focus",45,60,120,15,0,3,0,4,0,3,1,3,1,0,0,2,3,2,1,4,3,2,2,3,0,1,1,3,1,10±2;14.5±2,,,,,,,,,,,,,,,0501,category,Working,0.4243,458.2,Working,3.62,0.97,,"car,decay,dur,rev,setup,soc",heuristic;observational,low,judgement;atus2014_2016;kahneman2004
grade-assignments,Grade assignments,canonical,work,"work,progress,focus",30,90,180,5,0,3,0,4,0,2,1,0,0,0,0,2,3,2,4,3,3,2,2,3,0,1,1,3,1,10±2;14.5±2,,,,,,,,,,,,,,,0501,category,Working,0.4243,458.2,Working,3.62,0.97,,"car,decay,dur,joy",heuristic;observational,low,judgement;atus2014_2016;kahneman2004
hold-office-hours,Hold office hours,canonical,work,"work,progress,focus",30,60,120,5,0,3,0,4,0,2,1,3,1,0,0,2,3,2,4,2,3,2,2,3,0,1,1,3,1,10±2;14.5±2,,,,,,,,,,,,,,,0501,category,Working,0.4243,458.2,Working,3.62,0.97,,"car,dur,soc",heuristic;observational,low,judgement;atus2014_2016;kahneman2004
write-a-blog-post,Write a blog post,canonical,work,"work,progress,focus",45,90,180,5,0,3,0,4,0,2,2,0,2,0,0,2,3,2,4,2,3,2,2,3,0,3,1,3,1,10±2;14.5±2,,,,,,,,,,,,,,,0501,category,Working,0.4243,458.2,Working,3.62,0.97,,"car,dur,joy,lrn,tail",heuristic;observational,low,judgement;atus2014_2016;kahneman2004
record-a-podcast-episode,Record a podcast episode,canonical,work,"work,progress,focus",60,90,180,5,0,3,0,4,0,2,2,0,3,0,0,2,3,2,4,2,3,2,2,3,0,3,1,3,1,10±2;14.5±2,,,,,,,,,,,,,,,0501,category,Working,0.4243,458.2,Working,3.62,0.97,,"car,dur,joy,lrn,tail",heuristic;observational,low,judgement;atus2014_2016;kahneman2004
invoice-a-client,Invoice a client,canonical,work,"work,progress,focus",5,15,30,5,0,3,0,4,0,2,1,0,1,0,0,4,3,2,4,3,3,2,2,3,0,1,1,3,1,10±2;14.5±2,,,,,,,,,,,,,,,0501,category,Working,0.4243,458.2,Working,3.62,0.97,,"car,decay,dur,fin",heuristic;observational,low,judgement;atus2014_2016;kahneman2004
chase-an-unpaid-invoice,Chase an unpaid invoice,canonical,work,"work,progress,focus",5,15,30,5,0,3,0,4,0,4,1,1,1,0,0,4,3,2,4,2,3,2,2,3,0,1,1,3,1,10±2;14.5±2,,,,,,,,,,,,,,,0501,category,Working,0.4243,458.2,Working,3.62,0.97,,"act,dur,fin,soc",heuristic;observational,low,judgement;atus2014_2016;kahneman2004
do-freelance-work,Do freelance work,canonical,work,"work,progress,focus",60,120,240,5,0,3,0,4,0,3,1,0,1,0,0,3,3,2,4,2,3,2,2,3,0,1,1,3,1,10±2;14.5±2,,,,,,,,,,,,,,,0501,action,Working,0.4243,458.2,Working,3.62,0.97,,"atus,car,dur,fin",heuristic;observational,low,judgement;atus2014_2016;kahneman2004
do-overtime,Do overtime,canonical,work,"work,progress,focus",60,90,180,5,0,3,0,4,0,3,1,0,1,0,0,2,3,2,4,2,3,2,1,3,1,1,1,3,1,19±1.5,,,,,,,,,,,,,,,0501,category,Working,0.4243,458.2,Working,3.62,0.97,,"car,dn,dur,fin,hea,rec,reg,typ",heuristic;observational,low,judgement;atus2014_2016;kahneman2004
take-a-sick-day,Take a sick day,canonical,work,"work,progress,focus",240,480,600,5,0,3,0,4,4,0,1,0,1,4,0,2,3,2,4,2,3,2,1,3,0,1,1,3,1,10±2;14.5±2,,,,,,,,,,,,,,,0103,action,Health-related self care,0.0665,71.3,Working,3.62,0.97,,"atus,car,dur,hea,rec,reg",heuristic;observational,low,judgement;atus2014_2016;kahneman2004
take-annual-leave,Take annual leave,canonical,work,"work,progress,focus",480,480,600,5,0,3,0,4,0,0,1,0,3,4,0,2,3,2,4,2,2,2,2,3,0,1,1,3,1,10±2;14.5±2,,,,,,,,,,,,,,,0501,category,Working,0.4243,458.2,Working,3.62,0.97,,"car,dur,joy,opt,rec,reg",heuristic;observational,low,judgement;atus2014_2016;kahneman2004
ask-for-a-promotion,Ask for a promotion,canonical,work,"work,progress,focus",15,30,60,5,0,4,0,4,0,4,1,0,1,0,0,3,3,3,4,2,3,2,2,3,2,3,1,3,1,10±2;14.5±2,,,,,,,,,,,,,,,0501,category,Working,0.4243,458.2,Working,3.62,0.97,,"act,car,dn,dur,fin,tail,unc",heuristic;observational,low,judgement;atus2014_2016;kahneman2004
mentor-a-new-hire,Mentor a new hire,canonical,work,"work,progress,focus",30,60,120,5,0,3,0,4,0,2,1,3,1,0,0,2,3,2,4,2,3,2,2,3,0,1,1,3,1,10±2;14.5±2,,,,,,,,,,,,,,,0501,category,Working,0.4243,458.2,Working,3.62,0.97,,"car,dur,lt,soc",heuristic;observational,low,judgement;atus2014_2016;kahneman2004
organise-a-team-lunch,Organise a team lunch,canonical,work,"work,progress,focus",10,20,40,5,0,3,0,4,0,1,1,3,2,0,0,2,3,2,4,2,3,2,2,3,0,1,1,3,1,10±2;14.5±2,,,,,,,,,,,,,,,0501,category,Working,0.4243,458.2,Working,3.62,0.97,,"car,dur,joy,soc",heuristic;observational,low,judgement;atus2014_2016;kahneman2004
write-a-performance-review,Write a performance review,canonical,work,"work,progress,focus",30,60,120,5,0,3,0,4,0,3,1,0,0,0,0,2,3,2,4,3,3,2,2,3,0,1,1,3,1,10±2;14.5±2,,,,,,,,,,,,,,,0501,category,Working,0.4243,458.2,Working,3.62,0.97,,"car,decay,dur,joy",heuristic;observational,low,judgement;atus2014_2016;kahneman2004
clear-your-desk-at-the-end-of-the-day,Clear your desk at the end of the day,canonical,work,"work,progress,focus",5,10,15,5,0,3,0,4,0,2,1,0,1,1,0,2,3,2,4,2,2,2,2,3,0,1,1,3,1,18±1,,,,,,,,,,,,,,,0501,category,Working,0.4243,458.2,Working,3.62,0.97,,"car,dur,opt,rec,typ",heuristic;observational,low,judgement;atus2014_2016;kahneman2004
read-a-wikipedia-article,Read a Wikipedia article,canonical,learning,"learning,skill,understanding",5,15,40,5,0,1,0,4,0,2,2,0,2,0,0,0,4,2,4,1,3,2,1,2,0,2,2,1,2,20±3,,,,,,,,,,,,,,,0603,category,Research and homework,0.0578,173.4,,,,,"act,dur,info,joy,lrn",heuristic;observational,low,judgement;atus2014_2016
solve-a-practice-problem,Solve a practice problem,canonical,learning,"learning,skill,understanding",15,30,60,5,0,3,0,4,0,2,4,0,2,0,0,0,4,2,4,1,3,4,1,2,0,2,2,1,2,20±3,,,,,,,,,,,,,,,0603,category,Research and homework,0.0578,173.4,,,,,"cog,dur,joy,lrn",heuristic;observational,low,judgement;atus2014_2016
do-past-exam-papers,Do past exam papers,canonical,learning,"learning,skill,understanding",60,120,180,5,0,3,0,4,0,3,4,0,2,0,0,0,4,2,4,3,3,4,1,2,0,2,2,1,2,20±3,,,,,,,,,,,,,,,0603,category,Research and homework,0.0578,173.4,,,,,"car,decay,dur,lrn",heuristic;observational,low,judgement;atus2014_2016
make-a-mind-map,Make a mind map,canonical,learning,"learning,skill,understanding",10,20,40,5,0,2,0,4,0,2,3,0,2,0,0,0,4,2,4,1,3,4,1,2,0,2,2,1,2,20±3,,,,,,,,,,,,,,,0603,category,Research and homework,0.0578,173.4,,,,,"act,dur,lrn",heuristic;observational,low,judgement;atus2014_2016
explain-it-in-your-own-words,Explain it in your own words,canonical,learning,"learning,skill,understanding",10,20,30,5,0,2,0,4,0,2,4,0,2,0,0,0,4,2,4,1,3,3,1,2,0,2,2,1,2,20±3,,,,,,,,,,,,,,,0603,category,Research and homework,0.0578,173.4,,,,,"act,dur,info,lrn",heuristic;observational,low,judgement;atus2014_2016
memorise-something,Memorise something,canonical,learning,"learning,skill,understanding",10,20,40,5,0,2,0,4,0,2,3,0,2,0,0,0,4,2,4,1,3,4,1,2,0,2,2,1,2,20±3,,,,,,,,,,,,,,,0603,category,Research and homework,0.0578,173.4,,,,,"act,dur,lrn",heuristic;observational,low,judgement;atus2014_2016
join-a-study-group,Join a study group,canonical,learning,"learning,skill,understanding",60,90,150,15,0,3,0,4,0,2,4,3,2,0,0,0,4,2,4,1,3,4,1,2,0,2,2,1,2,20±3,,,,,,,,,,,,,,,0603,category,Research and homework,0.0578,173.4,,,,,"dur,lrn,setup,soc",heuristic;observational,low,judgement;atus2014_2016
sit-in-on-a-lecture,Sit in on a lecture,canonical,learning,"learning,skill,understanding",60,90,120,20,0,3,0,4,0,2,3,0,2,0,0,0,4,2,4,1,3,4,1,2,0,2,3,1,2,20±3,,,,,,,,,,,,,,,0601,action,Taking class,0.0504,299.2,,,,,"atus,dur,info,lrn,nov,setup,tail",heuristic;observational,low,judgement;atus2014_2016
enrol-in-a-course,Enrol in a course,canonical,learning,"learning,skill,understanding",15,30,60,5,3,3,0,4,0,2,4,0,2,0,0,0,4,2,2,1,3,4,1,2,0,2,2,1,2,20±3,,,,,,,,,,,,,,,0603,category,Research and homework,0.0578,173.4,,,,,"dur,lrn,money,opt,rev,tail",heuristic;observational,low,judgement;atus2014_2016
watch-an-introductory-lesson,Watch an introductory lesson,canonical,learning,"learning,skill,understanding",10,20,40,5,0,1,0,4,0,2,3,0,2,0,0,0,4,2,4,1,3,4,1,2,0,2,3,1,2,20±3,,,,,,,,,,,,,,,0603,category,Research and homework,0.0578,173.4,,,,,"act,dur,info,lrn,nov",heuristic;observational,low,judgement;atus2014_2016
read-a-research-survey,Read a research survey,canonical,learning,"learning,skill,understanding",45,90,180,5,0,3,0,4,0,3,4,0,2,0,0,0,4,2,4,1,3,4,1,2,0,2,2,1,2,20±3,,,,,,,,,,,,,,,0603,category,Research and homework,0.0578,173.4,,,,,"car,dur,info,lrn",heuristic;observational,low,judgement;atus2014_2016
replicate-a-result,Replicate a result,canonical,learning,"learning,skill,understanding",60,180,360,5,0,3,0,4,0,3,4,0,2,0,0,0,4,2,4,1,3,4,1,2,0,2,2,1,2,20±3,,,,,,,,,,,,,,,0603,category,Research and homework,0.0578,173.4,,,,,"car,dur,info,lrn,tail",heuristic;observational,low,judgement;atus2014_2016
take-a-mooc-quiz,Take a MOOC quiz,canonical,learning,"learning,skill,understanding",5,15,30,5,0,3,0,4,0,2,3,0,2,0,0,0,4,2,4,1,3,3,1,2,0,2,2,1,2,20±3,,,,,,,,,,,,,,,0603,category,Research and homework,0.0578,173.4,,,,,"dur,info,lrn",heuristic;observational,low,judgement;atus2014_2016
review-your-notes,Review your notes,canonical,learning,"learning,skill,understanding",10,20,45,5,0,2,0,4,0,2,3,0,2,0,0,0,4,2,4,1,3,4,1,2,0,2,2,1,2,20±3,,,,,,,,,,,,,,,0603,category,Research and homework,0.0578,173.4,,,,,"act,dur,lrn",heuristic;observational,low,judgement;atus2014_2016
learn-keyboard-shortcuts,Learn keyboard shortcuts,canonical,learning,"learning,skill,understanding",10,20,30,5,0,3,0,4,0,2,2,0,2,0,0,0,3,2,4,1,3,4,1,2,0,2,2,1,2,20±3,,,,,,,,,,,,,,,0603,category,Research and homework,0.0578,173.4,,,,,"car,dur,lrn,lt",heuristic;observational,low,judgement;atus2014_2016
learn-to-touch-type,Learn to touch type,canonical,learning,"learning,skill,understanding",10,20,30,5,0,3,0,4,0,2,3,0,2,0,0,0,4,2,4,1,3,4,1,2,0,2,2,1,2,20±3,,,,,,,,,,,,,,,0603,category,Research and homework,0.0578,173.4,,,,,"dur,lrn,lt",heuristic;observational,low,judgement;atus2014_2016
practise-speaking-a-language,Practise speaking a language,canonical,learning,"learning,skill,understanding",20,45,60,5,0,3,0,4,0,2,4,3,2,0,0,0,4,2,4,1,3,4,1,2,0,2,2,1,2,20±3,,,,,,,,,,,,,,,0603,category,Research and homework,0.0578,173.4,,,,,"act,dur,lrn,soc",heuristic;observational,low,judgement;atus2014_2016
listen-to-an-audiobook,Listen to an audiobook,canonical,learning,"learning,skill,understanding",20,45,90,5,0,0,0,4,0,2,2,0,3,2,0,0,4,2,4,1,3,4,1,2,0,2,2,1,2,20±3,,,,,,,,,,,,,,,0603,category,Research and homework,0.0578,173.4,,,,,"act,dur,joy,lrn,rec",heuristic;observational,low,judgement;atus2014_2016
browse-arxiv,Browse arXiv,canonical,learning,"learning,skill,understanding",10,20,45,5,0,1,0,4,0,2,2,0,2,0,0,0,4,2,4,1,3,3,1,2,0,2,2,1,2,20±3,,,,,,,,,,,,,,,0603,category,Research and homework,0.0578,173.4,,,,,"act,car,dur,info,lrn",heuristic;observational,low,judgement;atus2014_2016
attend-a-conference-talk,Attend a conference talk,canonical,learning,"learning,skill,understanding",30,60,90,15,0,3,0,4,0,2,3,2,2,0,0,0,4,2,4,1,3,4,1,2,0,2,2,1,2,20±3,,,,,,,,,,,,,,,0603,category,Research and homework,0.0578,173.4,,,,,"dur,lrn,nov,setup,soc,tail",heuristic;observational,low,judgement;atus2014_2016
visit-a-university-library,Visit a university library,canonical,learning,"learning,skill,understanding",60,120,180,25,0,3,0,4,0,2,3,0,2,0,0,0,4,2,4,1,3,4,1,2,0,2,2,1,2,20±3,,,,,9-21,,,,,,,,,1,0603,category,Research and homework,0.0578,173.4,,,,,"dur,lrn,open,setup,sg",heuristic;observational,low,judgement;singapore;atus2014_2016
take-a-20-minute-walk,Take a 20-minute walk,canonical,exercise,"fitness,health,stress-reduction,exercise",15,20,30,0,0,1,1,1,3,0,0,0,3,3,0,0,4,1,4,1,2,1,2,1,0,0,1,1,3,7±1.5;18±2,17.5±2.5,1,1,,,,,,,,,,,,130131,action,Walking,0.0633,53.8,Exercising,4.31,0.5,,"act,atus,dn,dur,ev,hea,joy,out,phys,rec,setup",heuristic;observational,low,judgement;singapore;atus2014_2016;kahneman2004
walk-10-000-steps,"Walk 10,000 steps",canonical,exercise,"fitness,health,stress-reduction,exercise",60,90,120,0,0,2,2,1,3,0,0,0,2,2,0,0,4,1,4,1,2,1,2,1,1,0,1,1,3,7±1.5;18±2,17.5±2.5,1,1,,,,,,,,,,,,130131,action,Walking,0.0633,53.8,Exercising,4.31,0.5,,"act,atus,dur,hea,out,phys,setup",heuristic;observational,low,judgement;singapore;atus2014_2016;kahneman2004
go-for-a-long-run,Go for a long run,canonical,exercise,"fitness,health,stress-reduction,exercise",60,90,150,5,0,3,4,1,4,0,0,0,2,2,0,0,4,1,4,1,2,1,2,1,2,0,1,1,3,7±1.5;18±2,17.5±2.5,1,1,,,heat illness,very low; higher in midday heat,3,3,yes,midday heat and humidity,,,,130124,action,Running,0.0181,48.3,Exercising,4.31,0.5,,"atus,dn,dur,hea,out,phys,setup",heuristic;observational,low,judgement;singapore;atus2014_2016;kahneman2004
do-interval-sprints,Do interval sprints,canonical,exercise,"fitness,health,stress-reduction,exercise",20,30,45,10,0,3,4,1,4,0,0,0,2,2,0,0,4,1,4,1,2,1,2,1,2,0,1,1,3,7±1.5;18±2,17.5±2.5,1,1,,,,,,,,,,,,130124,action,Running,0.0181,48.3,Exercising,4.31,0.5,,"atus,dn,dur,hea,out,phys",heuristic;observational,low,judgement;singapore;atus2014_2016;kahneman2004
use-the-treadmill,Use the treadmill,canonical,exercise,"fitness,health,stress-reduction,exercise",20,30,60,10,0,3,3,1,3,0,0,0,1,2,0,0,4,1,4,1,2,1,2,1,1,0,1,1,3,7±1.5;18±2,17.5±2.5,1,,,,,,,,,,,,,130128,action,Using cardiovascular equipment,0.0154,40.9,Exercising,4.31,0.5,,"atus,dur,hea,joy,phys",heuristic;observational,low,judgement;atus2014_2016;kahneman2004
use-the-elliptical,Use the elliptical,canonical,exercise,"fitness,health,stress-reduction,exercise",20,30,60,10,0,3,3,1,3,0,0,0,1,2,0,0,4,1,4,1,2,1,2,1,1,0,1,1,3,7±1.5;18±2,17.5±2.5,1,,,,,,,,,,,,,130128,action,Using cardiovascular equipment,0.0154,40.9,Exercising,4.31,0.5,,"atus,dur,hea,joy,phys",heuristic;observational,low,judgement;atus2014_2016;kahneman2004
ride-a-stationary-bike,Ride a stationary bike,canonical,exercise,"fitness,health,stress-reduction,exercise",20,45,60,10,0,3,3,1,4,0,0,0,2,2,0,0,4,1,4,1,2,1,2,1,1,0,1,1,3,7±1.5;18±2,17.5±2.5,1,,,,,,,,,,,,,130128,action,Using cardiovascular equipment,0.0154,40.9,Exercising,4.31,0.5,,"atus,dur,hea,phys",heuristic;observational,low,judgement;atus2014_2016;kahneman2004
do-a-spin-class,Do a spin class,canonical,exercise,"fitness,health,stress-reduction,exercise",45,45,60,20,2,3,4,1,4,0,0,2,2,2,0,0,4,1,4,1,2,1,2,1,1,0,1,1,3,7±1.5;18±2,17.5±2.5,1,,,,,,,,,,,,,130101,action,Doing aerobics,0.0032,49.6,Exercising,4.31,0.5,,"atus,dur,hea,money,phys,setup,soc",heuristic;observational,low,judgement;atus2014_2016;kahneman2004
do-an-aerobics-class,Do an aerobics class,canonical,exercise,"fitness,health,stress-reduction,exercise",45,60,60,20,2,3,3,1,3,0,0,2,3,2,0,0,4,1,4,1,2,1,2,1,1,0,1,1,3,7±1.5;18±2,17.5±2.5,1,,,,,,,,,,,,,130101,action,Doing aerobics,0.0032,49.6,Exercising,4.31,0.5,,"atus,dur,hea,joy,money,phys,setup,soc",heuristic;observational,low,judgement;atus2014_2016;kahneman2004
try-a-new-exercise-class,Try a new exercise class,canonical,exercise,"fitness,health,stress-reduction,exercise",45,60,75,20,2,3,3,1,3,0,0,0,2,2,0,0,4,1,4,1,2,3,2,1,1,1,4,1,3,7±1.5;18±2,17.5±2.5,1,,,,,,,,,,,,,1301,action,"Participating in sports, exercise or recreation",0.2014,90.8,Exercising,4.31,0.5,,"atus,dur,hea,info,money,nov,phys,setup,tail",heuristic;observational,low,judgement;atus2014_2016;kahneman2004
do-crossfit,Do CrossFit,canonical,exercise,"fitness,health,stress-reduction,exercise",45,60,75,20,2,3,4,1,4,0,0,2,2,2,0,0,4,1,4,1,2,1,2,1,2,0,1,1,3,7±1.5;18±2,17.5±2.5,1,,,,musculoskeletal injury,low,3,2,yes,heavy lifts under fatigue,,,,130134,action,"Working out, unspecified",0.0452,53.2,Exercising,4.31,0.5,,"atus,dn,dur,hea,money,phys,setup,soc",heuristic;observational,low,judgement;atus2014_2016;kahneman2004
do-a-home-workout,Do a home workout,canonical,exercise,"fitness,health,stress-reduction,exercise",15,30,45,0,0,2,3,1,3,0,0,0,2,2,0,0,4,1,4,1,2,1,2,1,1,0,1,1,3,7±1.5;18±2,17.5±2.5,1,,,,,,,,,,,,,130134,action,"Working out, unspecified",0.0452,53.2,Exercising,4.31,0.5,,"act,atus,dur,hea,phys,setup",heuristic;observational,low,judgement;atus2014_2016;kahneman2004
do-a-kettlebell-workout,Do a kettlebell workout,canonical,exercise,"fitness,health,stress-reduction,exercise",15,30,45,0,0,3,4,1,4,0,0,0,2,2,0,0,4,1,4,1,2,1,2,1,1,0,1,1,3,7±1.5;18±2,17.5±2.5,1,,,,,,,,,,,,,130133,action,Weightlifting or strength training,0.0216,52.3,Exercising,4.31,0.5,,"atus,dn,dur,hea,phys,setup",heuristic;observational,low,judgement;atus2014_2016;kahneman2004
do-resistance-band-exercises,Do resistance band exercises,canonical,exercise,"fitness,health,stress-reduction,exercise",10,20,30,0,0,3,2,1,3,0,0,0,2,2,0,0,4,1,4,1,2,1,2,1,1,0,1,1,3,7±1.5;18±2,17.5±2.5,1,,,,,,,,,,,,,130133,action,Weightlifting or strength training,0.0216,52.3,Exercising,4.31,0.5,,"atus,dur,hea,phys,setup",heuristic;observational,low,judgement;atus2014_2016;kahneman2004
do-a-plank,Do a plank,canonical,exercise,"fitness,health,stress-reduction,exercise",2,10,20,0,0,3,3,1,2,0,0,0,2,2,0,0,4,1,4,1,2,1,2,1,1,0,1,1,3,7±1.5;18±2,17.5±2.5,1,,,,,,,,,,,,,130134,action,"Working out, unspecified",0.0452,53.2,Exercising,4.31,0.5,,"atus,dur,hea,phys,setup",heuristic;observational,low,judgement;atus2014_2016;kahneman2004
do-squats,Do squats,canonical,exercise,"fitness,health,stress-reduction,exercise",10,20,40,0,0,3,3,1,3,0,0,0,2,2,0,0,4,1,4,1,2,1,2,1,1,0,1,1,3,7±1.5;18±2,17.5±2.5,1,,,,,,,,,,,,,130133,action,Weightlifting or strength training,0.0216,52.3,Exercising,4.31,0.5,,"atus,dur,hea,phys,setup",heuristic;observational,low,judgement;atus2014_2016;kahneman2004
do-pull-ups,Do pull-ups,canonical,exercise,"fitness,health,stress-reduction,exercise",5,15,30,0,0,3,4,1,3,0,0,0,2,2,0,0,4,1,4,1,2,1,2,1,1,0,1,1,3,7±1.5;18±2,17.5±2.5,1,,,,,,,,,,,,,130133,action,Weightlifting or strength training,0.0216,52.3,Exercising,4.31,0.5,,"atus,dur,hea,phys,setup",heuristic;observational,low,judgement;atus2014_2016;kahneman2004
lift-weights-at-home,Lift weights at home,canonical,exercise,"fitness,health,stress-reduction,exercise",20,40,60,0,0,3,4,1,4,0,0,0,2,2,0,0,4,1,4,1,2,1,2,1,1,0,1,1,3,7±1.5;18±2,17.5±2.5,1,,,,,,,,,,,,,130133,action,Weightlifting or strength training,0.0216,52.3,Exercising,4.31,0.5,,"atus,dn,dur,hea,phys,setup",heuristic;observational,low,judgement;atus2014_2016;kahneman2004
do-a-stretching-routine,Do a stretching routine,canonical,exercise,"fitness,health,stress-reduction,exercise",10,20,30,0,0,3,1,1,2,0,0,0,2,3,0,0,4,1,4,1,2,1,2,1,1,0,1,1,3,7±1.5;18±2,17.5±2.5,1,,,,,,,,,,,,,130134,action,"Working out, unspecified",0.0452,53.2,Exercising,4.31,0.5,,"atus,dur,hea,phys,rec,setup",heuristic;observational,low,judgement;atus2014_2016;kahneman2004
do-tai-chi,Do tai chi,canonical,exercise,"fitness,health,stress-reduction,exercise",20,30,60,10,0,3,2,1,3,0,0,0,2,3,0,0,4,1,4,1,2,1,2,1,1,0,1,1,3,7±1.5;18±2,17.5±2.5,1,1,,,,,,,,,,,,1301,category,"Participating in sports, exercise or recreation",0.2014,90.8,Exercising,4.31,0.5,,"dur,hea,out,phys,rec,setup",heuristic;observational,low,judgement;singapore;atus2014_2016;kahneman2004
do-pilates-reformer,Do Pilates reformer,canonical,exercise,"fitness,health,stress-reduction,exercise",45,50,60,20,3,3,3,1,3,0,0,0,2,2,0,0,4,1,4,1,2,1,2,1,1,0,1,1,3,7±1.5;18±2,17.5±2.5,1,,,,,,,,,,,,,1301,category,"Participating in sports, exercise or recreation",0.2014,90.8,Exercising,4.31,0.5,,"dur,hea,money,phys,setup",heuristic;observational,low,judgement;atus2014_2016;kahneman2004
do-aqua-aerobics,Do aqua aerobics,canonical,exercise,"fitness,health,stress-reduction,exercise",45,45,60,20,1,3,2,1,3,0,0,2,2,2,0,0,4,1,4,1,2,1,2,1,1,0,1,1,3,7±1.5;18±2,17.5±2.5,1,,,,,,,,,,,,,130132,action,Participating in water sports,0.0142,104.7,Exercising,4.31,0.5,,"atus,dur,hea,money,phys,setup,soc",heuristic;observational,low,judgement;atus2014_2016;kahneman2004
go-paddleboarding,Go paddleboarding,canonical,exercise,"fitness,health,stress-reduction,exercise",60,90,120,30,2,3,3,1,4,0,0,0,4,2,0,0,4,1,4,1,2,1,2,1,1,0,3,1,3,7±1.5;18±2,17.5±2.5,1,1,1,,drowning,very low,4,4,yes,"offshore wind, no leash or buoyancy aid",,,,130132,action,Participating in water sports,0.0142,104.7,Exercising,4.31,0.5,,"atus,day,dur,joy,money,nov,out,phys,setup",heuristic;observational,low,judgement;singapore;atus2014_2016;kahneman2004
go-surfing,Go surfing,canonical,exercise,"fitness,health,stress-reduction,exercise",60,120,180,45,2,3,4,1,4,0,0,0,4,2,0,0,4,1,4,1,2,1,2,1,2,0,3,1,3,7±1.5;18±2,17.5±2.5,1,1,1,,drowning or impact injury,low,4,3,yes,"rip currents, reef breaks, surfing alone",,,,130132,action,Participating in water sports,0.0142,104.7,Exercising,4.31,0.5,,"atus,day,dn,dur,joy,money,nov,out,phys,setup",heuristic;observational,low,judgement;singapore;atus2014_2016;kahneman2004
go-snorkelling,Go snorkelling,canonical,exercise,"fitness,health,stress-reduction,exercise",60,90,180,45,2,3,2,1,4,0,0,0,4,2,0,0,4,1,4,1,2,1,2,1,1,0,4,1,3,7±1.5;18±2,17.5±2.5,1,1,1,,drowning,low,4,4,yes,"currents, boat traffic, snorkelling alone",,,,130132,action,Participating in water sports,0.0142,104.7,Exercising,4.31,0.5,,"atus,day,dur,joy,money,nov,out,phys,setup",heuristic;observational,low,judgement;singapore;atus2014_2016;kahneman2004
go-scuba-diving,Go scuba diving,canonical,exercise,"fitness,health,stress-reduction,exercise",120,240,480,60,4,3,3,1,4,0,0,0,4,2,0,0,4,3,4,1,2,1,2,1,1,0,4,1,3,7±1.5;18±2,17.5±2.5,1,1,1,,drowning or decompression injury,low,4,4,yes,"diving beyond training, equipment faults, no buddy",,,,130132,action,Participating in water sports,0.0142,104.7,Exercising,4.31,0.5,,"atus,day,dur,joy,money,nov,out,phys,setup,unc",heuristic;observational,low,judgement;singapore;atus2014_2016;kahneman2004
go-sailing,Go sailing,canonical,exercise,"fitness,health,stress-reduction,exercise",120,180,360,45,3,3,2,1,4,0,0,0,4,2,0,0,4,1,4,1,2,1,2,1,1,0,4,1,3,7±1.5;18±2,17.5±2.5,1,1,1,,drowning,low,4,4,yes,"squalls, capsizing without a buoyancy aid",,,,130106,action,Boating,0.0018,149.7,Exercising,4.31,0.5,,"atus,day,dur,joy,money,nov,out,phys,setup",heuristic;observational,low,judgement;singapore;atus2014_2016;kahneman2004
go-rock-climbing-outdoors,Go rock climbing outdoors,canonical,exercise,"fitness,health,stress-reduction,exercise",180,240,480,60,2,3,4,1,4,0,0,0,4,2,0,0,4,1,4,1,2,1,2,1,1,0,4,1,3,7±1.5;18±2,17.5±2.5,1,1,1,,fall injury,low,4,4,yes,"anchor or belay errors, loose rock",,,,130108,action,"Climbing, spelunking and caving",0.0003,129.1,Exercising,4.31,0.5,,"atus,day,dur,joy,money,nov,out,phys,setup",heuristic;observational,low,judgement;singapore;atus2014_2016;kahneman2004
go-bowling,Go bowling,canonical,exercise,"fitness,health,stress-reduction,exercise",60,90,120,20,2,3,1,1,4,0,0,3,3,2,0,0,4,1,4,1,2,1,2,1,1,0,1,1,3,7±1.5;18±2,17.5±2.5,1,,,10-24,,,,,,,,,,130107,action,Bowling,0.0029,146.4,Exercising,4.31,0.5,,"atus,dur,joy,money,open,phys,setup,soc",heuristic;observational,low,judgement;singapore;atus2014_2016;kahneman2004
play-pool,Play pool,canonical,exercise,"fitness,health,stress-reduction,exercise",45,60,120,15,1,3,1,1,4,0,0,3,3,2,0,0,4,1,4,1,2,1,2,1,1,0,1,1,3,7±1.5;18±2,17.5±2.5,1,,,,,,,,,,,,,1301,category,"Participating in sports, exercise or recreation",0.2014,90.8,Exercising,4.31,0.5,,"dur,joy,money,phys,setup,soc",heuristic;observational,low,judgement;atus2014_2016;kahneman2004
play-darts,Play darts,canonical,exercise,"fitness,health,stress-reduction,exercise",30,45,90,10,0,3,1,1,4,0,0,3,3,2,0,0,4,1,4,1,2,1,2,1,1,0,1,1,3,7±1.5;18±2,17.5±2.5,1,,,,,,,,,,,,,1301,category,"Participating in sports, exercise or recreation",0.2014,90.8,Exercising,4.31,0.5,,"dur,joy,phys,soc",heuristic;observational,low,judgement;atus2014_2016;kahneman2004
go-horse-riding,Go horse riding,canonical,exercise,"fitness,health,stress-reduction,exercise",60,90,120,45,4,3,3,1,4,0,0,0,4,2,0,0,4,1,4,1,2,1,2,1,2,0,4,1,3,7±1.5;18±2,17.5±2.5,1,,,,fall injury,low,4,3,yes,"falls, no helmet",,,,1301,category,"Participating in sports, exercise or recreation",0.2014,90.8,Exercising,4.31,0.5,,"dn,dur,joy,money,nov,phys,setup",heuristic;observational,low,judgement;atus2014_2016;kahneman2004
go-skateboarding,Go skateboarding,canonical,exercise,"fitness,health,stress-reduction,exercise",30,60,120,10,0,3,3,1,4,0,0,0,4,2,0,0,4,1,4,1,2,1,2,1,2,0,1,1,3,7±1.5;18±2,17.5±2.5,1,1,,,fall injury,low,3,2,yes,falls without a helmet,,,,1301,category,"Participating in sports, exercise or recreation",0.2014,90.8,Exercising,4.31,0.5,,"dn,dur,joy,out,phys,setup",heuristic;observational,low,judgement;singapore;atus2014_2016;kahneman2004
go-rollerblading,Go rollerblading,canonical,exercise,"fitness,health,stress-reduction,exercise",30,60,90,10,0,3,3,1,4,0,0,0,3,2,0,0,4,1,4,1,2,1,2,1,2,0,1,1,3,7±1.5;18±2,17.5±2.5,1,1,,,fall injury,low,3,2,yes,falls without protection,,,,130122,action,Rollerblading,0.0011,135.4,Exercising,4.31,0.5,,"atus,dn,dur,joy,out,phys,setup",heuristic;observational,low,judgement;singapore;atus2014_2016;kahneman2004
jump-rope,Jump rope,canonical,exercise,"fitness,health,stress-reduction,exercise",5,15,20,0,0,3,4,1,3,0,0,0,2,2,0,0,4,1,4,1,2,1,2,1,1,0,1,1,3,7±1.5;18±2,17.5±2.5,1,,,,,,,,,,,,,1301,category,"Participating in sports, exercise or recreation",0.2014,90.8,Exercising,4.31,0.5,,"dur,hea,phys,setup",heuristic;observational,low,judgement;atus2014_2016;kahneman2004
walk-in-the-rain,Walk in the rain,canonical,exercise,"fitness,health,stress-reduction,exercise",15,30,45,0,0,3,1,1,4,0,0,0,2,3,0,0,4,1,4,1,2,1,2,1,1,0,2,1,3,7±1.5;18±2,17.5±2.5,1,1,,,,,,,,,,,,1301,category,"Participating in sports, exercise or recreation",0.2014,90.8,Exercising,4.31,0.5,,"dur,joy,nov,out,phys,rec,setup",heuristic;observational,low,judgement;singapore;atus2014_2016;kahneman2004
run-a-race,Run a race,canonical,exercise,"fitness,health,stress-reduction,exercise",30,60,180,60,2,3,4,1,3,0,0,2,3,2,0,0,4,1,4,4,2,1,2,1,1,0,1,1,3,7±1.5;18±2,17.5±2.5,1,,,,,,,,,,,,,130124,action,Running,0.0181,48.3,Exercising,4.31,0.5,,"atus,decay,dur,hea,joy,money,phys,setup,soc",heuristic;observational,low,judgement;atus2014_2016;kahneman2004
sign-up-for-a-race,Sign up for a race,canonical,exercise,"fitness,health,stress-reduction,exercise",5,10,20,0,2,2,0,1,2,0,0,0,2,2,0,0,3,1,4,1,2,1,2,1,1,1,1,1,3,7±1.5;18±2,17.5±2.5,1,,,,,,,,,,,,,1301,category,"Participating in sports, exercise or recreation",0.2014,90.8,Exercising,4.31,0.5,,"act,dur,hea,lt,money,opt,phys,setup,tail",heuristic;observational,low,judgement;atus2014_2016;kahneman2004
train-for-a-marathon,Train for a marathon,canonical,exercise,"fitness,health,stress-reduction,exercise",45,90,180,10,0,3,4,1,4,0,0,0,2,2,0,0,4,1,4,1,2,1,2,1,2,0,1,1,3,7±1.5;18±2,17.5±2.5,1,,,,,,,,,,,,,130124,action,Running,0.0181,48.3,Exercising,4.31,0.5,,"atus,dn,dur,hea,lt,phys",heuristic;observational,low,judgement;atus2014_2016;kahneman2004
do-physiotherapy-exercises,Do physiotherapy exercises,canonical,exercise,"fitness,health,stress-reduction,exercise",10,20,30,0,0,3,2,1,4,0,0,0,2,2,0,0,4,1,4,1,2,1,3,1,1,0,1,1,3,7±1.5;18±2,17.5±2.5,1,,,,,,,,,,,,,0103,action,Health-related self care,0.0665,71.3,Exercising,4.31,0.5,,"atus,dur,hea,lt,phys,reg,setup",heuristic;observational,low,judgement;atus2014_2016;kahneman2004
warm-up-before-exercise,Warm up before exercise,canonical,exercise,"injury-prevention,exercise",5,10,15,0,0,3,1,1,2,0,0,0,2,2,0,0,4,1,4,1,2,1,2,1,0,0,1,1,3,7±1.5;18±2,17.5±2.5,1,,,,,,,,,,,,,1301,category,"Participating in sports, exercise or recreation",0.2014,90.8,Exercising,4.31,0.5,,"dn,dur,hea,phys,setup",heuristic;observational,low,judgement;atus2014_2016;kahneman2004
cool-down-after-exercise,Cool down after exercise,canonical,exercise,"fitness,health,stress-reduction,exercise",5,10,15,0,0,3,1,1,2,0,0,0,2,2,0,0,4,1,4,1,2,1,2,1,1,0,1,1,3,7±1.5;18±2,17.5±2.5,1,,,,,,,,,,,,,1301,category,"Participating in sports, exercise or recreation",0.2014,90.8,Exercising,4.31,0.5,,"dur,hea,phys,rec,setup",heuristic;observational,low,judgement;atus2014_2016;kahneman2004
stretch-at-your-desk,Stretch at your desk,canonical,exercise,"fitness,health,stress-reduction,exercise",2,5,10,0,0,3,1,1,2,0,0,0,2,2,0,0,4,1,4,1,2,1,2,1,1,0,1,1,3,7±1.5;18±2,17.5±2.5,1,,,,,,,,,,,,,1301,category,"Participating in sports, exercise or recreation",0.2014,90.8,Exercising,4.31,0.5,,"dur,hea,phys,rec,setup",heuristic;observational,low,judgement;atus2014_2016;kahneman2004
stand-up-and-move,Stand up and move,canonical,exercise,"fitness,health,stress-reduction,exercise",2,5,10,0,0,3,1,1,2,0,0,0,2,2,0,0,4,1,4,1,2,1,2,1,1,0,1,1,3,7±1.5;18±2,17.5±2.5,1,,,,,,,,,,,,,1301,category,"Participating in sports, exercise or recreation",0.2014,90.8,Exercising,4.31,0.5,,"dur,hea,phys,rec,setup",heuristic;observational,low,judgement;atus2014_2016;kahneman2004
cycle-to-work,Cycle to work,canonical,exercise,"fitness,health,stress-reduction,exercise",20,30,60,5,0,3,3,1,4,1,0,0,2,2,0,0,4,1,4,1,2,1,2,1,2,0,1,1,3,7±1.5;18±2,17.5±2.5,1,1,,,road traffic injury,low,4,3,yes,"riding on roads, darkness, no helmet",,,,130104,action,Biking,0.0067,76.4,Exercising,4.31,0.5,,"atus,car,dn,dur,hea,out,phys,setup",heuristic;observational,low,judgement;singapore;atus2014_2016;kahneman2004
go-mountain-biking,Go mountain biking,canonical,exercise,"fitness,health,stress-reduction,exercise",60,120,180,30,0,3,4,1,4,0,0,0,4,2,0,0,4,1,4,1,2,1,2,1,3,0,3,1,3,7±1.5;18±2,17.5±2.5,1,1,1,,crash injury,low,3,3,yes,"speed on technical trails, riding alone",,,,130104,action,Biking,0.0067,76.4,Exercising,4.31,0.5,,"atus,day,dn,dur,joy,nov,out,phys,setup",heuristic;observational,low,judgement;singapore;atus2014_2016;kahneman2004
play-frisbee-in-the-park,Play frisbee in the park,canonical,exercise,"fitness,health,stress-reduction,exercise",60,90,120,20,0,3,3,1,4,0,0,3,4,2,0,0,4,1,4,1,2,1,2,1,1,0,1,1,3,7±1.5;18±2,17.5±2.5,1,1,,,,,,,,,,,,1301,category,"Participating in sports, exercise or recreation",0.2014,90.8,Exercising,4.31,0.5,,"dur,joy,out,phys,setup,soc",heuristic;observational,low,judgement;singapore;atus2014_2016;kahneman2004
play-catch,Play catch,canonical,exercise,"fitness,health,stress-reduction,exercise",15,30,60,5,0,3,2,1,4,0,0,3,3,2,0,0,4,1,4,1,2,1,2,1,1,0,1,1,3,7±1.5;18±2,17.5±2.5,1,1,,,,,,,,,,,,1301,category,"Participating in sports, exercise or recreation",0.2014,90.8,Exercising,4.31,0.5,,"dur,joy,out,phys,setup,soc",heuristic;observational,low,judgement;singapore;atus2014_2016;kahneman2004
do-gymnastics,Do gymnastics,canonical,exercise,"fitness,health,stress-reduction,exercise",60,90,120,20,0,3,4,1,4,0,2,0,2,2,0,0,4,1,4,1,2,1,2,1,2,0,1,1,3,7±1.5;18±2,17.5±2.5,1,,,,,,,,,,,,,1301,category,"Participating in sports, exercise or recreation",0.2014,90.8,Exercising,4.31,0.5,,"dn,dur,lrn,phys,setup",heuristic;observational,low,judgement;atus2014_2016;kahneman2004
do-boxing-training,Do boxing training,canonical,exercise,"fitness,health,stress-reduction,exercise",45,60,75,20,2,3,4,1,4,0,0,0,2,2,0,0,4,1,4,1,2,1,2,1,2,0,1,1,3,7±1.5;18±2,17.5±2.5,1,,,,head injury,low,3,3,yes,hard sparring,,,,130119,action,Martial arts,0.0006,98.8,Exercising,4.31,0.5,,"atus,dn,dur,hea,money,phys,setup",heuristic;observational,low,judgement;atus2014_2016;kahneman2004
do-a-fitness-test,Do a fitness test,canonical,exercise,"fitness,health,stress-reduction,exercise",20,30,60,15,0,3,4,1,2,0,0,0,2,2,0,0,4,1,4,3,2,4,2,1,1,0,1,1,3,7±1.5;18±2,17.5±2.5,1,,,,,,,,,,,,1,130124,action,Running,0.0181,48.3,Exercising,4.31,0.5,,"atus,decay,dur,hea,info,phys,setup,sg",heuristic;observational,low,judgement;singapore;atus2014_2016;kahneman2004
take-a-vitamin,Take a vitamin,canonical,health,"health,self-care",1,1,2,0,0,0,1,1,1,0,0,0,1,2,0,0,3,1,4,2,1,1,2,1,0,0,0,2,1,8±2;21±2,,,,,,,,,,,,,,,0103,category,Health-related self care,0.0665,71.3,,,,,"act,dur,ev,hea",heuristic;observational,low,judgement;atus2014_2016
measure-your-blood-pressure,Measure your blood pressure,canonical,health,"health,self-care",3,5,10,0,0,1,1,1,3,0,0,0,1,2,0,0,3,1,4,2,1,4,2,1,0,0,0,2,2,8±2;21±2,,,,,,,,,,,,,,,0103,category,Health-related self care,0.0665,71.3,,,,,"act,dur,hea,info",heuristic;observational,low,judgement;atus2014_2016
check-your-weight,Check your weight,canonical,health,"health,self-care",1,2,3,0,0,0,1,1,1,0,0,0,1,2,0,0,3,1,4,2,1,2,2,1,0,0,0,2,2,8±2;21±2,,,,,,,,,,,,,,,0103,category,Health-related self care,0.0665,71.3,,,,,"act,dur,hea,info",heuristic;observational,low,judgement;atus2014_2016
book-a-vaccination,Book a vaccination,canonical,health,"health,self-care",10,15,30,0,0,2,1,1,4,0,0,0,1,2,0,0,4,1,4,3,1,1,3,1,0,0,0,2,3,8±2;21±2,,,,,,,,,,,,,,,0103,category,Health-related self care,0.0665,71.3,,,,,"act,decay,dur,ev,hea,lt,reg",heuristic;observational,low,judgement;atus2014_2016
get-a-flu-shot,Get a flu shot,canonical,health,"health,self-care",15,30,60,20,1,2,1,1,4,0,0,0,1,2,0,0,3,1,4,2,1,1,2,1,0,0,0,2,3,8±2;21±2,,,,,8-21,,,,,,,,,,0804,action,Medical and care services,0.0376,86.3,,,,,"act,atus,dur,ev,hea,money,open,setup",heuristic;observational,low,judgement;singapore;atus2014_2016
see-a-gp,See a GP,canonical,health,"health,self-care",30,60,120,20,2,3,1,1,4,0,0,0,1,2,0,0,3,1,4,2,1,4,2,1,0,0,0,2,2,8±2;21±2,,,,,8-21,,,,,,,,,,0804,action,Medical and care services,0.0376,86.3,,,,,"act,atus,dur,hea,info,money,open,setup",heuristic;observational,low,judgement;singapore;atus2014_2016
see-a-specialist,See a specialist,canonical,health,"health,self-care",30,60,120,30,3,3,1,1,4,0,0,0,1,2,0,0,3,1,4,2,1,4,2,1,0,0,0,2,2,8±2;21±2,,,,,8-17,,,,,,,,,,0804,action,Medical and care services,0.0376,86.3,,,,,"act,atus,dur,hea,info,money,open,setup",heuristic;observational,low,judgement;singapore;atus2014_2016
go-for-a-blood-test,Go for a blood test,canonical,health,"health,self-care",15,30,60,20,2,1,1,1,3,0,0,0,1,2,0,0,3,1,4,2,1,4,2,1,0,0,0,2,2,8±2;21±2,,,,,7.5-12,,,,,,,,,,0804,action,Medical and care services,0.0376,86.3,,,,,"atus,dur,hea,info,money,open,setup",heuristic;observational,low,judgement;singapore;atus2014_2016
get-your-eyes-tested,Get your eyes tested,canonical,health,"health,self-care",20,30,60,20,2,1,1,1,3,0,0,0,1,2,0,0,3,1,4,2,1,3,2,1,0,0,0,2,2,8±2;21±2,,,,,10-21,,,,,,,,,,0804,action,Medical and care services,0.0376,86.3,,,,,"atus,dur,hea,info,money,open,setup",heuristic;observational,low,judgement;singapore;atus2014_2016
get-a-hearing-test,Get a hearing test,canonical,health,"health,self-care",30,45,60,20,2,1,1,1,2,0,0,0,1,2,0,0,3,1,4,2,1,3,2,1,0,0,0,2,2,8±2;21±2,,,,,,,,,,,,,,,0804,action,Medical and care services,0.0376,86.3,,,,,"atus,dur,hea,info,money,setup",heuristic;observational,low,judgement;atus2014_2016
book-a-mammogram,Book a mammogram,canonical,health,"health,self-care",10,15,30,0,0,3,1,1,4,0,0,0,1,2,0,0,3,1,4,2,1,4,3,1,0,0,0,2,3,8±2;21±2,,,,,,,,,,,,,,,0103,category,Health-related self care,0.0665,71.3,,,,,"act,dur,ev,hea,info,reg",heuristic;observational,low,judgement;atus2014_2016
book-a-colonoscopy,Book a colonoscopy,canonical,health,"health,self-care",10,15,30,0,0,4,1,1,4,0,0,0,1,2,0,0,3,1,4,2,1,4,3,1,0,0,0,2,3,8±2;21±2,,,,,,,,,,,,,,,0103,category,Health-related self care,0.0665,71.3,,,,,"act,dur,ev,hea,info,reg",heuristic;observational,low,judgement;atus2014_2016
do-a-skin-check,Do a skin check,canonical,health,"health,self-care",5,10,20,0,0,1,1,1,3,0,0,0,1,2,0,0,3,1,4,2,1,3,2,1,0,0,0,2,2,8±2;21±2,,,,,,,,,,,,,,,0103,category,Health-related self care,0.0665,71.3,,,,,"act,dur,hea,info",heuristic;observational,low,judgement;atus2014_2016
see-a-therapist,See a therapist,canonical,health,"health,self-care",50,60,90,20,3,4,1,1,4,0,0,0,1,2,0,0,4,1,4,2,1,3,2,1,0,0,0,2,2,8±2;21±2,,,,,,,,,,,,,,,0103,category,Health-related self care,0.0665,71.3,,,,,"act,dur,hea,info,lt,money,rec,setup",heuristic;observational,low,judgement;atus2014_2016
book-a-therapy-session,Book a therapy session,canonical,health,"health,self-care",10,20,45,0,0,4,1,1,3,0,0,0,1,2,0,0,3,1,4,2,3,1,3,1,0,0,0,2,2,8±2;21±2,,,,,,,,,,,,,,,0103,category,Health-related self care,0.0665,71.3,,,,,"act,dur,hea,opt,reg",heuristic;observational,low,judgement;atus2014_2016
take-a-mental-health-day,Take a mental health day,canonical,health,"health,self-care",240,480,600,0,0,1,1,1,3,0,0,0,1,4,0,0,3,1,4,2,1,1,2,1,0,0,0,2,2,8±2;21±2,,,,,,,,,,,,,,,0103,category,Health-related self care,0.0665,71.3,,,,,"car,dur,hea,rec",heuristic;observational,low,judgement;atus2014_2016
ice-an-injury,Ice an injury,canonical,health,"health,self-care",10,15,20,0,0,1,1,1,3,0,0,0,1,2,0,0,3,1,4,2,1,1,2,1,0,0,0,2,2,8±2;21±2,,,,,,,,,,,,,,,0103,category,Health-related self care,0.0665,71.3,,,,,"act,dur,hea,rec",heuristic;observational,low,judgement;atus2014_2016
rest-an-injury,Rest an injury,canonical,health,"health,self-care",60,1440,4320,0,0,0,1,1,4,0,0,0,1,3,0,0,3,1,4,2,1,1,2,1,0,0,0,2,2,8±2;21±2,,,,,,,,,,,,,,,0103,category,Health-related self care,0.0665,71.3,,,,,"act,dur,hea,rec",heuristic;observational,low,judgement;atus2014_2016
take-painkillers,Take painkillers,canonical,health,"health,self-care",1,1,2,0,0,0,1,1,2,0,0,0,1,2,0,0,3,1,4,2,1,1,2,1,1,0,0,2,2,8±2;21±2,,,,,,,,,,,,,,,0103,category,Health-related self care,0.0665,71.3,,,,,"act,dn,dur,hea,rec",heuristic;observational,low,judgement;atus2014_2016
clean-a-wound,Clean a wound,canonical,health,"health,self-care",3,5,10,0,0,1,1,1,3,0,0,0,1,2,0,0,3,1,4,4,1,1,2,1,0,0,0,2,2,8±2;21±2,,,,,,,,,,,,,,,0103,category,Health-related self care,0.0665,71.3,,,,,"act,decay,dur,hea",heuristic;observational,low,judgement;atus2014_2016
use-sunscreen,Use sunscreen,canonical,health,"health,self-care",1,2,3,0,0,1,1,1,3,0,0,0,1,2,0,0,3,1,4,2,1,1,2,1,0,0,0,2,3,8±2;21±2,,,,,,,,,,,,,,,0103,category,Health-related self care,0.0665,71.3,,,,,"act,dur,ev,hea,lt",heuristic;observational,low,judgement;atus2014_2016
wear-a-mask,Wear a mask,canonical,health,"health,self-care",1,1,1,0,0,1,1,1,2,0,0,0,1,2,0,0,3,1,4,2,1,1,2,1,0,0,0,2,2,8±2;21±2,,,,,,,,,,,,,,,0103,category,Health-related self care,0.0665,71.3,,,,,"act,dur,hea",heuristic;observational,low,judgement;atus2014_2016
wash-your-hands,Wash your hands,canonical,health,"health,self-care",1,1,2,0,0,0,1,1,2,0,0,0,1,2,0,0,3,1,4,2,1,1,2,1,0,0,0,2,3,8±2;21±2,,,,,,,,,,,,,,,0103,category,Health-related self care,0.0665,71.3,,,,,"act,dur,ev,hea",heuristic;observational,low,judgement;atus2014_2016
check-a-symptom,Check a symptom,canonical,health,"health,self-care",5,10,20,0,0,1,1,1,1,0,0,0,1,2,0,0,3,1,4,2,1,2,2,1,1,0,0,2,2,8±2;21±2,,,,,,,,,,,,,,,0103,category,Health-related self care,0.0665,71.3,,,,,"act,dn,dur,hea,info",heuristic;observational,low,judgement;atus2014_2016
quit-smoking-for-a-day,Quit smoking for a day,canonical,health,"health,self-care",1440,1440,1440,0,0,4,1,1,4,0,0,0,1,2,0,0,4,1,4,2,1,3,2,1,0,0,0,2,3,8±2;21±2,,,,,,,,,,,,,,,0103,category,Health-related self care,0.0665,71.3,,,,,"act,dur,ev,hea,info,lt",heuristic;observational,low,judgement;atus2014_2016
smoke-a-cigarette,Smoke a cigarette,canonical,health,"health,self-care",5,5,10,0,0,0,1,1,0,0,0,0,2,1,0,0,0,1,4,2,1,1,0,1,2,0,0,2,2,8±2;21±2,,,,,,serious smoking-related disease,high over repeated exposure,4,3,yes,every cigarette adds to cumulative exposure,,,,,,,,,,,,,"act,atus,dn,dur,hea,joy,lt,rec,reg",heuristic,low,judgement
skip-alcohol-for-a-week,Skip alcohol for a week,canonical,health,"health,self-care",10080,10080,10080,0,0,3,1,1,3,0,0,0,1,2,0,1,3,1,4,2,1,3,2,1,0,0,0,2,2,8±2;21±2,,,,,,,,,,,,,,,0103,category,Health-related self care,0.0665,71.3,,,,,"act,dur,fin,hea,info,lt",heuristic;observational,low,judgement;atus2014_2016
drink-less-caffeine,Drink less caffeine,canonical,health,"health,self-care",1,1,1,0,0,2,1,1,2,0,0,0,1,2,0,0,3,1,4,2,1,1,2,1,0,0,0,2,2,8±2;21±2,,,,,,,,,,,,,,,0103,category,Health-related self care,0.0665,71.3,,,,,"act,dur,hea",heuristic;observational,low,judgement;atus2014_2016
clean-your-retainer,Clean your retainer,canonical,health,"health,self-care",2,5,10,0,0,1,1,1,1,0,0,0,1,2,0,0,3,1,4,2,1,1,2,1,0,0,0,2,2,8±2;21±2,,,,,,,,,,,,,,,0103,category,Health-related self care,0.0665,71.3,,,,,"act,dur,hea",heuristic;observational,low,judgement;atus2014_2016
track-what-you-eat,Track what you eat,canonical,health,"health,self-care",5,10,20,0,0,2,1,1,2,0,0,0,1,2,0,0,3,1,4,2,1,3,2,1,0,0,0,2,2,8±2;21±2,,,,,,,,,,,,,,,0103,category,Health-related self care,0.0665,71.3,,,,,"act,dur,hea,info",heuristic;observational,low,judgement;atus2014_2016
stretch-your-eyes,Stretch your eyes,canonical,health,"health,self-care",1,2,5,0,0,0,1,1,1,0,0,0,1,2,0,0,3,1,4,2,1,1,2,1,0,0,0,2,2,8±2;21±2,,,,,,,,,,,,,,,0103,category,Health-related self care,0.0665,71.3,,,,,"act,dur,hea,rec",heuristic;observational,low,judgement;atus2014_2016
get-a-health-screening,Get a health screening,canonical,health,"health,self-care",60,90,180,20,2,3,1,1,4,0,0,0,1,2,0,0,4,1,4,2,1,4,2,1,0,0,0,2,2,8±2;21±2,,,,,8-12,,,,,,,,,1,0804,action,Medical and care services,0.0376,86.3,,,,,"act,atus,dur,hea,info,lt,money,open,setup,sg",heuristic;observational,low,judgement;singapore;atus2014_2016
shave,Shave,canonical,grooming,"self-care,appearance,hygiene",5,10,15,0,0,1,0,0,1,0,0,0,1,1,1,0,1,0,4,1,0,0,1,1,0,0,0,4,1,7.5±1;21.5±1.5,,,,,,,,,,,,,,,0102,category,Grooming,0.8103,50.9,,,,,dur,heuristic;observational,low,judgement;atus2014_2016
brush-your-hair,Brush your hair,canonical,grooming,"self-care,appearance,hygiene",2,5,10,0,0,1,0,0,1,0,0,0,1,1,1,0,1,0,4,1,0,0,1,1,0,0,0,4,1,7.5±1;21.5±1.5,,,,,,,,,,,,,,,0102,category,Grooming,0.8103,50.9,,,,,dur,heuristic;observational,low,judgement;atus2014_2016
wash-your-hair,Wash your hair,canonical,grooming,"self-care,appearance,hygiene",5,10,15,0,0,1,0,0,1,0,0,0,1,1,1,0,1,0,4,1,0,0,1,1,0,0,0,4,1,7.5±1;21.5±1.5,,,,,,,,,,,,,,,0102,category,Grooming,0.8103,50.9,,,,,dur,heuristic;observational,low,judgement;atus2014_2016
trim-your-nails,Trim your nails,canonical,grooming,"self-care,appearance,hygiene",5,10,15,0,0,1,0,0,1,0,0,0,1,1,1,0,1,0,4,1,0,0,1,1,0,0,0,4,1,7.5±1;21.5±1.5,,,,,,,,,,,,,,,0102,category,Grooming,0.8103,50.9,,,,,dur,heuristic;observational,low,judgement;atus2014_2016
get-a-manicure,Get a manicure,canonical,grooming,"self-care,appearance,hygiene",30,45,60,15,2,1,0,0,1,0,0,0,3,1,1,0,1,0,4,1,0,0,1,1,0,0,0,4,1,7.5±1;21.5±1.5,,,,,10-21,,,,,,,,,,0805,action,Personal care services,0.014,74.8,,,,,"atus,dur,joy,money,open,setup",heuristic;observational,low,judgement;singapore;atus2014_2016
get-your-eyebrows-done,Get your eyebrows done,canonical,grooming,"self-care,appearance,hygiene",15,20,30,15,2,1,0,0,1,0,0,0,1,1,1,0,1,0,4,1,0,0,1,1,0,0,0,4,1,7.5±1;21.5±1.5,,,,,10-21,,,,,,,,,,0805,action,Personal care services,0.014,74.8,,,,,"atus,dur,money,open,setup",heuristic;observational,low,judgement;singapore;atus2014_2016
iron-your-shirt,Iron your shirt,canonical,grooming,"self-care,appearance,hygiene",5,10,15,0,0,1,0,0,1,0,0,0,1,1,2,0,1,0,4,1,0,0,1,1,0,0,0,4,1,7.5±1;21.5±1.5,,,,,,,,,,,,,,,0102,category,Grooming,0.8103,50.9,,,,,"dur,hom",heuristic;observational,low,judgement;atus2014_2016
get-dressed-properly,Get dressed properly,canonical,grooming,"self-care,appearance,hygiene",5,15,30,0,0,1,0,0,0,0,0,0,2,1,1,0,1,0,4,1,0,0,1,1,0,0,0,4,1,7.5±1;21.5±1.5,,,,,,,,,,,,,,,0102,category,Grooming,0.8103,50.9,,,,,"dur,hea,joy,rec",heuristic;observational,low,judgement;atus2014_2016
put-on-make-up,Put on make-up,canonical,grooming,"self-care,appearance,hygiene",5,15,30,0,0,1,0,0,1,0,0,0,1,1,1,0,1,0,4,1,0,0,1,1,0,0,0,4,1,7.5±1;21.5±1.5,,,,,,,,,,,,,,,0102,category,Grooming,0.8103,50.9,,,,,"dur,joy",heuristic;observational,low,judgement;atus2014_2016
try-a-different-haircut,Try a different haircut,canonical,grooming,"self-care,appearance,hygiene",30,60,90,15,2,1,0,0,1,0,0,0,2,1,1,0,1,0,2,1,0,0,1,1,1,0,3,4,1,7.5±1;21.5±1.5,,,,,10-21,,,,,,,,,,0805,action,Personal care services,0.014,74.8,,,,,"atus,dn,dur,joy,money,nov,open,rev,setup",heuristic;observational,low,judgement;singapore;atus2014_2016
get-a-tattoo,Get a tattoo,canonical,grooming,"self-care,appearance,hygiene",60,180,360,30,3,1,0,0,1,0,0,0,2,1,1,0,1,0,0,1,0,0,1,1,2,0,3,4,1,7.5±1;21.5±1.5,,,,,12-22,,,,,,,,,,0102,category,Grooming,0.8103,50.9,,,,,"dn,dur,joy,money,nov,open,reg,rev,setup",heuristic;observational,low,judgement;singapore;atus2014_2016
get-a-piercing,Get a piercing,canonical,grooming,"self-care,appearance,hygiene",15,30,45,20,2,1,0,0,1,0,0,0,1,1,1,0,1,0,2,1,0,0,1,1,1,0,3,4,1,7.5±1;21.5±1.5,,,,,11-21,,,,,,,,,,0102,category,Grooming,0.8103,50.9,,,,,"dn,dur,money,nov,open,rev,setup",heuristic;observational,low,judgement;singapore;atus2014_2016
do-a-face-mask,Do a face mask,canonical,grooming,"self-care,appearance,hygiene",10,15,20,0,0,1,0,0,1,0,0,0,2,2,1,0,1,0,4,1,0,0,1,1,0,0,0,4,1,7.5±1;21.5±1.5,,,,,,,,,,,,,,,0102,category,Grooming,0.8103,50.9,,,,,"dur,joy,rec",heuristic;observational,low,judgement;atus2014_2016
go-to-bed-at-the-same-time,Go to bed at the same time,canonical,sleep,"rest,recovery,sleep",1,1,1,0,0,2,0,0,4,0,0,0,2,4,0,0,4,1,4,1,1,0,1,1,0,0,0,3,3,14±1.5;23±1.5,22.5±1,2,,,,,,,,,,,,,0101,action,Sleeping,0.999,528.9,,,,,"act,atus,best,dur,ev,evt,hea,lt",heuristic;observational,low,judgement;atus2014_2016
read-before-bed,Read before bed,canonical,sleep,"rest,recovery,sleep",10,20,40,0,0,0,0,0,3,0,1,0,3,3,0,0,2,1,4,1,1,0,1,1,0,0,0,3,2,22.5±1,,,,,,,,,,,,,,,0101,category,Sleeping,0.999,528.9,,,,,"dur,joy,lrn,rec,typ",heuristic;observational,low,judgement;atus2014_2016
turn-off-screens-an-hour-before-bed,Turn off screens an hour before bed,canonical,sleep,"rest,recovery,sleep",60,60,60,0,0,3,0,0,3,0,0,0,2,2,0,0,3,1,4,1,1,0,1,1,0,0,0,3,2,22±1,,,,,,,,,,,,,,,0101,category,Sleeping,0.999,528.9,,,,,"act,dur,hea,lt,rec,typ",heuristic;observational,low,judgement;atus2014_2016
sleep-in-on-the-weekend,Sleep in on the weekend,canonical,sleep,"rest,recovery,sleep",60,90,120,0,0,0,0,0,3,0,0,0,3,3,0,0,2,1,4,1,1,0,1,1,0,0,0,3,2,9±1,,,,,,,,,,,,,,,0101,category,Sleeping,0.999,528.9,,,,,"dur,joy,rec,typ",heuristic;observational,low,judgement;atus2014_2016
make-your-room-dark,Make your room dark,canonical,sleep,"rest,recovery,sleep",5,10,30,0,0,0,0,0,2,0,0,0,2,2,0,0,3,1,4,1,1,0,1,1,0,0,0,3,2,14±1.5;23±1.5,,,,,,,,,,,,,,,0101,category,Sleeping,0.999,528.9,,,,,"dur,hea,lt,rec",heuristic;observational,low,judgement;atus2014_2016
take-a-rest-day,Take a rest day,canonical,sleep,"rest,recovery,sleep",480,720,1440,0,0,0,0,0,3,0,0,0,2,4,0,0,2,1,4,1,1,0,1,1,0,0,0,3,2,14±1.5;23±1.5,,,,,,,,,,,,,,,0101,category,Sleeping,0.999,528.9,,,,,"dur,hea,joy,rec",heuristic;observational,low,judgement;atus2014_2016
eat-a-meal-with-someone,Eat a meal with someone,canonical,food,"nutrition,energy,food",30,45,90,5,1,1,0,0,2,0,0,4,4,2,0,0,1,1,3,3,1,0,1,1,0,0,1,4,2,7.5±1;12.5±1;19±1.2,,,,,,,,,,,,,,,1101,action,Eating and drinking,0.9508,67.3,Eating,4.34,0.59,,"atus,drm,dur,joy,soc",heuristic;observational,low,judgement;atus2014_2016;kahneman2004
eat-without-your-phone,Eat without your phone,canonical,food,"nutrition,energy,food",20,30,45,5,1,1,0,0,2,0,0,2,3,2,0,0,1,1,3,3,1,0,1,1,0,0,1,4,2,7.5±1;12.5±1;19±1.2,,,,,,,,,,,,,,,1101,category,Eating and drinking,0.9508,67.3,Eating,4.34,0.59,,"dur,hea,rec,soc",heuristic;observational,low,judgement;atus2014_2016;kahneman2004
order-something-unfamiliar,Order something unfamiliar,canonical,food,"nutrition,energy,food",20,40,60,5,1,1,0,0,2,0,0,1,3,2,0,0,1,2,3,3,1,3,1,1,0,0,4,4,2,7.5±1;12.5±1;19±1.2,,,,,,,,,,,,,,,1101,category,Eating and drinking,0.9508,67.3,Eating,4.34,0.59,,"dur,info,joy,nov,unc",heuristic;observational,low,judgement;atus2014_2016;kahneman2004
cook-a-big-breakfast,Cook a big breakfast,canonical,food,"nutrition,energy,food",30,45,60,0,1,1,0,0,2,0,0,1,4,2,0,0,1,1,3,3,1,0,1,1,0,0,1,4,2,9±1,,,,,,,,,,,,,,,1101,category,Eating and drinking,0.9508,67.3,Eating,4.34,0.59,,"dur,hea,joy,setup,typ",heuristic;observational,low,judgement;atus2014_2016;kahneman2004
have-a-light-dinner,Have a light dinner,canonical,food,"nutrition,energy,food",15,25,40,5,1,1,0,0,3,0,0,1,2,2,0,0,1,1,3,3,1,0,1,1,0,0,1,4,2,19±1.2,,,,,,,,,,,,,,,1101,category,Eating and drinking,0.9508,67.3,Eating,4.34,0.59,,"dur,hea,joy,typ",heuristic;observational,low,judgement;atus2014_2016;kahneman2004
eat-a-salad,Eat a salad,canonical,food,"nutrition,energy,food",10,15,20,5,1,1,0,0,4,0,0,1,2,2,0,0,1,1,3,3,1,0,1,1,0,0,1,4,2,7.5±1;12.5±1;19±1.2,,,,,,,,,,,,,,,1101,category,Eating and drinking,0.9508,67.3,Eating,4.34,0.59,,"dur,hea,joy",heuristic;observational,low,judgement;atus2014_2016;kahneman2004
eat-more-vegetables,Eat more vegetables,canonical,food,"nutrition,energy,food",10,15,20,5,1,1,0,0,4,0,0,1,1,2,0,0,3,1,3,3,1,0,1,1,0,0,1,4,3,7.5±1;12.5±1;19±1.2,,,,,,,,,,,,,,,1101,category,Eating and drinking,0.9508,67.3,Eating,4.34,0.59,,"dur,ev,hea,joy,lt",heuristic;observational,low,judgement;atus2014_2016;kahneman2004
eat-fruit,Eat fruit,canonical,food,"nutrition,energy,food",2,5,10,0,1,1,0,0,3,0,0,1,3,2,0,0,1,1,3,3,1,0,1,1,0,0,1,4,2,7.5±1;12.5±1;19±1.2,,,,,,,,,,,,,,,1101,category,Eating and drinking,0.9508,67.3,Eating,4.34,0.59,,"dur,hea,joy,setup",heuristic;observational,low,judgement;atus2014_2016;kahneman2004
drink-a-protein-shake,Drink a protein shake,canonical,food,"nutrition,energy,food",2,5,10,0,1,1,0,0,2,0,0,1,3,2,0,0,1,1,3,3,1,0,1,1,0,0,1,4,2,7.5±1;12.5±1;19±1.2,,,,,,,,,,,,,,,1101,category,Eating and drinking,0.9508,67.3,Eating,4.34,0.59,,"dur,hea,setup",heuristic;observational,low,judgement;atus2014_2016;kahneman2004
have-kaya-toast,Have kaya toast,canonical,food,"nutrition,energy,food",15,20,30,10,1,1,0,0,2,0,0,1,4,2,0,0,1,1,3,3,1,0,1,1,0,0,1,4,2,8.5±1.2,,,,,7-18,,,,,,,,,1,1101,category,Eating and drinking,0.9508,67.3,Eating,4.34,0.59,,"dur,joy,money,open,setup,sg,typ",heuristic;observational,low,judgement;singapore;atus2014_2016;kahneman2004
have-kopi,Have kopi,canonical,food,"nutrition,energy,food",10,15,30,5,1,1,0,0,2,0,0,1,4,1,0,0,1,1,3,3,1,0,1,1,0,0,1,4,2,9±1.5,,,,,6-23,,,,,,,,,1,1101,category,Eating and drinking,0.9508,67.3,Eating,4.34,0.59,,"dur,joy,money,open,rec,setup,sg,soc,typ",heuristic;observational,low,judgement;singapore;atus2014_2016;kahneman2004
eat-chicken-rice,Eat chicken rice,canonical,food,"nutrition,energy,food",15,20,30,10,1,1,0,0,2,0,0,1,4,2,0,0,1,1,3,3,1,0,1,1,0,0,1,4,2,7.5±1;12.5±1;19±1.2,,,,,10-21,,,,,,,,,1,1101,category,Eating and drinking,0.9508,67.3,Eating,4.34,0.59,,"dur,joy,money,open,setup,sg",heuristic;observational,low,judgement;singapore;atus2014_2016;kahneman2004
eat-laksa,Eat laksa,canonical,food,"nutrition,energy,food",15,20,30,10,1,1,0,0,2,0,0,1,4,2,0,0,1,1,3,3,1,0,1,1,0,0,1,4,2,7.5±1;12.5±1;19±1.2,,,,,9-21,,,,,,,,,1,1101,category,Eating and drinking,0.9508,67.3,Eating,4.34,0.59,,"dur,joy,money,open,setup,sg",heuristic;observational,low,judgement;singapore;atus2014_2016;kahneman2004
eat-nasi-lemak,Eat nasi lemak,canonical,food,"nutrition,energy,food",15,20,30,10,1,1,0,0,2,0,0,1,4,2,0,0,1,1,3,3,1,0,1,1,0,0,1,4,2,7.5±1;12.5±1;19±1.2,,,,,7-22,,,,,,,,,1,1101,category,Eating and drinking,0.9508,67.3,Eating,4.34,0.59,,"dur,joy,money,open,setup,sg",heuristic;observational,low,judgement;singapore;atus2014_2016;kahneman2004
eat-roti-prata,Eat roti prata,canonical,food,"nutrition,energy,food",15,20,30,10,1,1,0,0,2,0,0,1,4,2,0,0,1,1,3,3,1,0,1,1,0,0,1,4,2,7.5±1;12.5±1;19±1.2,,,,,6-26,,,,,,,,,1,1101,category,Eating and drinking,0.9508,67.3,Eating,4.34,0.59,,"dur,joy,money,open,setup,sg",heuristic;observational,low,judgement;singapore;atus2014_2016;kahneman2004
have-supper,Have supper,canonical,food,"nutrition,energy,food",20,30,60,10,1,1,0,0,0,0,0,2,4,2,0,0,1,1,3,3,1,0,1,1,0,0,1,4,2,23±1.2,,,,,21-28,,,,,,,,,1,1101,category,Eating and drinking,0.9508,67.3,Eating,4.34,0.59,,"dur,hea,joy,money,open,setup,sg,soc,typ",heuristic;observational,low,judgement;singapore;atus2014_2016;kahneman2004
go-to-a-food-court,Go to a food court,canonical,food,"nutrition,energy,food",20,30,45,10,1,1,0,0,2,0,0,1,3,2,0,0,1,1,3,3,1,0,1,1,0,0,1,4,2,7.5±1;12.5±1;19±1.2,,,,,8-22,,,,,,,,,1,1101,category,Eating and drinking,0.9508,67.3,Eating,4.34,0.59,,"dur,joy,money,open,setup,sg",heuristic;observational,low,judgement;singapore;atus2014_2016;kahneman2004
have-a-zi-char-dinner,Have a zi char dinner,canonical,food,"nutrition,energy,food",45,75,120,15,2,1,0,0,2,0,0,4,4,2,0,0,1,1,3,3,1,0,1,1,0,0,1,4,2,7.5±1;12.5±1;19±1.2,,,,,11-23,,,,,,,,,1,1101,category,Eating and drinking,0.9508,67.3,Eating,4.34,0.59,,"dur,joy,money,open,setup,sg,soc",heuristic;observational,low,judgement;singapore;atus2014_2016;kahneman2004
have-dim-sum,Have dim sum,canonical,food,"nutrition,energy,food",60,90,120,20,2,1,0,0,2,0,0,3,4,2,0,0,1,1,3,3,1,0,1,1,0,0,1,4,2,7.5±1;12.5±1;19±1.2,,,,,8-15,,,,,,,,,,1101,category,Eating and drinking,0.9508,67.3,Eating,4.34,0.59,,"dur,joy,money,open,setup,soc",heuristic;observational,low,judgement;singapore;atus2014_2016;kahneman2004
have-hotpot,Have hotpot,canonical,food,"nutrition,energy,food",60,90,150,20,3,1,0,0,2,0,0,4,4,2,0,0,1,1,3,3,1,0,1,1,0,0,1,4,2,7.5±1;12.5±1;19±1.2,,,,,11-26,,,,,,,,,,1101,category,Eating and drinking,0.9508,67.3,Eating,4.34,0.59,,"dur,joy,money,open,setup,soc",heuristic;observational,low,judgement;singapore;atus2014_2016;kahneman2004
have-korean-bbq,Have Korean BBQ,canonical,food,"nutrition,energy,food",60,90,120,20,3,1,0,0,2,0,0,4,4,2,0,0,1,1,3,3,1,0,1,1,0,0,1,4,2,7.5±1;12.5±1;19±1.2,,,,,11-24,,,,,,,,,,1101,category,Eating and drinking,0.9508,67.3,Eating,4.34,0.59,,"dur,joy,money,open,setup,soc",heuristic;observational,low,judgement;singapore;atus2014_2016;kahneman2004
eat-sushi,Eat sushi,canonical,food,"nutrition,energy,food",30,60,120,20,3,1,0,0,2,0,0,1,4,2,0,0,1,1,3,3,1,0,1,1,0,0,1,4,2,7.5±1;12.5±1;19±1.2,,,,,11-22,,,,,,,,,,1101,category,Eating and drinking,0.9508,67.3,Eating,4.34,0.59,,"dur,joy,money,open,setup",heuristic;observational,low,judgement;singapore;atus2014_2016;kahneman2004
try-a-michelin-bib-gourmand-stall,Try a Michelin Bib Gourmand stall,canonical,food,"nutrition,energy,food",30,60,90,30,1,1,0,0,2,0,0,1,4,2,0,0,1,1,3,3,1,2,1,1,0,0,4,4,2,7.5±1;12.5±1;19±1.2,,,,,10-20,,,,,,,,,1,1101,category,Eating and drinking,0.9508,67.3,Eating,4.34,0.59,,"dur,info,joy,money,nov,open,setup,sg",heuristic;observational,low,judgement;singapore;atus2014_2016;kahneman2004
queue-for-a-famous-stall,Queue for a famous stall,canonical,food,"nutrition,energy,food",30,60,90,20,1,1,0,0,2,0,0,1,3,2,0,0,1,1,3,3,1,0,1,1,1,0,2,4,2,7.5±1;12.5±1;19±1.2,,,,,10-21,,,,,,,,,1,1101,category,Eating and drinking,0.9508,67.3,Eating,4.34,0.59,,"dn,dur,joy,money,nov,open,setup,sg",heuristic;observational,low,judgement;singapore;atus2014_2016;kahneman2004
eat-an-ice-cream,Eat an ice cream,canonical,food,"nutrition,energy,food",5,10,20,5,1,1,0,0,0,0,0,1,4,2,0,0,1,1,3,3,1,0,1,1,0,0,1,4,2,7.5±1;12.5±1;19±1.2,,,,,,,,,,,,,,,1101,category,Eating and drinking,0.9508,67.3,Eating,4.34,0.59,,"dur,hea,joy,money,setup",heuristic;observational,low,judgement;atus2014_2016;kahneman2004
have-a-drink-of-water-with-every-meal,Have a drink of water with every meal,canonical,food,"nutrition,energy,food",1,1,1,5,1,1,0,0,2,0,0,1,3,2,0,0,1,1,3,3,1,0,1,1,0,0,1,4,2,7.5±1;12.5±1;19±1.2,,,,,,,,,,,,,,,1101,category,Eating and drinking,0.9508,67.3,Eating,4.34,0.59,,"dur,hea",heuristic;observational,low,judgement;atus2014_2016;kahneman2004
drink-a-smoothie-bowl,Drink a smoothie bowl,canonical,food,"nutrition,energy,food",10,15,20,10,2,1,0,0,3,0,0,1,3,2,0,0,1,1,3,3,1,0,1,1,0,0,1,4,2,7.5±1;12.5±1;19±1.2,,,,,,,,,,,,,,,1101,category,Eating and drinking,0.9508,67.3,Eating,4.34,0.59,,"dur,hea,joy,money,setup",heuristic;observational,low,judgement;atus2014_2016;kahneman2004
cook-for-someone,Cook for someone,canonical,food,"nutrition,energy,food",45,60,120,0,1,1,0,0,2,0,1,4,3,2,0,0,1,1,3,3,1,0,1,1,0,0,1,4,2,7.5±1;12.5±1;19±1.2,,,,,,,,,,,,,,,020201,action,Food and drink preparation,0.5327,51.2,Preparing food,3.93,0.69,,"atus,drm,dur,joy,lrn,money,setup,soc",heuristic;observational,low,judgement;atus2014_2016;kahneman2004
try-a-new-cuisine,Try a new cuisine,canonical,food,"nutrition,energy,food",60,75,120,20,3,1,0,0,2,0,0,1,3,2,0,0,1,2,3,3,1,3,1,1,0,0,4,4,2,7.5±1;12.5±1;19±1.2,,,,,,,,,,,,,,,1101,category,Eating and drinking,0.9508,67.3,Eating,4.34,0.59,,"dur,info,joy,money,nov,setup,unc",heuristic;observational,low,judgement;atus2014_2016;kahneman2004
eat-breakfast-out,Eat breakfast out,canonical,food,"nutrition,energy,food",30,45,60,15,2,1,0,0,2,0,0,1,3,2,0,0,1,1,3,3,1,0,1,1,0,0,1,4,2,9±1.5,,,,,,,,,,,,,,,1101,category,Eating and drinking,0.9508,67.3,Eating,4.34,0.59,,"dur,joy,money,setup,typ",heuristic;observational,low,judgement;atus2014_2016;kahneman2004
have-afternoon-tea,Have afternoon tea,canonical,food,"nutrition,energy,food",60,90,120,20,3,1,0,0,2,0,0,3,4,2,0,0,1,1,3,3,1,0,1,1,0,0,1,4,2,15.5±1,,,,,,,,,,,,,,,1101,category,Eating and drinking,0.9508,67.3,Eating,4.34,0.59,,"dur,joy,money,setup,soc,typ",heuristic;observational,low,judgement;atus2014_2016;kahneman2004
share-a-dessert,Share a dessert,canonical,food,"nutrition,energy,food",10,15,20,5,1,1,0,0,2,0,0,3,4,2,0,0,1,1,3,3,1,0,1,1,0,0,1,4,2,7.5±1;12.5±1;19±1.2,,,,,,,,,,,,,,,1101,category,Eating and drinking,0.9508,67.3,Eating,4.34,0.59,,"dur,joy,money,soc",heuristic;observational,low,judgement;atus2014_2016;kahneman2004
cook-a-one-pot-meal,Cook a one-pot meal,canonical,cooking,"nutrition,food,saving-money",30,60,120,5,1,2,1,1,3,0,1,1,2,1,2,3,2,1,3,2,1,1,1,2,0,0,1,3,2,12±1;18.5±1.2,,,,,,,,,,,,,,,020201,category,Food and drink preparation,0.5327,51.2,Preparing food,3.93,0.69,,"dur,fin,hea",heuristic;observational,low,judgement;atus2014_2016;kahneman2004
make-a-sandwich,Make a sandwich,canonical,cooking,"nutrition,food,saving-money",5,10,15,0,1,1,1,1,2,0,1,1,2,1,2,2,2,1,3,2,1,1,1,2,0,0,1,3,2,12±1;18.5±1.2,,,,,,,,,,,,,,,020201,category,Food and drink preparation,0.5327,51.2,Preparing food,3.93,0.69,,"act,dur,fin,hea,setup",heuristic;observational,low,judgement;atus2014_2016;kahneman2004
make-porridge,Make porridge,canonical,cooking,"nutrition,food,saving-money",5,15,30,0,1,1,1,1,3,0,1,1,2,1,2,2,2,1,3,2,1,1,1,2,0,0,1,3,2,8±1,,,,,,,,,,,,,,,020201,category,Food and drink preparation,0.5327,51.2,Preparing food,3.93,0.69,,"act,dur,hea,setup,typ",heuristic;observational,low,judgement;atus2014_2016;kahneman2004
boil-an-egg,Boil an egg,canonical,cooking,"nutrition,food,saving-money",5,10,15,0,1,1,1,1,2,0,1,1,2,1,2,2,2,1,3,2,1,1,1,2,0,0,1,3,2,12±1;18.5±1.2,,,,,,,,,,,,,,,020201,category,Food and drink preparation,0.5327,51.2,Preparing food,3.93,0.69,,"act,dur,hea,setup",heuristic;observational,low,judgement;atus2014_2016;kahneman2004
make-pasta,Make pasta,canonical,cooking,"nutrition,food,saving-money",15,25,40,5,1,2,1,1,2,0,1,1,3,1,2,2,2,1,3,2,1,1,1,2,0,0,1,3,2,12±1;18.5±1.2,,,,,,,,,,,,,,,020201,category,Food and drink preparation,0.5327,51.2,Preparing food,3.93,0.69,,"dur,hea,joy",heuristic;observational,low,judgement;atus2014_2016;kahneman2004
make-fried-rice,Make fried rice,canonical,cooking,"nutrition,food,saving-money",15,20,30,5,1,2,1,1,3,0,1,1,3,1,2,3,2,1,3,2,1,1,1,2,0,0,1,3,2,12±1;18.5±1.2,,,,,,,,,,,,,,,020201,category,Food and drink preparation,0.5327,51.2,Preparing food,3.93,0.69,,"dur,fin,joy",heuristic;observational,low,judgement;atus2014_2016;kahneman2004
make-instant-noodles,Make instant noodles,canonical,cooking,"nutrition,food,saving-money",5,5,10,0,1,0,1,1,0,0,1,1,3,1,2,3,2,1,3,2,1,1,1,2,0,0,1,3,2,12±1;18.5±1.2,,,,,,,,,,,,,,,020201,category,Food and drink preparation,0.5327,51.2,Preparing food,3.93,0.69,,"act,dur,fin,hea,joy,setup",heuristic;observational,low,judgement;atus2014_2016;kahneman2004
cook-a-curry,Cook a curry,canonical,cooking,"nutrition,food,saving-money",45,75,120,5,1,2,1,1,3,0,1,1,4,1,2,2,2,1,3,2,1,1,1,2,0,0,1,3,2,12±1;18.5±1.2,,,,,,,,,,,,,,,020201,category,Food and drink preparation,0.5327,51.2,Preparing food,3.93,0.69,,"dur,hea,joy",heuristic;observational,low,judgement;atus2014_2016;kahneman2004
grill-or-barbecue,Grill or barbecue,canonical,cooking,"nutrition,food,saving-money",60,120,180,30,1,2,1,1,3,0,1,3,4,1,2,2,2,1,3,2,1,1,1,2,0,0,1,3,2,12±1;18.5±1.2,,,1,,,,,,,,,,,,020201,category,Food and drink preparation,0.5327,51.2,Preparing food,3.93,0.69,,"dur,joy,out,setup,soc",heuristic;observational,low,judgement;singapore;atus2014_2016;kahneman2004
make-bread,Make bread,canonical,cooking,"nutrition,food,saving-money",60,180,720,5,1,2,1,1,3,0,3,1,3,1,2,2,2,1,3,2,1,1,1,2,0,0,2,3,2,12±1;18.5±1.2,,,,,,,,,,,,,,,020201,category,Food and drink preparation,0.5327,51.2,Preparing food,3.93,0.69,,"dur,joy,lrn,nov",heuristic;observational,low,judgement;atus2014_2016;kahneman2004
make-coffee-at-home,Make coffee at home,canonical,cooking,"nutrition,food,saving-money",5,10,15,0,1,2,1,1,3,0,1,1,3,1,2,3,2,1,3,2,1,1,1,2,0,0,1,3,2,12±1;18.5±1.2,,,,,,,,,,,,,,,020201,category,Food and drink preparation,0.5327,51.2,Preparing food,3.93,0.69,,"dur,fin,joy,setup",heuristic;observational,low,judgement;atus2014_2016;kahneman2004
prep-vegetables,Prep vegetables,canonical,cooking,"nutrition,food,saving-money",10,20,30,5,1,2,1,1,2,0,1,1,2,1,2,2,2,1,3,2,1,1,1,2,0,0,1,3,2,12±1;18.5±1.2,,,,,,,,,,,,,,,020201,category,Food and drink preparation,0.5327,51.2,Preparing food,3.93,0.69,,"dur,hea,hom",heuristic;observational,low,judgement;atus2014_2016;kahneman2004
clean-out-the-fridge-and-use-leftovers,Clean out the fridge and use leftovers,canonical,cooking,"nutrition,food,saving-money",20,30,45,5,1,2,1,1,3,0,1,1,2,1,3,3,2,1,3,2,1,1,1,2,0,0,1,3,2,12±1;18.5±1.2,,,,,,,,,,,,,,,020201,category,Food and drink preparation,0.5327,51.2,Preparing food,3.93,0.69,,"dur,fin,hom",heuristic;observational,low,judgement;atus2014_2016;kahneman2004
plan-the-weeks-meals,Plan the week's meals,canonical,cooking,"nutrition,food,saving-money",15,30,45,5,1,2,1,1,3,0,1,1,2,1,2,3,2,1,3,2,3,1,1,2,0,0,1,3,2,12±1;18.5±1.2,,,,,,,,,,,,,,,0209,action,Household management,0.2513,42.7,Preparing food,3.93,0.69,,"act,atus,dur,fin,hea,opt",heuristic;observational,low,judgement;atus2014_2016;kahneman2004
make-a-packed-breakfast,Make a packed breakfast,canonical,cooking,"nutrition,food,saving-money",5,10,15,5,1,2,1,1,3,0,1,1,2,1,2,3,2,1,3,2,1,1,1,2,0,0,1,3,2,21±1.5,,,,,,,,,,,,,,,020201,category,Food and drink preparation,0.5327,51.2,Preparing food,3.93,0.69,,"dur,fin,hea,typ",heuristic;observational,low,judgement;atus2014_2016;kahneman2004
bake-cookies,Bake cookies,canonical,cooking,"nutrition,food,saving-money",30,60,90,5,1,2,1,1,3,0,1,2,4,1,2,2,2,1,3,2,1,1,1,2,0,0,1,3,2,12±1;18.5±1.2,,,,,,,,,,,,,,,020201,category,Food and drink preparation,0.5327,51.2,Preparing food,3.93,0.69,,"dur,joy,soc",heuristic;observational,low,judgement;atus2014_2016;kahneman2004
make-a-salad,Make a salad,canonical,cooking,"nutrition,food,saving-money",10,15,20,5,1,2,1,1,4,0,1,1,2,1,2,2,2,1,3,2,1,1,1,2,0,0,1,3,2,12±1;18.5±1.2,,,,,,,,,,,,,,,020201,category,Food and drink preparation,0.5327,51.2,Preparing food,3.93,0.69,,"dur,hea",heuristic;observational,low,judgement;atus2014_2016;kahneman2004
cook-with-a-new-ingredient,Cook with a new ingredient,canonical,cooking,"nutrition,food,saving-money",30,45,90,5,1,2,1,1,3,0,3,1,2,1,2,2,2,1,3,2,1,3,1,2,0,0,4,3,2,12±1;18.5±1.2,,,,,,,,,,,,,,,020201,category,Food and drink preparation,0.5327,51.2,Preparing food,3.93,0.69,,"dur,info,lrn,nov",heuristic;observational,low,judgement;atus2014_2016;kahneman2004
make-soup,Make soup,canonical,cooking,"nutrition,food,saving-money",30,60,120,5,1,2,1,1,4,0,1,1,2,1,2,3,2,1,3,2,1,1,1,2,0,0,1,3,2,12±1;18.5±1.2,,,,,,,,,,,,,,,020201,category,Food and drink preparation,0.5327,51.2,Preparing food,3.93,0.69,,"dur,fin,hea",heuristic;observational,low,judgement;atus2014_2016;kahneman2004
text-a-friend-you-have-not-spoken-to-in-a-while,Text a friend you have not spoken to in a while,canonical,relationships,"connection,relationships,belonging",2,5,10,0,0,2,0,1,1,0,0,4,3,2,0,0,3,2,3,2,2,3,2,2,0,3,1,2,3,19.5±2,,,,,,,,,,,,,,,1201,action,Socializing and communicating,0.3584,102.7,Socializing,4.59,0.57,liu2023:direct,"act,atus,dur,info,money,reg,setup,soc,tail",heuristic;observational;experiments,"medium (social reception, direct experiment); low elsewhere",judgement;atus2014_2016;kahneman2004;liu2023
give-a-sincere-compliment,Give a sincere compliment,canonical,relationships,"connection,relationships,belonging",1,2,5,0,0,2,0,1,1,0,0,3,2,2,0,0,3,2,3,2,2,1,3,2,0,1,1,2,3,19.5±2,,,,,,,,,,,,,,,1201,category,Socializing and communicating,0.3584,102.7,Socializing,4.59,0.57,boothby2021:direct,"act,dur,joy,money,setup,soc,tail",heuristic;observational;experiments,"medium (social reception, direct experiment); low elsewhere",judgement;atus2014_2016;kahneman2004;boothby2021
talk-with-a-stranger,Talk with a stranger,canonical,relationships,"connection,relationships,belonging",5,10,20,0,0,3,0,1,1,0,0,3,3,2,0,0,3,2,3,2,2,3,3,2,0,2,3,2,3,19.5±2,,,,,,,,,,,,,,,1201,action,Socializing and communicating,0.3584,102.7,Socializing,4.59,0.57,epley2014:direct,"act,atus,dur,info,joy,money,nov,setup,soc,tail",heuristic;observational;experiments,"medium (social reception, direct experiment); low elsewhere",judgement;atus2014_2016;kahneman2004;epley2014
ask-a-deeper-question,Ask a deeper question,canonical,relationships,"connection,relationships,belonging",10,30,60,0,0,3,0,1,1,0,0,4,3,2,0,0,3,2,3,2,2,4,3,2,1,2,1,2,3,19.5±2,,,,,,,,,,,,,,,1201,category,Socializing and communicating,0.3584,102.7,Socializing,4.59,0.57,kardas2022:direct,"act,dn,dur,info,money,setup,soc,tail",heuristic;observational;experiments,"medium (social reception, direct experiment); low elsewhere",judgement;atus2014_2016;kahneman2004;kardas2022
say-yes-to-an-invitation,Say yes to an invitation,canonical,relationships,"connection,relationships,belonging",60,120,240,20,1,3,0,1,1,0,0,4,3,2,0,0,3,2,3,2,2,4,3,2,0,2,3,2,3,19.5±2,,,,,,,,,,,,,,,1202,action,Attending or hosting social events,0.0223,179.2,Socializing,4.59,0.57,,"act,atus,dur,info,nov,setup,soc,tail",heuristic;observational,low,judgement;atus2014_2016;kahneman2004
decline-an-invitation,Decline an invitation,canonical,relationships,"connection,relationships,belonging",2,5,10,0,0,2,0,1,1,0,0,0,3,3,0,0,3,2,3,2,2,1,2,2,0,2,1,2,3,19.5±2,,,,,,,,,,,,,,,1201,category,Socializing and communicating,0.3584,102.7,Socializing,4.59,0.57,,"act,dur,money,opt,rec,reg,setup,soc",heuristic;observational,low,judgement;atus2014_2016;kahneman2004
invite-someone-for-a-meal,Invite someone for a meal,canonical,relationships,"connection,relationships,belonging",5,10,15,0,0,3,0,1,1,0,0,4,3,2,0,0,3,2,3,2,3,1,3,2,0,2,1,2,3,19.5±2,,,,,,,,,,,,,,,1201,category,Socializing and communicating,0.3584,102.7,Socializing,4.59,0.57,,"act,dur,money,opt,setup,soc,tail",heuristic;observational,low,judgement;atus2014_2016;kahneman2004
introduce-two-people,Introduce two people,canonical,relationships,"connection,relationships,belonging",5,10,20,0,0,2,0,1,1,0,0,3,3,2,0,0,3,2,3,2,4,1,3,2,0,3,1,2,3,19.5±2,,,,,,,,,,,,,,,1201,category,Socializing and communicating,0.3584,102.7,Socializing,4.59,0.57,,"act,dur,money,opt,setup,soc,tail",heuristic;observational,low,judgement;atus2014_2016;kahneman2004
go-to-a-meetup-where-you-know-no-one,Go to a meetup where you know no one,canonical,relationships,"connection,relationships,belonging",90,120,180,30,1,4,0,1,1,0,0,3,3,2,0,0,3,2,3,2,2,4,3,2,0,3,4,2,3,19.5±2,,,,,,,,,,,,,,,1202,action,Attending or hosting social events,0.0223,179.2,Socializing,4.59,0.57,,"act,atus,dur,info,money,nov,setup,soc,tail",heuristic;observational,low,judgement;atus2014_2016;kahneman2004
congratulate-someone,Congratulate someone,canonical,relationships,"connection,relationships,belonging",2,5,10,0,0,1,0,1,1,0,0,3,3,2,0,0,3,2,3,4,2,1,3,2,0,2,1,2,3,19.5±2,,,,,,,,,,,,,,,1201,category,Socializing and communicating,0.3584,102.7,Socializing,4.59,0.57,,"act,decay,dur,money,setup,soc",heuristic;observational,low,judgement;atus2014_2016;kahneman2004
send-a-birthday-message,Send a birthday message,canonical,relationships,"connection,relationships,belonging",2,3,5,0,0,1,0,1,1,0,0,3,3,2,0,0,3,2,3,4,2,1,2,2,0,2,1,2,3,19.5±2,,,,,,,,,,,,,,,1201,category,Socializing and communicating,0.3584,102.7,Socializing,4.59,0.57,,"act,decay,dur,money,reg,setup,soc",heuristic;observational,low,judgement;atus2014_2016;kahneman2004
send-a-condolence-note,Send a condolence note,canonical,relationships,"connection,relationships,belonging",10,20,30,0,0,3,0,1,1,0,0,4,3,2,0,0,3,2,3,4,2,1,4,2,0,2,1,2,3,19.5±2,,,,,,,,,,,,,,,1201,category,Socializing and communicating,0.3584,102.7,Socializing,4.59,0.57,,"act,decay,dur,money,reg,setup,soc",heuristic;observational,low,judgement;atus2014_2016;kahneman2004
spend-a-small-amount-on-someone-else,Spend a small amount on someone else,canonical,relationships,"connection,relationships,belonging",5,10,20,10,1,2,0,1,1,0,0,3,3,2,0,0,3,2,3,2,2,1,3,2,0,1,1,2,3,19.5±2,,,,,,,,,,,,,,,1201,category,Socializing and communicating,0.3584,102.7,Socializing,4.59,0.57,,"dur,joy,money,soc,tail",heuristic;observational,low,judgement;atus2014_2016;kahneman2004
write-a-gratitude-letter,Write a gratitude letter,canonical,relationships,"connection,relationships,belonging",20,30,45,0,0,3,0,1,1,0,0,4,3,2,0,0,3,2,3,2,2,1,3,2,0,2,1,2,3,19.5±2,,,,,,,,,,,,,,,1201,category,Socializing and communicating,0.3584,102.7,Socializing,4.59,0.57,kumar2018:direct,"act,dur,joy,lt,money,setup,soc,tail",heuristic;observational;experiments,"medium (social reception, direct experiment); low elsewhere",judgement;atus2014_2016;kahneman2004;kumar2018
email-a-former-teacher-or-mentor,Email a former teacher or mentor,canonical,relationships,"connection,relationships,belonging",10,15,30,0,0,3,0,1,1,0,0,3,3,2,0,0,3,2,3,2,2,2,3,2,0,3,1,2,3,19.5±2,,,,,,,,,,,,,,,1201,category,Socializing and communicating,0.3584,102.7,Socializing,4.59,0.57,liu2023:direct,"act,dur,info,money,setup,soc,tail",heuristic;observational;experiments,"medium (social reception, direct experiment); low elsewhere",judgement;atus2014_2016;kahneman2004;liu2023
check-in-on-an-older-relative,Check in on an older relative,canonical,relationships,"connection,relationships,belonging",10,30,60,0,0,2,0,1,1,0,0,4,3,2,0,0,4,2,3,2,2,1,4,2,0,2,1,2,3,19.5±2,,,,,,,,,,,,,,,0405,action,Helping non-household adults,0.0687,48.8,Socializing,4.59,0.57,liu2023:direct,"act,atus,dur,lt,money,reg,setup,soc",heuristic;observational;experiments,"medium (social reception, direct experiment); low elsewhere",judgement;atus2014_2016;kahneman2004;liu2023
play-with-a-child,Play with a child,canonical,relationships,"connection,relationships,belonging",15,20,60,0,0,2,2,1,1,0,0,4,4,2,0,0,3,2,3,2,2,1,3,2,0,2,1,2,3,19.5±2,,,,,,,,,,,,,,,030103,action,"Playing with household children, not sports",0.0531,106.2,Taking care of my children,3.86,0.91,,"atus,drm,dur,joy,money,phys,reg,setup,soc",heuristic;observational,low,judgement;atus2014_2016;kahneman2004
go-on-a-first-date,Go on a first date,canonical,relationships,"connection,relationships,belonging",60,120,180,30,2,4,0,1,1,0,0,4,3,2,0,0,3,4,3,2,2,1,3,2,1,4,4,2,3,19.5±2,,,,,,,,,,,,,,,1201,category,Socializing and communicating,0.3584,102.7,Socializing,4.59,0.57,,"act,dn,dur,money,nov,setup,soc,tail,unc",heuristic;observational,low,judgement;atus2014_2016;kahneman2004
ask-someone-on-a-date,Ask someone on a date,canonical,relationships,"connection,relationships,belonging",2,5,10,0,0,4,0,1,1,0,0,3,3,2,0,0,3,4,3,2,2,4,3,2,2,4,1,2,3,19.5±2,,,,,,,,,,,,,,,1201,category,Socializing and communicating,0.3584,102.7,Socializing,4.59,0.57,,"act,dn,dur,info,money,setup,soc,tail,unc",heuristic;observational,low,judgement;atus2014_2016;kahneman2004
plan-a-surprise,Plan a surprise,canonical,relationships,"connection,relationships,belonging",30,60,120,0,2,3,0,1,1,0,0,4,4,2,0,0,3,2,3,2,2,1,3,2,0,2,1,2,3,19.5±2,,,,,,,,,,,,,,,1201,category,Socializing and communicating,0.3584,102.7,Socializing,4.59,0.57,,"act,dur,joy,money,setup,soc,tail",heuristic;observational,low,judgement;atus2014_2016;kahneman2004
have-a-family-dinner,Have a family dinner,canonical,relationships,"connection,relationships,belonging",45,60,120,10,1,2,0,1,1,0,0,4,3,2,0,0,3,2,3,2,2,1,3,2,0,2,1,2,3,19±1,,,,,,,,,,,,,,,1201,category,Socializing and communicating,0.3584,102.7,Socializing,4.59,0.57,,"dur,joy,money,reg,setup,soc,typ",heuristic;observational,low,judgement;atus2014_2016;kahneman2004
attend-a-wedding,Attend a wedding,canonical,relationships,"connection,relationships,belonging",240,300,480,60,3,2,0,1,1,0,0,4,4,2,0,0,3,2,1,4,2,1,4,2,0,2,1,2,3,19.5±2,,,,,,,,,,,,,,,1202,action,Attending or hosting social events,0.0223,179.2,Socializing,4.59,0.57,,"atus,decay,dur,joy,money,reg,rev,setup,soc",heuristic;observational,low,judgement;atus2014_2016;kahneman2004
rsvp-to-a-wedding,RSVP to a wedding,canonical,relationships,"connection,relationships,belonging",2,5,10,0,0,1,0,1,1,0,0,3,3,2,0,0,3,2,1,4,2,1,3,2,0,2,1,2,3,19.5±2,,,,,,,,,,,,,,,1201,category,Socializing and communicating,0.3584,102.7,Socializing,4.59,0.57,,"act,decay,dur,money,reg,rev,setup,soc",heuristic;observational,low,judgement;atus2014_2016;kahneman2004
attend-a-funeral-or-wake,Attend a funeral or wake,canonical,relationships,"connection,relationships,belonging",60,120,240,45,1,2,0,1,1,0,0,4,0,2,0,0,3,2,0,4,2,1,4,2,0,2,1,2,3,19.5±2,,,,,,,,,,,,,,,1202,action,Attending or hosting social events,0.0223,179.2,Socializing,4.59,0.57,,"atus,decay,dur,joy,money,reg,rev,setup,soc",heuristic;observational,low,judgement;atus2014_2016;kahneman2004
visit-a-friends-new-baby,Visit a friend's new baby,canonical,relationships,"connection,relationships,belonging",45,60,90,30,2,2,0,1,1,0,0,4,3,2,0,0,3,2,3,3,2,1,3,2,0,2,1,2,3,19.5±2,,,,,,,,,,,,,,,1201,category,Socializing and communicating,0.3584,102.7,Socializing,4.59,0.57,,"decay,dur,money,reg,setup,soc",heuristic;observational,low,judgement;atus2014_2016;kahneman2004
go-to-a-reunion,Go to a reunion,canonical,relationships,"connection,relationships,belonging",120,180,240,30,2,2,0,1,1,0,0,4,3,2,0,0,3,2,3,4,2,1,3,2,0,2,2,2,3,19.5±2,,,,,,,,,,,,,,,1202,action,Attending or hosting social events,0.0223,179.2,Socializing,4.59,0.57,,"atus,decay,dur,money,nov,setup,soc,tail",heuristic;observational,low,judgement;atus2014_2016;kahneman2004
hang-out-at-a-friends-place,Hang out at a friend's place,canonical,relationships,"connection,relationships,belonging",60,120,240,30,1,2,0,1,1,0,0,4,4,2,0,0,3,2,3,2,2,1,3,2,0,2,1,2,3,19.5±2,,,,,,,,,,,,,,,1201,category,Socializing and communicating,0.3584,102.7,Socializing,4.59,0.57,,"dur,joy,setup,soc",heuristic;observational,low,judgement;atus2014_2016;kahneman2004
have-a-games-night,Have a games night,canonical,relationships,"connection,relationships,belonging",120,180,240,10,1,2,0,1,1,0,0,4,4,2,0,0,3,2,3,2,2,1,3,2,0,2,1,2,3,19.5±2,,,,,,,,,,,,,,,120307,action,Playing games,0.1092,127.5,Socializing,4.59,0.57,,"atus,dur,joy,money,setup,soc",heuristic;observational,low,judgement;atus2014_2016;kahneman2004
call-a-family-member,Call a family member,canonical,relationships,"connection,relationships,belonging",10,20,45,0,0,2,0,1,1,0,0,4,3,2,0,0,3,2,3,2,2,1,3,2,0,2,1,2,3,19.5±2,,,,,,,,,,,,,,,160101,action,Telephone calls to or from family members,0.0645,33.5,On the phone,3.92,0.85,liu2023:direct,"act,atus,drm,dur,lt,money,reg,setup,soc",heuristic;observational;experiments,"medium (social reception, direct experiment); low elsewhere",judgement;atus2014_2016;kahneman2004;liu2023
video-call-your-family,Video call your family,canonical,relationships,"connection,relationships,belonging",15,30,60,2,0,2,0,1,1,0,0,4,3,2,0,0,3,2,3,2,2,1,3,2,0,2,1,2,3,19.5±2,,,,,,,,,,,,,,,160101,action,Telephone calls to or from family members,0.0645,33.5,Socializing,4.59,0.57,,"act,atus,dur,money,reg,setup,soc",heuristic;observational,low,judgement;atus2014_2016;kahneman2004
call-a-friend-back,Call a friend back,canonical,relationships,"connection,relationships,belonging",10,20,40,0,0,2,0,1,1,0,0,4,3,2,0,0,3,2,3,3,2,1,3,2,0,2,1,2,3,19.5±2,,,,,,,,,,,,,,,160102,action,"Telephone calls to or from friends, neighbours or acquaintances",0.0445,49.3,Socializing,4.59,0.57,,"act,atus,decay,dur,money,setup,soc",heuristic;observational,low,judgement;atus2014_2016;kahneman2004
make-up-with-a-friend,Make up with a friend,canonical,relationships,"connection,relationships,belonging",20,45,90,0,0,4,0,1,1,0,0,4,3,2,0,0,3,3,3,2,2,1,4,2,1,3,1,2,3,19.5±2,,,,,,,,,,,,,,,1201,category,Socializing and communicating,0.3584,102.7,Socializing,4.59,0.57,,"act,dn,dur,money,reg,setup,soc,tail,unc",heuristic;observational,low,judgement;atus2014_2016;kahneman2004
set-a-boundary,Set a boundary,canonical,relationships,"connection,relationships,belonging",5,15,30,0,0,4,0,1,1,0,0,3,3,2,0,0,3,2,3,2,2,1,3,2,1,2,1,2,3,19.5±2,,,,,,,,,,,,,,,1201,category,Socializing and communicating,0.3584,102.7,Socializing,4.59,0.57,,"act,dn,dur,lt,money,rec,setup,soc",heuristic;observational,low,judgement;atus2014_2016;kahneman2004
ask-for-help,Ask for help,canonical,relationships,"connection,relationships,belonging",5,15,30,0,0,4,0,1,1,0,0,3,3,2,0,0,3,2,3,2,2,3,3,2,0,2,1,2,3,19.5±2,,,,,,,,,,,,,,,1201,category,Socializing and communicating,0.3584,102.7,Socializing,4.59,0.57,,"act,dur,info,money,rec,setup,soc,tail",heuristic;observational,low,judgement;atus2014_2016;kahneman2004
offer-help-to-someone,Offer help to someone,canonical,relationships,"connection,relationships,belonging",15,30,90,10,0,2,0,1,1,0,0,4,3,2,0,0,3,2,3,2,2,1,3,2,0,2,1,2,3,19.5±2,,,,,,,,,,,,,,,0405,action,Helping non-household adults,0.0687,48.8,Socializing,4.59,0.57,,"atus,dur,joy,money,setup,soc",heuristic;observational,low,judgement;atus2014_2016;kahneman2004
babysit-for-a-friend,Babysit for a friend,canonical,relationships,"connection,relationships,belonging",120,180,300,20,1,3,0,1,1,0,0,3,2,2,0,0,3,2,3,2,2,1,3,2,0,2,1,2,3,19.5±2,,,,,,,,,,,,,,,0401,action,Caring for and helping non-household children,0.0455,87.8,Socializing,4.59,0.57,,"act,atus,dur,joy,setup,soc",heuristic;observational,low,judgement;atus2014_2016;kahneman2004
have-a-picnic-with-friends,Have a picnic with friends,canonical,relationships,"connection,relationships,belonging",90,150,240,30,1,2,0,1,1,0,0,4,4,3,0,0,3,2,3,2,2,1,3,2,0,2,1,2,3,19.5±2,,,1,1,,,,,,,,,,,1201,category,Socializing and communicating,0.3584,102.7,Socializing,4.59,0.57,,"day,dur,joy,money,out,rec,setup,soc",heuristic;observational,low,judgement;singapore;atus2014_2016;kahneman2004
listen-properly-to-someone,Listen properly to someone,canonical,relationships,"connection,relationships,belonging",10,20,45,0,0,2,0,1,1,0,0,4,3,2,0,0,3,2,3,2,2,1,3,2,0,2,1,2,3,19.5±2,,,,,,,,,,,,,,,1201,category,Socializing and communicating,0.3584,102.7,Socializing,4.59,0.57,,"act,dur,lt,money,setup,soc",heuristic;observational,low,judgement;atus2014_2016;kahneman2004
write-a-card,Write a card,canonical,relationships,"connection,relationships,belonging",10,15,30,0,1,2,0,1,1,0,0,3,2,2,0,0,3,2,3,2,2,1,3,2,0,2,1,2,3,19.5±2,,,,,,,,,,,,,,,1201,category,Socializing and communicating,0.3584,102.7,Socializing,4.59,0.57,,"dur,joy,money,setup,soc",heuristic;observational,low,judgement;atus2014_2016;kahneman2004
spend-time-with-a-pet,Spend time with a pet,canonical,relationships,"connection,relationships,belonging",10,20,45,0,0,0,0,1,1,0,0,2,4,4,0,0,3,2,3,2,2,1,3,2,0,2,1,2,3,19.5±2,,,,,,,,,,,,,,,0206,action,Animals and pets,0.1677,40.4,Socializing,4.59,0.57,,"act,atus,dur,joy,money,rec,setup,soc",heuristic;observational,low,judgement;atus2014_2016;kahneman2004
plan-a-trip-with-friends,Plan a trip with friends,canonical,relationships,"connection,relationships,belonging",30,60,120,0,1,2,0,1,1,0,0,3,3,2,0,0,3,2,3,2,3,1,3,2,0,1,1,2,3,19.5±2,,,,,,,,,,,,,,,1201,category,Socializing and communicating,0.3584,102.7,Socializing,4.59,0.57,,"dur,joy,opt,setup,soc,tail",heuristic;observational,low,judgement;atus2014_2016;kahneman2004
join-a-club,Join a club,canonical,relationships,"connection,relationships,belonging",30,60,120,20,2,4,0,1,1,0,0,4,3,2,0,0,4,2,3,2,2,4,3,2,0,3,4,2,3,19.5±2,,,,,,,,,,,,,,,1201,category,Socializing and communicating,0.3584,102.7,Socializing,4.59,0.57,,"act,dur,info,lt,money,nov,setup,soc,tail",heuristic;observational,low,judgement;atus2014_2016;kahneman2004
go-to-a-party,Go to a party,canonical,relationships,"connection,relationships,belonging",120,180,300,30,2,2,0,1,1,0,0,4,4,2,0,0,3,2,3,2,2,1,3,2,1,2,1,2,3,19.5±2,,,,,,,,,,,,,,,1202,action,Attending or hosting social events,0.0223,179.2,Socializing,4.59,0.57,,"atus,dn,dur,joy,money,setup,soc",heuristic;observational,low,judgement;atus2014_2016;kahneman2004
host-a-party,Host a party,canonical,relationships,"connection,relationships,belonging",180,240,360,90,3,4,0,1,1,0,0,4,4,2,0,0,3,2,3,2,2,1,3,2,0,2,1,2,3,19.5±2,,,,,,,,,,,,,,,1202,action,Attending or hosting social events,0.0223,179.2,Socializing,4.59,0.57,,"act,atus,dur,hom,joy,money,setup,soc,tail",heuristic;observational,low,judgement;atus2014_2016;kahneman2004
have-a-date-night-at-home,Have a date night at home,canonical,relationships,"connection,relationships,belonging",90,150,240,10,1,2,0,1,1,0,0,4,4,3,0,0,3,2,3,2,2,1,3,2,0,2,1,2,3,19.5±2,,,,,,,,,,,,,,,1201,category,Socializing and communicating,0.3584,102.7,Socializing,4.59,0.57,,"dur,joy,money,rec,setup,soc",heuristic;observational,low,judgement;atus2014_2016;kahneman2004
hug-someone,Hug someone,canonical,relationships,"connection,relationships,belonging",1,1,5,0,0,1,0,1,1,0,0,4,3,2,0,0,3,2,3,2,2,1,3,2,0,2,1,2,3,19.5±2,,,,,,,,,,,,,,,1201,category,Socializing and communicating,0.3584,102.7,Socializing,4.59,0.57,,"act,dur,joy,money,rec,setup,soc",heuristic;observational,low,judgement;atus2014_2016;kahneman2004
reply-to-a-message-you-have-been-putting-off,Reply to a message you have been putting off,canonical,communication,"communication,coordination,admin",5,15,30,0,0,3,0,2,0,2,0,3,0,1,1,0,1,1,3,2,1,1,2,2,0,1,0,4,1,9.5±1.5;16±2,,,,,,,,,,,,,,,020904,category,Household and personal e-mail and messages,0.0565,32.9,Computer/e-mail/Internet,3.81,0.8,,"act,decay,dur,rec,reg,soc",heuristic;observational,low,judgement;atus2014_2016;kahneman2004
send-a-voice-note,Send a voice note,canonical,communication,"communication,coordination,admin",2,3,10,0,0,1,0,2,0,2,0,3,1,0,1,0,1,1,3,3,1,1,1,2,0,1,0,4,1,9.5±1.5;16±2,,,,,,,,,,,,,,,020904,category,Household and personal e-mail and messages,0.0565,32.9,Computer/e-mail/Internet,3.81,0.8,,"act,dur,joy,soc",heuristic;observational,low,judgement;atus2014_2016;kahneman2004
call-a-company,Call a company,canonical,communication,"communication,coordination,admin",10,30,60,0,0,4,0,2,0,2,0,1,0,0,3,2,1,1,3,3,1,1,1,2,0,1,0,4,1,9.5±1.5;16±2,,,,,,,,,,,,,,,1601,action,Telephone calls,0.1063,43.7,Computer/e-mail/Internet,3.81,0.8,,"act,atus,dur,fin,hom,joy",heuristic;observational,low,judgement;atus2014_2016;kahneman2004
negotiate-a-bill,Negotiate a bill,canonical,communication,"communication,coordination,admin",15,30,60,0,0,4,0,2,0,2,0,1,0,0,2,4,1,1,3,3,1,1,1,2,0,2,0,4,1,9.5±1.5;16±2,,,,,,,,,,,,,,,1601,action,Telephone calls,0.1063,43.7,Computer/e-mail/Internet,3.81,0.8,,"act,atus,dur,fin,hom,tail",heuristic;observational,low,judgement;atus2014_2016;kahneman2004
write-a-complaint,Write a complaint,canonical,communication,"communication,coordination,admin",10,20,40,0,0,3,0,2,0,2,0,1,0,0,2,2,1,1,3,3,1,1,1,2,1,1,0,4,1,9.5±1.5;16±2,,,,,,,,,,,,,,,020904,category,Household and personal e-mail and messages,0.0565,32.9,Computer/e-mail/Internet,3.81,0.8,,"act,dn,dur,fin,hom",heuristic;observational,low,judgement;atus2014_2016;kahneman2004
unsubscribe-from-emails,Unsubscribe from emails,canonical,communication,"communication,coordination,admin",5,15,30,0,0,1,0,2,0,1,0,1,0,0,2,0,2,1,3,3,1,1,1,2,0,1,0,4,1,9.5±1.5;16±2,,,,,,,,,,,,,,,020904,action,Household and personal e-mail and messages,0.0565,32.9,Computer/e-mail/Internet,3.81,0.8,,"act,atus,car,dur,hom,lt",heuristic;observational,low,judgement;atus2014_2016;kahneman2004
reply-to-a-group-chat,Reply to a group chat,canonical,communication,"communication,coordination,admin",2,5,15,0,0,0,0,2,0,2,0,2,0,0,1,0,1,1,3,3,1,1,1,1,0,1,0,4,1,9.5±1.5;16±2,,,,,,,,,,,,,,,020904,action,Household and personal e-mail and messages,0.0565,32.9,Computer/e-mail/Internet,3.81,0.8,,"act,atus,dur,intr,soc",heuristic;observational,low,judgement;atus2014_2016;kahneman2004
mute-a-group-chat,Mute a group chat,canonical,communication,"communication,coordination,admin",1,1,2,0,0,0,0,2,0,1,0,1,0,1,1,0,1,1,3,3,1,1,1,2,0,1,0,4,1,9.5±1.5;16±2,,,,,,,,,,,,,,,020904,category,Household and personal e-mail and messages,0.0565,32.9,Computer/e-mail/Internet,3.81,0.8,,"act,car,dur,rec",heuristic;observational,low,judgement;atus2014_2016;kahneman2004
check-email-at-set-times,Check email at set times,canonical,communication,"focus,communication",10,15,30,0,0,2,0,2,1,3,0,1,0,0,1,0,1,1,3,3,1,1,1,2,0,1,0,4,1,9.5±1.5;16±2,,,,,,,,,,,,,,,020904,category,Household and personal e-mail and messages,0.0565,32.9,Computer/e-mail/Internet,3.81,0.8,mark2008:related,"act,car,dur,hea",heuristic;observational;experiments,low,judgement;atus2014_2016;kahneman2004;mark2008
write-a-thank-you-email,Write a thank-you email,canonical,communication,"communication,coordination,admin",5,10,15,0,0,1,0,2,0,1,0,3,0,0,1,0,1,1,3,3,1,1,1,2,0,1,0,4,1,9.5±1.5;16±2,,,,,,,,,,,,,,,020904,category,Household and personal e-mail and messages,0.0565,32.9,Computer/e-mail/Internet,3.81,0.8,,"car,dur,soc,tail",heuristic;observational,low,judgement;atus2014_2016;kahneman2004
send-a-follow-up-email,Send a follow-up email,canonical,communication,"communication,coordination,admin",5,10,15,0,0,1,0,2,0,3,0,1,0,0,1,0,1,1,3,3,1,2,1,2,0,1,0,4,1,9.5±1.5;16±2,,,,,,,,,,,,,,,020904,category,Household and personal e-mail and messages,0.0565,32.9,Computer/e-mail/Internet,3.81,0.8,,"car,dur,info,tail",heuristic;observational,low,judgement;atus2014_2016;kahneman2004
write-a-letter-of-recommendation,Write a letter of recommendation,canonical,communication,"communication,coordination,admin",45,60,120,0,0,1,0,2,0,2,0,3,0,0,1,0,1,1,3,3,1,1,3,2,0,1,0,4,1,9.5±1.5;16±2,,,,,,,,,,,,,,,020904,category,Household and personal e-mail and messages,0.0565,32.9,Computer/e-mail/Internet,3.81,0.8,,"car,decay,dur,reg,soc",heuristic;observational,low,judgement;atus2014_2016;kahneman2004
write-to-your-mp,Write to your MP,canonical,communication,"communication,coordination,admin",20,45,90,0,0,3,0,2,0,2,0,1,0,0,2,0,1,1,3,3,1,2,1,2,0,1,0,4,1,9.5±1.5;16±2,,,,,,,,,,,,,,1,020904,category,Household and personal e-mail and messages,0.0565,32.9,Computer/e-mail/Internet,3.81,0.8,,"act,dur,hom,info,sg,soc",heuristic;observational,low,judgement;singapore;atus2014_2016;kahneman2004
post-on-linkedin,Post on LinkedIn,canonical,communication,"communication,coordination,admin",10,20,45,0,0,1,0,2,0,2,0,1,0,0,1,0,1,1,3,3,1,1,1,2,1,2,0,4,1,9.5±1.5;16±2,,,,,,,,,,,,,,,020904,category,Household and personal e-mail and messages,0.0565,32.9,Computer/e-mail/Internet,3.81,0.8,,"car,dn,dur,soc,tail",heuristic;observational,low,judgement;atus2014_2016;kahneman2004
check-your-inbox,Check your inbox,canonical,communication,"communication,coordination,admin",2,10,30,0,0,0,0,2,0,1,0,1,0,0,1,0,1,1,3,3,1,1,0,3,0,1,0,4,1,9.5±1.5;16±2,,,,,,,,,,,,,,,020904,action,Household and personal e-mail and messages,0.0565,32.9,Computer/e-mail/Internet,3.81,0.8,,"act,atus,car,dur,intr,reg",heuristic;observational,low,judgement;atus2014_2016;kahneman2004
write-a-newsletter,Write a newsletter,canonical,communication,"communication,coordination,admin",60,90,180,0,0,1,0,2,0,2,0,2,0,0,1,0,1,1,3,3,1,1,1,2,0,3,0,4,1,9.5±1.5;16±2,,,,,,,,,,,,,,,020904,category,Household and personal e-mail and messages,0.0565,32.9,Computer/e-mail/Internet,3.81,0.8,,"car,dur,soc,tail",heuristic;observational,low,judgement;atus2014_2016;kahneman2004
swap-an-evening-of-tv-for-something-else,Swap an evening of TV for something else,canonical,leisure,"enjoyment,relaxation,leisure",60,120,180,0,0,2,0,1,0,0,1,0,2,2,0,0,2,1,4,0,1,3,0,1,0,0,2,3,1,21±2,,,,,,,,,,,,,,,1203,category,Relaxing and leisure,0.9101,257.7,,,,,"act,dur,info,joy,lt,nov,rec",heuristic;observational,low,judgement;atus2014_2016
watch-a-documentary,Watch a documentary,canonical,leisure,"enjoyment,relaxation,leisure",45,90,120,0,0,1,0,1,0,0,3,0,3,2,0,0,1,1,4,0,1,1,0,1,0,0,1,3,1,21±2,,,,,,,,,,,,,,,120303,action,Television and movies (not religious),0.7961,209.0,Watching TV,4.19,0.58,,"atus,drm,dur,joy,lrn,rec",heuristic;observational,low,judgement;atus2014_2016;kahneman2004
watch-the-news-on-tv,Watch the news on TV,canonical,leisure,"enjoyment,relaxation,leisure",15,30,60,0,0,1,0,1,0,0,2,0,1,3,0,0,1,1,4,0,1,1,0,1,0,0,1,3,1,21±2,,,,,,,,,,,,,,,120303,action,Television and movies (not religious),0.7961,209.0,,,,,"atus,dur,joy,lrn",heuristic;observational,low,judgement;atus2014_2016
rewatch-a-favourite-show,Rewatch a favourite show,canonical,leisure,"enjoyment,relaxation,leisure",20,45,120,0,0,1,0,1,0,0,1,0,3,4,0,0,1,1,4,0,1,1,0,1,0,0,0,3,1,21±2,,,,,,,,,,,,,,,120303,action,Television and movies (not religious),0.7961,209.0,,,,,"atus,dur,joy,nov,rec",heuristic;observational,low,judgement;atus2014_2016
go-to-the-cinema,Go to the cinema,canonical,leisure,"enjoyment,relaxation,leisure",90,120,180,30,2,1,0,1,0,0,1,2,4,3,0,0,1,1,4,0,1,1,0,1,0,0,2,3,1,21±2,,,,,10-26,,,,,,,,,,120403,action,Attending movies or film,0.0104,142.2,,,,,"atus,dur,joy,money,nov,open,setup,soc",heuristic;observational,low,judgement;singapore;atus2014_2016
listen-to-the-radio,Listen to the radio,canonical,leisure,"enjoyment,relaxation,leisure",15,30,60,0,0,1,0,1,0,0,1,0,2,2,0,0,1,1,4,0,1,1,0,1,0,0,1,3,1,21±2,,,,,,,,,,,,,,,120305,action,Listening to the radio,0.0163,70.3,,,,,"atus,dur,joy,rec",heuristic;observational,low,judgement;atus2014_2016
play-an-instrument-for-fun,Play an instrument for fun,canonical,leisure,"enjoyment,relaxation,leisure",15,30,60,0,0,1,0,1,0,0,2,0,4,3,0,0,1,1,4,0,1,1,0,1,0,0,1,3,1,21±2,,,,,,,,,,,,,,,120306,action,Listening to or playing music (not radio),0.0248,82.5,,,,,"atus,dur,joy,lrn,rec",heuristic;observational,low,judgement;atus2014_2016
sing,Sing,canonical,leisure,"enjoyment,relaxation,leisure",5,15,30,0,0,1,0,1,0,0,1,0,4,3,0,0,1,1,4,0,1,1,0,1,0,0,1,3,1,21±2,,,,,,,,,,,,,,,1203,category,Relaxing and leisure,0.9101,257.7,,,,,"dur,joy,rec",heuristic;observational,low,judgement;atus2014_2016
play-a-video-game-with-friends,Play a video game with friends,canonical,leisure,"enjoyment,relaxation,leisure",45,90,180,0,0,1,0,1,0,0,1,3,4,3,0,0,1,1,4,0,1,1,0,1,0,0,1,3,1,21±2,,,,,,,,,,,,,,,120307,action,Playing games,0.1092,127.5,,,,,"atus,dur,joy,soc",heuristic;observational,low,judgement;atus2014_2016
play-chess,Play chess,canonical,leisure,"enjoyment,relaxation,leisure",15,45,120,0,0,1,0,3,0,0,2,0,3,3,0,0,1,1,4,0,1,1,0,1,0,0,1,3,1,21±2,,,,,,,,,,,,,,,120307,action,Playing games,0.1092,127.5,,,,,"atus,cog,dur,joy,lrn",heuristic;observational,low,judgement;atus2014_2016
play-cards,Play cards,canonical,leisure,"enjoyment,relaxation,leisure",45,90,180,0,0,1,0,2,0,0,1,4,4,3,0,0,1,1,4,0,1,1,0,1,0,0,1,3,1,21±2,,,,,,,,,,,,,,,120307,action,Playing games,0.1092,127.5,,,,,"atus,cog,dur,joy,soc",heuristic;observational,low,judgement;atus2014_2016
play-mahjong,Play mahjong,canonical,leisure,"enjoyment,relaxation,leisure",60,180,300,0,1,1,0,2,0,0,1,4,4,3,0,0,1,1,4,0,1,1,0,1,0,0,1,3,1,21±2,,,,,,,,,,,,,,1,120307,action,Playing games,0.1092,127.5,,,,,"atus,cog,dur,joy,money,sg,soc",heuristic;observational,low,judgement;singapore;atus2014_2016
do-a-crossword,Do a crossword,canonical,leisure,"enjoyment,relaxation,leisure",5,15,30,0,0,1,0,2,0,0,1,0,3,3,0,0,1,1,4,0,1,1,0,1,0,0,1,3,1,21±2,,,,,,,,,,,,,,,120307,action,Playing games,0.1092,127.5,,,,,"atus,cog,dur,joy",heuristic;observational,low,judgement;atus2014_2016
do-a-jigsaw-puzzle,Do a jigsaw puzzle,canonical,leisure,"enjoyment,relaxation,leisure",30,60,180,0,0,1,0,1,0,0,1,0,3,3,0,0,1,1,4,0,1,1,0,1,0,0,1,3,1,21±2,,,,,,,,,,,,,,,120307,action,Playing games,0.1092,127.5,,,,,"atus,dur,joy,rec",heuristic;observational,low,judgement;atus2014_2016
build-a-lego-set,Build a Lego set,canonical,leisure,"enjoyment,relaxation,leisure",45,90,240,0,2,1,0,1,0,0,1,0,4,3,0,0,1,1,4,0,1,1,0,1,0,0,1,3,1,21±2,,,,,,,,,,,,,,,120309,action,Arts and crafts as a hobby,0.0131,130.5,,,,,"atus,dur,joy,money,rec",heuristic;observational,low,judgement;atus2014_2016
colour-in,Colour in,canonical,leisure,"enjoyment,relaxation,leisure",15,30,60,0,0,1,0,1,0,0,1,0,3,3,0,0,1,1,4,0,1,1,0,1,0,0,1,3,1,21±2,,,,,,,,,,,,,,,120309,action,Arts and crafts as a hobby,0.0131,130.5,,,,,"atus,dur,joy,rec",heuristic;observational,low,judgement;atus2014_2016
read-comics,Read comics,canonical,leisure,"enjoyment,relaxation,leisure",15,30,60,0,0,1,0,1,0,0,1,0,4,3,0,0,1,1,4,0,1,1,0,1,0,0,1,3,1,21±2,,,,,,,,,,,,,,,120312,action,Reading for personal interest,0.2062,90.3,,,,,"atus,dur,joy,rec",heuristic;observational,low,judgement;atus2014_2016
read-a-magazine,Read a magazine,canonical,leisure,"enjoyment,relaxation,leisure",10,20,40,0,0,1,0,1,0,0,1,0,2,2,0,0,1,1,4,0,1,1,0,1,0,0,1,3,1,21±2,,,,,,,,,,,,,,,120312,action,Reading for personal interest,0.2062,90.3,,,,,"atus,dur,joy,lrn,rec",heuristic;observational,low,judgement;atus2014_2016
read-poetry,Read poetry,canonical,leisure,"enjoyment,relaxation,leisure",10,15,30,0,0,1,0,1,0,0,1,0,3,3,0,0,1,1,4,0,1,1,0,1,0,0,1,3,1,21±2,,,,,,,,,,,,,,,120312,action,Reading for personal interest,0.2062,90.3,,,,,"atus,dur,joy,lrn,rec",heuristic;observational,low,judgement;atus2014_2016
visit-an-art-gallery,Visit an art gallery,canonical,leisure,"enjoyment,relaxation,leisure",60,90,120,30,1,1,0,1,0,0,3,0,3,3,0,0,1,1,4,0,1,1,0,1,0,0,3,3,1,21±2,,,,,10-19,,,,,,,,,,120402,action,Attending museums,0.0022,149.4,,,,,"atus,dur,joy,lrn,money,nov,open,setup",heuristic;observational,low,judgement;singapore;atus2014_2016
go-to-a-live-music-gig,Go to a live music gig,canonical,leisure,"enjoyment,relaxation,leisure",90,150,180,30,3,1,0,1,0,0,1,2,4,3,0,0,1,1,4,0,1,1,0,1,0,0,3,3,1,21±2,,,,,19-25,,,,,,,,,,120401,action,Attending performing arts,0.0051,160.5,,,,,"atus,dur,joy,money,nov,open,setup,soc",heuristic;observational,low,judgement;singapore;atus2014_2016
go-to-a-musical,Go to a musical,canonical,leisure,"enjoyment,relaxation,leisure",150,180,210,30,4,1,0,1,0,0,1,0,4,3,0,0,1,1,1,4,1,1,0,1,0,0,3,3,1,21±2,,,,,19-23.5,,,,,,,,,,120401,action,Attending performing arts,0.0051,160.5,,,,,"atus,decay,dur,joy,money,nov,open,rev,setup",heuristic;observational,low,judgement;singapore;atus2014_2016
go-to-a-classical-concert,Go to a classical concert,canonical,leisure,"enjoyment,relaxation,leisure",90,120,150,30,3,1,0,1,0,0,2,0,4,3,0,0,1,1,4,0,1,1,0,1,0,0,1,3,1,21±2,,,,,19-23,,,,,,,,,,120401,action,Attending performing arts,0.0051,160.5,,,,,"atus,dur,joy,lrn,money,open,setup",heuristic;observational,low,judgement;singapore;atus2014_2016
attend-a-book-launch,Attend a book launch,canonical,leisure,"enjoyment,relaxation,leisure",60,90,120,30,0,1,0,1,0,0,3,2,3,3,0,0,1,1,4,0,1,1,0,1,0,2,3,3,1,21±2,,,,,,,,,,,,,,,1203,category,Relaxing and leisure,0.9101,257.7,,,,,"dur,lrn,nov,setup,soc,tail",heuristic;observational,low,judgement;atus2014_2016
go-to-a-festival,Go to a festival,canonical,leisure,"enjoyment,relaxation,leisure",180,360,600,45,3,1,0,1,0,0,1,3,4,3,0,0,1,1,4,4,1,1,0,1,1,0,4,3,1,21±2,,,,,,,,,,,,,,,1203,category,Relaxing and leisure,0.9101,257.7,,,,,"decay,dn,dur,joy,money,nov,setup,soc",heuristic;observational,low,judgement;atus2014_2016
watch-a-sports-match-live,Watch a sports match live,canonical,leisure,"enjoyment,relaxation,leisure",120,180,240,45,3,1,0,1,0,0,1,3,4,3,0,0,1,1,4,4,1,1,0,1,0,0,1,3,1,21±2,,,,,,,,,,,,,,,1302,action,Attending sporting or recreational events,0.0096,158.4,,,,,"atus,decay,dur,joy,money,setup,soc",heuristic;observational,low,judgement;atus2014_2016
watch-fireworks,Watch fireworks,canonical,leisure,"enjoyment,relaxation,leisure",30,60,120,30,0,1,0,1,0,0,1,3,4,3,0,0,1,1,4,4,1,1,0,1,0,0,1,3,1,21±2,,,1,,,,,,,,,,,,1203,category,Relaxing and leisure,0.9101,257.7,,,,,"decay,dur,joy,out,setup,soc",heuristic;observational,low,judgement;singapore;atus2014_2016
go-stargazing,Go stargazing,canonical,leisure,"enjoyment,relaxation,leisure",30,60,120,20,0,1,0,1,0,0,2,0,3,4,0,0,1,1,4,0,1,1,0,1,0,0,3,3,1,21±1.5,,,1,,,,,,,,,,,,1203,category,Relaxing and leisure,0.9101,257.7,,,,,"dur,joy,lrn,nov,out,rec,setup,typ",heuristic;observational,low,judgement;singapore;atus2014_2016
birdwatch-in-your-garden,Birdwatch in your garden,canonical,leisure,"enjoyment,relaxation,leisure",15,30,60,0,0,1,0,1,0,0,2,0,3,4,0,0,1,1,4,0,1,1,0,1,0,0,1,3,1,21±2,,,1,1,,,,,,,,,,,1203,category,Relaxing and leisure,0.9101,257.7,,,,,"day,dur,joy,lrn,out,rec,setup",heuristic;observational,low,judgement;singapore;atus2014_2016
watch-the-sunrise,Watch the sunrise,canonical,leisure,"enjoyment,relaxation,leisure",30,45,60,15,0,1,0,1,0,0,1,0,4,4,0,0,1,1,4,0,1,1,0,1,0,0,3,3,1,6.9±0.4,6.9±0.4,0,1,,,,,,,,,,,,1203,category,Relaxing and leisure,0.9101,257.7,,,,,"best,dur,evt,joy,nov,out,rec,setup,typ",heuristic;observational,low,judgement;singapore;atus2014_2016
sit-by-the-water,Sit by the water,canonical,leisure,"enjoyment,relaxation,leisure",20,45,90,15,0,1,0,1,0,0,1,0,3,4,0,0,1,1,4,0,1,1,0,1,0,0,1,3,1,21±2,,,1,,,,,,,,,,,,1203,category,Relaxing and leisure,0.9101,257.7,,,,,"dur,joy,out,rec,setup",heuristic;observational,low,judgement;singapore;atus2014_2016
go-on-a-photo-walk,Go on a photo walk,canonical,leisure,"enjoyment,relaxation,leisure",60,90,150,15,0,1,1,1,0,0,2,0,4,3,0,0,1,1,4,0,1,1,0,1,0,0,3,3,1,21±2,,,1,,,,,,,,,,,,1203,category,Relaxing and leisure,0.9101,257.7,,,,,"dur,joy,lrn,nov,out,phys,setup",heuristic;observational,low,judgement;singapore;atus2014_2016
go-to-an-escape-room,Go to an escape room,canonical,leisure,"enjoyment,relaxation,leisure",60,75,90,30,3,1,0,3,0,0,1,4,4,3,0,0,1,1,4,0,1,1,0,1,0,0,4,3,1,21±2,,,,,,,,,,,,,,,1203,category,Relaxing and leisure,0.9101,257.7,,,,,"cog,dur,joy,money,nov,setup,soc",heuristic;observational,low,judgement;atus2014_2016
go-to-an-arcade,Go to an arcade,canonical,leisure,"enjoyment,relaxation,leisure",30,60,120,20,2,1,0,1,0,0,1,2,4,3,0,0,1,1,4,0,1,1,0,1,0,0,1,3,1,21±2,,,,,11-23,,,,,,,,,,1203,category,Relaxing and leisure,0.9101,257.7,,,,,"dur,joy,money,open,setup,soc",heuristic;observational,low,judgement;singapore;atus2014_2016
play-laser-tag,Play laser tag,canonical,leisure,"enjoyment,relaxation,leisure",45,60,90,30,2,1,2,1,0,0,1,4,4,3,0,0,1,1,4,0,1,1,0,1,0,0,1,3,1,21±2,,,,,,,,,,,,,,,1203,category,Relaxing and leisure,0.9101,257.7,,,,,"dur,joy,money,phys,setup,soc",heuristic;observational,low,judgement;atus2014_2016
go-to-a-trampoline-park,Go to a trampoline park,canonical,leisure,"enjoyment,relaxation,leisure",60,90,120,30,2,1,3,1,0,0,1,0,4,3,0,0,1,1,4,0,1,1,0,1,2,0,1,3,1,21±2,,,,,,,,,,,,,,,1203,category,Relaxing and leisure,0.9101,257.7,,,,,"dn,dur,joy,money,phys,setup",heuristic;observational,low,judgement;atus2014_2016
go-to-a-water-park,Go to a water park,canonical,leisure,"enjoyment,relaxation,leisure",180,240,360,45,3,1,2,1,0,0,1,3,4,3,0,0,1,1,4,0,1,1,0,1,0,0,1,3,1,21±2,,,1,1,,,,,,,,,,,1203,category,Relaxing and leisure,0.9101,257.7,,,,,"day,dur,joy,money,out,phys,setup,soc",heuristic;observational,low,judgement;singapore;atus2014_2016
go-to-a-flea-market,Go to a flea market,canonical,leisure,"enjoyment,relaxation,leisure",60,90,120,30,2,1,0,1,0,0,1,0,3,3,0,0,1,1,4,0,1,1,0,1,0,0,3,3,1,21±2,,,,,,,,,,,,,,,1203,category,Relaxing and leisure,0.9101,257.7,,,,,"dur,joy,money,nov,setup",heuristic;observational,low,judgement;atus2014_2016
do-a-pottery-class,Do a pottery class,canonical,leisure,"enjoyment,relaxation,leisure",90,120,180,30,3,1,0,1,0,0,3,0,4,3,0,0,1,1,4,0,1,1,0,1,0,0,4,3,1,21±2,,,,,,,,,,,,,,,1203,category,Relaxing and leisure,0.9101,257.7,,,,,"dur,joy,lrn,money,nov,setup",heuristic;observational,low,judgement;atus2014_2016
take-a-cooking-class,Take a cooking class,canonical,leisure,"enjoyment,relaxation,leisure",120,150,180,30,3,1,0,1,0,0,4,3,4,3,0,0,1,1,4,0,1,1,0,1,0,0,4,3,1,21±2,,,,,,,,,,,,,,,1203,category,Relaxing and leisure,0.9101,257.7,,,,,"dur,joy,lrn,money,nov,setup,soc",heuristic;observational,low,judgement;atus2014_2016
take-a-dance-class,Take a dance class,canonical,leisure,"enjoyment,relaxation,leisure",60,75,90,30,2,1,3,1,0,0,3,3,4,3,0,0,1,1,4,0,1,1,0,1,0,0,4,3,1,21±2,,,,,,,,,,,,,,,130109,action,Dancing,0.0024,116.8,,,,,"atus,dur,joy,lrn,money,nov,phys,setup,soc",heuristic;observational,low,judgement;atus2014_2016
take-a-painting-class,Take a painting class,canonical,leisure,"enjoyment,relaxation,leisure",90,120,180,30,3,1,0,1,0,0,3,0,4,3,0,0,1,1,4,0,1,1,0,1,0,0,4,3,1,21±2,,,,,,,,,,,,,,,1203,category,Relaxing and leisure,0.9101,257.7,,,,,"dur,joy,lrn,money,nov,setup",heuristic;observational,low,judgement;atus2014_2016
watch-a-stand-up-special,Watch a stand-up special,canonical,leisure,"enjoyment,relaxation,leisure",45,60,90,0,0,1,0,1,0,0,1,0,4,4,0,0,1,1,4,0,1,1,0,1,0,0,1,3,1,21±2,,,,,,,,,,,,,,,120303,action,Television and movies (not religious),0.7961,209.0,,,,,"atus,dur,joy,rec",heuristic;observational,low,judgement;atus2014_2016
listen-to-an-album-start-to-finish,Listen to an album start to finish,canonical,leisure,"enjoyment,relaxation,leisure",30,45,70,0,0,1,0,1,0,0,1,0,4,4,0,0,1,1,4,0,1,1,0,1,0,0,1,3,1,21±2,,,,,,,,,,,,,,,120306,action,Listening to or playing music (not radio),0.0248,82.5,,,,,"atus,dur,joy,rec",heuristic;observational,low,judgement;atus2014_2016
make-a-playlist,Make a playlist,canonical,leisure,"enjoyment,relaxation,leisure",15,30,60,0,0,1,0,1,0,0,1,0,3,2,0,0,1,1,4,0,1,1,0,1,0,0,1,3,1,21±2,,,,,,,,,,,,,,,1203,category,Relaxing and leisure,0.9101,257.7,,,,,"dur,joy,rec",heuristic;observational,low,judgement;atus2014_2016
tinker-with-a-gadget,Tinker with a gadget,canonical,leisure,"enjoyment,relaxation,leisure",30,90,180,0,0,1,0,1,0,0,3,0,4,3,0,0,1,1,4,0,1,1,0,1,0,0,3,3,1,21±2,,,,,,,,,,,,,,,120309,action,Arts and crafts as a hobby,0.0131,130.5,,,,,"atus,dur,joy,lrn,nov",heuristic;observational,low,judgement;atus2014_2016
do-something-with-your-hands,Do something with your hands,canonical,leisure,"enjoyment,relaxation,leisure",30,60,120,0,0,1,0,1,0,0,2,0,3,3,0,0,1,1,4,0,1,1,0,1,0,0,1,3,1,21±2,,,,,,,,,,,,,,,120309,action,Arts and crafts as a hobby,0.0131,130.5,,,,,"atus,dur,joy,lrn,rec",heuristic;observational,low,judgement;atus2014_2016
play-a-musical-instrument-with-others,Play a musical instrument with others,canonical,leisure,"enjoyment,relaxation,leisure",60,120,180,20,0,1,0,1,0,0,3,4,4,3,0,0,1,1,4,0,1,1,0,1,0,0,1,3,1,21±2,,,,,,,,,,,,,,,120306,action,Listening to or playing music (not radio),0.0248,82.5,,,,,"atus,dur,joy,lrn,setup,soc",heuristic;observational,low,judgement;atus2014_2016
nap-on-the-sofa-after-lunch,Nap on the sofa after lunch,canonical,leisure,"enjoyment,relaxation,leisure",15,30,60,0,0,1,0,1,0,0,1,0,3,4,0,0,1,1,4,0,1,1,0,1,0,0,1,3,1,14±1,,,,,,,,,,,,,,,0101,action,Sleeping,0.999,528.9,Napping,3.87,0.6,,"atus,drm,dur,joy,rec,typ",heuristic;observational,low,judgement;atus2014_2016;kahneman2004
sit-and-do-nothing-on-the-balcony,Sit and do nothing on the balcony,canonical,leisure,"enjoyment,relaxation,leisure",10,20,45,0,0,1,0,1,0,0,1,0,3,4,0,0,1,1,4,0,1,1,0,1,0,0,1,3,1,21±2,,,,,,,,,,,,,,,120301,action,"Relaxing, thinking",0.1972,90.2,Relaxing,4.42,0.51,,"atus,drm,dur,joy,rec",heuristic;observational,low,judgement;atus2014_2016;kahneman2004
relax-with-a-cup-of-tea,Relax with a cup of tea,canonical,leisure,"enjoyment,relaxation,leisure",10,15,30,0,0,1,0,1,0,0,1,0,3,4,0,0,1,1,4,0,1,1,0,1,0,0,1,3,1,21±2,,,,,,,,,,,,,,,120301,action,"Relaxing, thinking",0.1972,90.2,Relaxing,4.42,0.51,,"atus,drm,dur,joy,rec",heuristic;observational,low,judgement;atus2014_2016;kahneman2004
delete-an-app-for-a-week,Delete an app for a week,canonical,digital,"focus,self-control",1,2,5,0,0,2,0,1,2,0,1,1,2,1,0,0,3,1,4,0,2,3,0,1,1,0,1,4,1,21.5±2.5,,,,,,,,,,,,,,,120308,category,Computer use for leisure (excluding games),0.125,93.5,Computer/e-mail/Internet,3.81,0.8,,"act,dur,hea,info,lt,opt,rec",heuristic;observational,low,judgement;atus2014_2016;kahneman2004
check-the-news-once,Check the news once,canonical,digital,"entertainment,distraction,news",10,15,20,0,0,0,0,1,0,0,2,1,2,1,0,0,0,1,4,0,0,2,0,1,1,0,1,4,1,21.5±2.5,,,,,,,,,,,,,,,120308,category,Computer use for leisure (excluding games),0.125,93.5,Computer/e-mail/Internet,3.81,0.8,,"dur,info,lrn",heuristic;observational,low,judgement;atus2014_2016;kahneman2004
watch-a-tiktok,Watch a TikTok,canonical,digital,"entertainment,distraction,news",5,20,90,0,0,0,0,1,0,0,1,1,2,0,0,0,0,1,4,0,0,1,0,0,1,0,1,4,1,21.5±2.5,,,,,,,,,,,,,,,120308,action,Computer use for leisure (excluding games),0.125,93.5,Computer/e-mail/Internet,3.81,0.8,,"atus,dn,dur,hea,intr,joy,rec",heuristic;observational,low,judgement;atus2014_2016;kahneman2004
read-reddit,Read Reddit,canonical,digital,"entertainment,distraction,news",10,30,90,0,0,0,0,1,0,0,1,1,2,1,0,0,0,1,4,0,0,1,0,1,1,0,1,4,1,21.5±2.5,,,,,,,,,,,,,,,120308,action,Computer use for leisure (excluding games),0.125,93.5,Computer/e-mail/Internet,3.81,0.8,,"atus,dn,dur,joy,lrn",heuristic;observational,low,judgement;atus2014_2016;kahneman2004
watch-a-livestream,Watch a livestream,canonical,digital,"entertainment,distraction,news",30,60,180,0,0,0,0,1,0,0,1,1,3,1,0,0,0,1,4,0,0,1,0,1,1,0,1,4,1,21.5±2.5,,,,,,,,,,,,,,,120308,action,Computer use for leisure (excluding games),0.125,93.5,Computer/e-mail/Internet,3.81,0.8,,"atus,dur,joy,soc",heuristic;observational,low,judgement;atus2014_2016;kahneman2004
stream-music,Stream music,canonical,digital,"entertainment,distraction,news",10,30,90,0,0,0,0,1,0,0,1,1,3,2,0,0,0,1,4,0,0,1,0,1,1,0,1,4,1,21.5±2.5,,,,,,,,,,,,,,,120306,action,Listening to or playing music (not radio),0.0248,82.5,Computer/e-mail/Internet,3.81,0.8,,"atus,dur,joy,rec",heuristic;observational,low,judgement;atus2014_2016;kahneman2004
clean-up-your-photos,Clean up your photos,canonical,digital,"entertainment,distraction,news",20,45,90,0,0,0,0,1,0,0,1,1,2,1,3,0,2,1,4,0,0,1,0,1,1,0,1,4,1,21.5±2.5,,,,,,,,,,,,,,,120308,category,Computer use for leisure (excluding games),0.125,93.5,Computer/e-mail/Internet,3.81,0.8,,"dur,hom,joy,lt",heuristic;observational,low,judgement;atus2014_2016;kahneman2004
clear-your-notifications,Clear your notifications,canonical,digital,"entertainment,distraction,news",2,5,10,0,0,0,0,1,0,1,1,1,2,1,1,0,0,1,4,0,0,1,0,1,1,0,1,4,1,21.5±2.5,,,,,,,,,,,,,,,120308,category,Computer use for leisure (excluding games),0.125,93.5,Computer/e-mail/Internet,3.81,0.8,,"act,car,dur,hom",heuristic;observational,low,judgement;atus2014_2016;kahneman2004
set-up-a-password-manager,Set up a password manager,canonical,digital,security,30,60,90,0,0,3,0,1,0,0,1,1,2,1,3,0,4,1,4,0,2,1,0,1,1,0,1,4,1,21.5±2.5,,,,,,,,,,,,,,,120308,category,Computer use for leisure (excluding games),0.125,93.5,Computer/e-mail/Internet,3.81,0.8,,"act,dur,hom,lt,opt",heuristic;observational,low,judgement;atus2014_2016;kahneman2004
turn-on-two-factor-authentication,Turn on two-factor authentication,canonical,digital,security,10,20,30,0,0,2,0,1,0,0,1,1,2,1,3,0,4,1,4,0,0,1,0,1,1,0,1,4,1,21.5±2.5,,,,,,,,,,,,,,,120308,category,Computer use for leisure (excluding games),0.125,93.5,Computer/e-mail/Internet,3.81,0.8,,"act,dur,hom,lt",heuristic;observational,low,judgement;atus2014_2016;kahneman2004
check-for-a-data-breach,Check for a data breach,canonical,digital,security,5,10,15,0,0,0,0,1,0,0,1,1,2,1,2,0,0,1,4,0,0,3,0,1,1,0,1,4,1,21.5±2.5,,,,,,,,,,,,,,,120308,category,Computer use for leisure (excluding games),0.125,93.5,Computer/e-mail/Internet,3.81,0.8,,"dur,hom,info",heuristic;observational,low,judgement;atus2014_2016;kahneman2004
review-your-screen-time,Review your screen time,canonical,digital,"entertainment,distraction,news",5,10,15,0,0,0,0,1,1,0,1,1,2,1,0,0,0,1,4,0,0,3,0,1,1,0,1,4,1,21.5±2.5,,,,,,,,,,,,,,,120308,category,Computer use for leisure (excluding games),0.125,93.5,Computer/e-mail/Internet,3.81,0.8,,"dur,hea,info",heuristic;observational,low,judgement;atus2014_2016;kahneman2004
charge-your-devices,Charge your devices,canonical,digital,"entertainment,distraction,news",1,1,2,0,0,0,0,1,0,0,1,1,2,1,2,0,0,1,4,0,2,1,0,1,1,0,1,4,1,21.5±2.5,,,,,,,,,,,,,,,120308,category,Computer use for leisure (excluding games),0.125,93.5,Computer/e-mail/Internet,3.81,0.8,,"act,dur,hom,opt",heuristic;observational,low,judgement;atus2014_2016;kahneman2004
fix-your-wi-fi,Fix your Wi-Fi,canonical,digital,"entertainment,distraction,news",10,30,60,0,0,2,0,2,0,0,1,1,0,1,3,0,0,2,4,0,0,1,0,1,1,0,1,4,1,21.5±2.5,,,,,,,,,,,,,,,120308,category,Computer use for leisure (excluding games),0.125,93.5,Computer/e-mail/Internet,3.81,0.8,,"act,cog,dur,hom,joy,unc",heuristic;observational,low,judgement;atus2014_2016;kahneman2004
update-your-phone,Update your phone,canonical,digital,"entertainment,distraction,news",10,20,40,0,0,1,0,1,0,0,1,1,2,1,2,0,0,1,4,0,0,1,0,1,1,0,1,4,1,21.5±2.5,,,,,,,,,,,,,,,120308,category,Computer use for leisure (excluding games),0.125,93.5,Computer/e-mail/Internet,3.81,0.8,,"act,dur,hom",heuristic;observational,low,judgement;atus2014_2016;kahneman2004
archive-old-emails,Archive old emails,canonical,digital,"entertainment,distraction,news",15,30,60,0,0,0,0,1,0,1,1,1,2,1,2,0,0,1,4,0,0,1,0,1,1,0,1,4,1,21.5±2.5,,,,,,,,,,,,,,,120308,category,Computer use for leisure (excluding games),0.125,93.5,Computer/e-mail/Internet,3.81,0.8,,"car,dur,hom",heuristic;observational,low,judgement;atus2014_2016;kahneman2004
write-a-wikipedia-edit,Write a Wikipedia edit,canonical,digital,"entertainment,distraction,news",20,45,90,0,0,0,0,1,0,0,3,1,2,1,0,0,0,1,4,0,0,1,0,1,1,1,1,4,1,21.5±2.5,,,,,,,,,,,,,,,120308,category,Computer use for leisure (excluding games),0.125,93.5,Computer/e-mail/Internet,3.81,0.8,,"dur,lrn,soc,tail",heuristic;observational,low,judgement;atus2014_2016;kahneman2004
learn-a-new-app,Learn a new app,canonical,digital,"entertainment,distraction,news",10,30,60,0,0,0,0,1,0,0,2,1,2,1,0,0,0,1,4,0,0,1,0,1,1,0,2,4,1,21.5±2.5,,,,,,,,,,,,,,,120308,category,Computer use for leisure (excluding games),0.125,93.5,Computer/e-mail/Internet,3.81,0.8,,"dur,lrn,nov",heuristic;observational,low,judgement;atus2014_2016;kahneman2004
sell-something-online,Sell something online,canonical,digital,"entertainment,distraction,news",15,30,60,0,0,2,0,1,0,0,1,1,2,1,3,3,0,1,2,0,0,1,0,1,1,0,1,4,1,21.5±2.5,,,,,,,,,,,,,,,120308,category,Computer use for leisure (excluding games),0.125,93.5,Computer/e-mail/Internet,3.81,0.8,,"act,dur,fin,hom,rev",heuristic;observational,low,judgement;atus2014_2016;kahneman2004
tidy-one-room-for-15-minutes,Tidy one room for 15 minutes,canonical,household,"home,order,chores",10,15,20,0,0,1,2,0,1,0,0,0,0,0,3,0,2,0,4,1,1,0,1,1,0,0,0,3,1,10.5±2.5;19.5±1.5,,,,,,,,,,,,,,,020101,action,Interior cleaning,0.2321,87.5,Housework,3.73,0.77,,"act,atus,drm,dur,hom",heuristic;observational,low,judgement;atus2014_2016;kahneman2004
wipe-down-surfaces,Wipe down surfaces,canonical,household,"home,order,chores",10,15,30,0,0,2,2,0,1,0,0,0,0,0,3,0,2,0,4,1,1,0,1,1,0,0,0,3,1,10.5±2.5;19.5±1.5,,,,,,,,,,,,,,,020101,action,Interior cleaning,0.2321,87.5,Housework,3.73,0.77,,"atus,dur,hom",heuristic;observational,low,judgement;atus2014_2016;kahneman2004
clean-the-windows,Clean the windows,canonical,household,"home,order,chores",20,45,90,0,0,2,2,0,1,0,0,0,0,0,3,0,2,0,4,1,1,0,1,1,0,0,0,3,1,10.5±2.5;19.5±1.5,,,,,,,,,,,,,,,020101,action,Interior cleaning,0.2321,87.5,Housework,3.73,0.77,,"atus,dur,hom,phys",heuristic;observational,low,judgement;atus2014_2016;kahneman2004
clean-the-oven,Clean the oven,canonical,household,"home,order,chores",30,45,90,0,0,3,2,0,1,0,0,0,0,0,3,0,2,0,4,1,1,0,1,1,0,0,0,3,1,10.5±2.5;19.5±1.5,,,,,,,,,,,,,,,020101,action,Interior cleaning,0.2321,87.5,Housework,3.73,0.77,,"act,atus,dur,hom,phys",heuristic;observational,low,judgement;atus2014_2016;kahneman2004
clean-the-microwave,Clean the microwave,canonical,household,"home,order,chores",5,10,15,0,0,2,2,0,1,0,0,0,0,0,2,0,2,0,4,1,1,0,1,1,0,0,0,3,1,10.5±2.5;19.5±1.5,,,,,,,,,,,,,,,020203,action,Kitchen and food clean-up,0.2264,34.1,Housework,3.73,0.77,,"atus,dur,hom",heuristic;observational,low,judgement;atus2014_2016;kahneman2004
descale-the-kettle,Descale the kettle,canonical,household,"home,order,chores",5,10,20,0,0,2,2,0,1,0,0,0,0,0,2,0,2,0,4,1,1,0,1,1,0,0,0,3,1,10.5±2.5;19.5±1.5,,,,,,,,,,,,,,,020101,action,Interior cleaning,0.2321,87.5,Housework,3.73,0.77,,"atus,dur,hom",heuristic;observational,low,judgement;atus2014_2016;kahneman2004
clean-the-toilet,Clean the toilet,canonical,household,"home,order,chores",10,15,20,0,0,3,2,0,1,0,0,0,0,0,4,0,2,0,4,1,1,0,1,1,0,0,0,3,1,10.5±2.5;19.5±1.5,,,,,,,,,,,,,,,020101,action,Interior cleaning,0.2321,87.5,Housework,3.73,0.77,,"act,atus,dur,hom",heuristic;observational,low,judgement;atus2014_2016;kahneman2004
scrub-the-shower,Scrub the shower,canonical,household,"home,order,chores",15,30,45,0,0,3,2,0,1,0,0,0,0,0,4,0,2,0,4,1,1,0,1,1,0,0,0,3,1,10.5±2.5;19.5±1.5,,,,,,,,,,,,,,,020101,action,Interior cleaning,0.2321,87.5,Housework,3.73,0.77,,"act,atus,dur,hom,phys",heuristic;observational,low,judgement;atus2014_2016;kahneman2004
clean-the-sofa,Clean the sofa,canonical,household,"home,order,chores",20,30,60,0,0,2,2,0,1,0,0,0,0,0,3,0,2,0,4,1,1,0,1,1,0,0,0,3,1,10.5±2.5;19.5±1.5,,,,,,,,,,,,,,,020101,action,Interior cleaning,0.2321,87.5,Housework,3.73,0.77,,"atus,dur,hom",heuristic;observational,low,judgement;atus2014_2016;kahneman2004
wash-the-curtains,Wash the curtains,canonical,household,"home,order,chores",20,30,60,0,0,2,2,0,1,0,0,0,0,0,3,0,2,0,4,1,1,0,1,1,0,0,0,3,1,10.5±2.5;19.5±1.5,,,,,,,,,,,,,,,020102,action,Laundry,0.1656,64.4,Housework,3.73,0.77,,"atus,dur,hom",heuristic;observational,low,judgement;atus2014_2016;kahneman2004
hang-the-laundry,Hang the laundry,canonical,household,"home,order,chores",10,15,20,0,0,2,2,0,1,0,0,0,0,0,3,0,2,0,4,1,1,0,1,1,0,0,0,3,1,10.5±2.5;19.5±1.5,,,,,,,,,,,,,,,020102,action,Laundry,0.1656,64.4,Housework,3.73,0.77,,"atus,dur,hom",heuristic;observational,low,judgement;atus2014_2016;kahneman2004
put-the-laundry-away,Put the laundry away,canonical,household,"home,order,chores",5,10,20,0,0,2,2,0,1,0,0,0,0,0,3,0,2,0,4,1,1,0,1,1,0,0,0,3,1,10.5±2.5;19.5±1.5,,,,,,,,,,,,,,,020102,action,Laundry,0.1656,64.4,Housework,3.73,0.77,,"atus,dur,hom",heuristic;observational,low,judgement;atus2014_2016;kahneman2004
do-a-load-of-whites,Do a load of whites,canonical,household,"home,order,chores",5,10,15,0,0,2,2,0,1,0,0,0,0,0,3,0,2,0,4,1,1,0,1,1,0,0,0,3,1,10.5±2.5;19.5±1.5,,,,,,,,,,,,,,,020102,action,Laundry,0.1656,64.4,Housework,3.73,0.77,,"atus,dur,hom",heuristic;observational,low,judgement;atus2014_2016;kahneman2004
sew-on-a-button,Sew on a button,canonical,household,"home,order,chores",5,15,30,0,0,2,2,0,1,0,1,0,0,0,3,2,2,0,4,1,1,0,1,1,0,0,0,3,1,10.5±2.5;19.5±1.5,,,,,,,,,,,,,,,020103,action,"Sewing, repairing and maintaining textiles",0.0115,153.5,Housework,3.73,0.77,,"atus,dur,fin,hom,lrn",heuristic;observational,low,judgement;atus2014_2016;kahneman2004
unload-the-dishwasher,Unload the dishwasher,canonical,household,"home,order,chores",5,10,15,0,0,2,2,0,1,0,0,0,0,0,3,0,2,0,4,1,1,0,1,1,0,0,0,3,1,10.5±2.5;19.5±1.5,,,,,,,,,,,,,,,020203,action,Kitchen and food clean-up,0.2264,34.1,Housework,3.73,0.77,,"atus,dur,hom",heuristic;observational,low,judgement;atus2014_2016;kahneman2004
put-away-the-groceries,Put away the groceries,canonical,household,"home,order,chores",5,10,20,0,0,2,2,0,1,0,0,0,0,0,3,0,2,0,4,3,1,0,1,1,0,0,0,3,1,10.5±2.5;19.5±1.5,,,,,,,,,,,,,,,020104,action,"Storing interior household items, including food",0.0629,20.0,Housework,3.73,0.77,,"atus,decay,dur,hom",heuristic;observational,low,judgement;atus2014_2016;kahneman2004
sort-the-recycling,Sort the recycling,canonical,household,"home,order,chores",5,10,20,0,0,2,2,0,1,0,0,0,0,0,3,0,2,0,4,1,1,0,1,1,0,0,0,3,1,10.5±2.5;19.5±1.5,,,,,,,,,,,,,,,020101,action,Interior cleaning,0.2321,87.5,Housework,3.73,0.77,,"atus,dur,hom,lt",heuristic;observational,low,judgement;atus2014_2016;kahneman2004
donate-old-clothes,Donate old clothes,canonical,household,"home,order,chores",20,45,90,0,0,2,2,0,1,0,0,1,0,0,4,0,2,0,4,1,1,0,1,1,0,0,0,3,1,10.5±2.5;19.5±1.5,,,,,,,,,,,,,,,020101,action,Interior cleaning,0.2321,87.5,Housework,3.73,0.77,,"atus,dur,hom,lt,soc",heuristic;observational,low,judgement;atus2014_2016;kahneman2004
clear-the-clutter-on-a-table,Clear the clutter on a table,canonical,household,"home,order,chores",5,15,30,0,0,2,2,0,1,0,0,0,0,0,3,0,2,0,4,1,1,0,1,1,0,0,0,3,1,10.5±2.5;19.5±1.5,,,,,,,,,,,,,,,020101,action,Interior cleaning,0.2321,87.5,Housework,3.73,0.77,,"atus,dur,hom",heuristic;observational,low,judgement;atus2014_2016;kahneman2004
organise-your-wardrobe,Organise your wardrobe,canonical,household,"home,order,chores",30,60,120,0,0,2,2,0,1,0,0,0,0,0,4,0,2,0,4,1,1,0,1,1,0,0,0,3,1,10.5±2.5;19.5±1.5,,,,,,,,,,,,,,,020104,action,"Storing interior household items, including food",0.0629,20.0,Housework,3.73,0.77,,"atus,dur,hom",heuristic;observational,low,judgement;atus2014_2016;kahneman2004
organise-the-kitchen,Organise the kitchen,canonical,household,"home,order,chores",30,60,120,0,0,2,2,0,1,0,0,0,0,0,4,0,2,0,4,1,1,0,1,1,0,0,0,3,1,10.5±2.5;19.5±1.5,,,,,,,,,,,,,,,020104,action,"Storing interior household items, including food",0.0629,20.0,Housework,3.73,0.77,,"atus,dur,hom",heuristic;observational,low,judgement;atus2014_2016;kahneman2004
label-your-storage,Label your storage,canonical,household,"home,order,chores",15,30,60,0,0,2,2,0,1,0,0,0,0,0,3,0,2,0,4,1,1,0,1,1,0,0,0,3,1,10.5±2.5;19.5±1.5,,,,,,,,,,,,,,,020104,action,"Storing interior household items, including food",0.0629,20.0,Housework,3.73,0.77,,"atus,dur,hom",heuristic;observational,low,judgement;atus2014_2016;kahneman2004
rearrange-the-furniture,Rearrange the furniture,canonical,household,"home,order,chores",30,60,120,0,0,2,3,0,1,0,0,0,2,0,3,0,2,0,4,1,1,0,1,1,0,0,3,3,1,10.5±2.5;19.5±1.5,,,,,,,,,,,,,,,020301,action,"Interior arrangement, decoration and repairs",0.0177,152.0,Housework,3.73,0.77,,"atus,dur,hom,joy,nov,phys",heuristic;observational,low,judgement;atus2014_2016;kahneman2004
hang-a-picture,Hang a picture,canonical,household,"home,order,chores",10,20,40,0,0,2,2,0,1,0,0,0,2,0,2,0,2,0,4,1,1,0,1,1,0,0,0,3,1,10.5±2.5;19.5±1.5,,,,,,,,,,,,,,,020301,action,"Interior arrangement, decoration and repairs",0.0177,152.0,Housework,3.73,0.77,,"atus,dur,hom,joy",heuristic;observational,low,judgement;atus2014_2016;kahneman2004
decorate-your-room,Decorate your room,canonical,household,"home,order,chores",60,120,240,0,2,2,2,0,1,0,0,0,3,0,3,0,2,0,4,1,1,0,1,1,0,0,2,3,1,10.5±2.5;19.5±1.5,,,,,,,,,,,,,,,020301,action,"Interior arrangement, decoration and repairs",0.0177,152.0,Housework,3.73,0.77,,"atus,dur,hom,joy,money,nov",heuristic;observational,low,judgement;atus2014_2016;kahneman2004
fix-a-leaking-tap,Fix a leaking tap,canonical,household,"home,order,chores",15,30,90,0,0,3,2,0,1,0,2,0,0,0,4,2,2,0,4,1,1,0,1,1,0,0,0,3,1,10.5±2.5;19.5±1.5,,,,,,,,,,,,,,,0203,action,"Interior maintenance, repair and decoration",0.0286,129.7,Housework,3.73,0.77,,"act,atus,dur,fin,hom,lrn",heuristic;observational,low,judgement;atus2014_2016;kahneman2004
unclog-a-drain,Unclog a drain,canonical,household,"home,order,chores",10,20,60,0,0,3,2,0,1,0,0,0,0,0,4,0,2,0,4,3,1,0,1,1,0,0,0,3,1,10.5±2.5;19.5±1.5,,,,,,,,,,,,,,,0203,action,"Interior maintenance, repair and decoration",0.0286,129.7,Housework,3.73,0.77,,"act,atus,decay,dur,hom,joy",heuristic;observational,low,judgement;atus2014_2016;kahneman2004
change-a-light-bulb,Change a light bulb,canonical,household,"home,order,chores",5,10,15,0,0,2,2,0,1,0,0,0,0,0,3,0,2,0,4,1,1,0,1,1,0,0,0,3,1,10.5±2.5;19.5±1.5,,,,,,,,,,,,,,,0203,action,"Interior maintenance, repair and decoration",0.0286,129.7,Housework,3.73,0.77,,"atus,dur,hom",heuristic;observational,low,judgement;atus2014_2016;kahneman2004
replace-a-battery,Replace a battery,canonical,household,"home,order,chores",2,5,10,0,0,2,2,0,1,0,0,0,0,0,3,0,2,0,4,1,1,0,1,1,0,0,0,3,1,10.5±2.5;19.5±1.5,,,,,,,,,,,,,,,0203,action,"Interior maintenance, repair and decoration",0.0286,129.7,Housework,3.73,0.77,,"atus,dur,hom",heuristic;observational,low,judgement;atus2014_2016;kahneman2004
assemble-furniture,Assemble furniture,canonical,household,"home,order,chores",60,120,240,0,0,3,2,0,1,0,1,0,0,0,3,0,2,0,4,1,1,0,1,1,0,0,0,3,1,10.5±2.5;19.5±1.5,,,,,,,,,,,,,,,020302,action,Building and repairing furniture,0.0027,140.3,Housework,3.73,0.77,,"act,atus,dur,hom,lrn,phys",heuristic;observational,low,judgement;atus2014_2016;kahneman2004
paint-a-wall,Paint a wall,canonical,household,"home,order,chores",120,240,480,0,0,4,3,0,1,0,0,0,2,0,3,0,2,0,4,1,1,0,1,1,0,0,0,3,1,10.5±2.5;19.5±1.5,,,,,,,,,,,,,,,020301,action,"Interior arrangement, decoration and repairs",0.0177,152.0,Housework,3.73,0.77,,"act,atus,dur,hom,joy,phys",heuristic;observational,low,judgement;atus2014_2016;kahneman2004
fix-a-squeaky-door,Fix a squeaky door,canonical,household,"home,order,chores",5,10,20,0,0,2,2,0,1,0,0,0,0,0,3,0,2,0,4,1,1,0,1,1,0,0,0,3,1,10.5±2.5;19.5±1.5,,,,,,,,,,,,,,,0203,action,"Interior maintenance, repair and decoration",0.0286,129.7,Housework,3.73,0.77,,"atus,dur,hom",heuristic;observational,low,judgement;atus2014_2016;kahneman2004
re-caulk-the-bathroom,Re-caulk the bathroom,canonical,household,"home,order,chores",45,90,180,0,0,3,2,0,1,0,2,0,0,0,3,0,2,0,4,1,1,0,1,1,0,0,0,3,1,10.5±2.5;19.5±1.5,,,,,,,,,,,,,,,0203,action,"Interior maintenance, repair and decoration",0.0286,129.7,Housework,3.73,0.77,,"act,atus,dur,hom,lrn",heuristic;observational,low,judgement;atus2014_2016;kahneman2004
service-the-air-con,Service the air-con,canonical,household,"home,order,chores",10,15,30,0,2,2,2,0,1,0,0,0,0,0,4,0,2,0,4,1,1,0,1,1,0,0,0,3,1,10.5±2.5;19.5±1.5,,,,,,,,,,,,,,1,0902,action,"Home maintenance, repair, decoration and construction (not done by self)",0.0049,81.6,Housework,3.73,0.77,,"act,atus,dur,hea,hom,money,sg",heuristic;observational,low,judgement;singapore;atus2014_2016;kahneman2004
call-a-plumber,Call a plumber,canonical,household,"home,order,chores",10,15,30,0,3,2,2,0,1,0,0,0,0,0,4,0,2,0,4,3,1,0,1,1,0,0,0,3,1,10.5±2.5;19.5±1.5,,,,,,,,,,,,,,,0902,action,"Home maintenance, repair, decoration and construction (not done by self)",0.0049,81.6,Housework,3.73,0.77,,"act,atus,decay,dur,hom,money",heuristic;observational,low,judgement;atus2014_2016;kahneman2004
call-a-handyman,Call a handyman,canonical,household,"home,order,chores",10,15,30,0,3,2,2,0,1,0,0,0,0,0,4,0,2,0,4,1,1,0,1,1,0,0,0,3,1,10.5±2.5;19.5±1.5,,,,,,,,,,,,,,,0902,action,"Home maintenance, repair, decoration and construction (not done by self)",0.0049,81.6,Housework,3.73,0.77,,"act,atus,dur,hom,money",heuristic;observational,low,judgement;atus2014_2016;kahneman2004
hire-a-cleaner,Hire a cleaner,canonical,household,"home,order,chores",10,20,30,0,3,2,2,0,1,0,0,0,0,2,4,0,2,0,4,1,1,0,1,1,0,0,0,3,1,10.5±2.5;19.5±1.5,,,,,,,,,,,,,,,0901,action,Household services (not done by self),0.0035,14.2,Housework,3.73,0.77,,"act,atus,dur,hom,money,rec",heuristic;observational,low,judgement;atus2014_2016;kahneman2004
water-the-garden,Water the garden,canonical,household,"home,order,chores",10,20,30,0,0,2,2,0,1,0,0,0,2,2,2,0,2,0,4,1,1,0,1,1,0,0,0,3,1,10.5±2.5;19.5±1.5,,,1,,,,,,,,,,,,020501,action,"Lawn, garden and houseplant care",0.0957,117.9,Housework,3.73,0.77,,"atus,dur,hom,joy,out,rec",heuristic;observational,low,judgement;singapore;atus2014_2016;kahneman2004
weed-the-garden,Weed the garden,canonical,household,"home,order,chores",20,45,90,0,0,2,2,0,1,0,0,0,0,2,3,0,2,0,4,1,1,0,1,1,0,0,0,3,1,10.5±2.5;19.5±1.5,,,1,,,,,,,,,,,,020501,action,"Lawn, garden and houseplant care",0.0957,117.9,Housework,3.73,0.77,,"atus,dur,hom,out,phys,rec",heuristic;observational,low,judgement;singapore;atus2014_2016;kahneman2004
repot-a-plant,Repot a plant,canonical,household,"home,order,chores",10,20,40,0,0,2,2,0,1,0,0,0,3,0,2,0,2,0,4,1,1,0,1,1,0,0,0,3,1,10.5±2.5;19.5±1.5,,,,,,,,,,,,,,,020501,action,"Lawn, garden and houseplant care",0.0957,117.9,Housework,3.73,0.77,,"atus,dur,hom,joy",heuristic;observational,low,judgement;atus2014_2016;kahneman2004
start-a-herb-garden,Start a herb garden,canonical,household,"home,order,chores",30,60,90,0,1,2,2,0,1,0,2,0,3,0,2,0,2,0,4,1,1,0,1,1,0,0,0,3,1,10.5±2.5;19.5±1.5,,,,,,,,,,,,,,,020501,action,"Lawn, garden and houseplant care",0.0957,117.9,Housework,3.73,0.77,,"atus,dur,hom,joy,lrn,lt,money",heuristic;observational,low,judgement;atus2014_2016;kahneman2004
plant-something,Plant something,canonical,household,"home,order,chores",15,30,60,0,0,2,2,0,1,0,0,0,3,0,2,0,3,0,4,1,1,0,1,1,0,0,0,3,1,10.5±2.5;19.5±1.5,,,,,,,,,,,,,,,020501,action,"Lawn, garden and houseplant care",0.0957,117.9,Housework,3.73,0.77,,"atus,dur,hom,joy,lt",heuristic;observational,low,judgement;atus2014_2016;kahneman2004
walk-the-dog,Walk the dog,canonical,household,"home,order,chores",15,30,60,0,0,2,2,0,3,0,0,0,3,3,4,0,2,0,4,1,1,0,1,1,0,0,0,3,1,10.5±2.5;19.5±1.5,,,1,,,,,,,,,,,,0206,action,Animals and pets,0.1677,40.4,Housework,3.73,0.77,,"atus,dur,hea,joy,out,phys,rec",heuristic;observational,low,judgement;singapore;atus2014_2016;kahneman2004
clean-the-litter-box,Clean the litter box,canonical,household,"home,order,chores",5,5,10,0,0,2,2,0,1,0,0,0,0,0,3,0,2,0,4,3,1,0,1,1,0,0,0,3,1,10.5±2.5;19.5±1.5,,,,,,,,,,,,,,,0206,action,Animals and pets,0.1677,40.4,Housework,3.73,0.77,,"atus,decay,dur,hom",heuristic;observational,low,judgement;atus2014_2016;kahneman2004
groom-your-pet,Groom your pet,canonical,household,"home,order,chores",10,20,45,0,0,2,2,0,1,0,0,2,2,0,2,0,2,0,4,1,1,0,1,1,0,0,0,3,1,10.5±2.5;19.5±1.5,,,,,,,,,,,,,,,0206,action,Animals and pets,0.1677,40.4,Housework,3.73,0.77,,"atus,dur,hom,joy,soc",heuristic;observational,low,judgement;atus2014_2016;kahneman2004
take-your-pet-to-the-vet,Take your pet to the vet,canonical,household,"home,order,chores",45,60,120,20,3,3,2,0,0,0,0,0,0,0,3,0,2,0,4,3,1,0,3,1,0,0,0,3,1,10.5±2.5;19.5±1.5,,,,,,,,,,,,,,,0201,category,Housework,0.3565,95.4,Housework,3.73,0.77,,"act,decay,dur,hea,hom,money,reg,setup",heuristic;observational,low,judgement;atus2014_2016;kahneman2004
train-your-dog,Train your dog,canonical,household,"home,order,chores",10,20,30,0,0,2,2,0,1,0,2,0,3,0,4,0,3,0,4,1,1,0,1,1,0,0,0,3,1,10.5±2.5;19.5±1.5,,,,,,,,,,,,,,,0206,action,Animals and pets,0.1677,40.4,Housework,3.73,0.77,,"atus,dur,joy,lrn,lt",heuristic;observational,low,judgement;atus2014_2016;kahneman2004
clean-the-fish-tank,Clean the fish tank,canonical,household,"home,order,chores",20,45,60,0,0,2,2,0,1,0,0,0,0,0,3,0,2,0,4,1,1,0,1,1,0,0,0,3,1,10.5±2.5;19.5±1.5,,,,,,,,,,,,,,,0206,action,Animals and pets,0.1677,40.4,Housework,3.73,0.77,,"atus,dur,hom",heuristic;observational,low,judgement;atus2014_2016;kahneman2004
check-the-smoke-alarm,Check the smoke alarm,canonical,household,"home,order,chores",2,5,10,0,0,2,2,0,1,0,0,0,0,0,3,0,3,0,4,1,1,0,1,1,0,0,0,3,1,10.5±2.5;19.5±1.5,,,,,,,,,,,,,,,020905,action,Home security,0.0132,11.9,Housework,3.73,0.77,,"atus,dur,hom,lt",heuristic;observational,low,judgement;atus2014_2016;kahneman2004
lock-up-properly,Lock up properly,canonical,household,"home,order,chores",1,2,5,0,0,2,2,0,1,0,0,0,0,0,3,0,2,0,4,1,1,0,1,1,0,0,0,3,1,10.5±2.5;19.5±1.5,,,,,,,,,,,,,,,020905,action,Home security,0.0132,11.9,Housework,3.73,0.77,,"atus,dur,hom",heuristic;observational,low,judgement;atus2014_2016;kahneman2004
pack-away-seasonal-things,Pack away seasonal things,canonical,household,"home,order,chores",30,60,120,0,0,2,2,0,1,0,0,0,0,0,3,0,2,0,4,1,1,0,1,1,0,0,0,3,1,10.5±2.5;19.5±1.5,,,,,,,,,,,,,,,020104,action,"Storing interior household items, including food",0.0629,20.0,Housework,3.73,0.77,,"atus,dur,hom",heuristic;observational,low,judgement;atus2014_2016;kahneman2004
do-a-ten-minute-reset,Do a ten-minute reset,canonical,household,"home,order,chores",10,10,15,0,0,2,2,0,1,0,0,0,0,1,3,0,2,0,4,1,1,0,1,1,0,0,0,3,1,21±1,,,,,,,,,,,,,,,020101,action,Interior cleaning,0.2321,87.5,Housework,3.73,0.77,,"atus,dur,hom,rec,typ",heuristic;observational,low,judgement;atus2014_2016;kahneman2004
go-to-the-pharmacy,Go to the pharmacy,canonical,errands,"errands,chores,admin",10,15,30,10,1,2,1,1,2,0,0,0,0,0,2,1,2,1,3,2,1,0,2,1,0,0,0,2,1,11±2.5;17.5±1.5,,,,,9-22,,,,,,,,,,0701,action,"Shopping (store, telephone, internet)",0.3981,54.1,Shopping,3.95,0.74,,"atus,dur,hea,hom,money,open,setup",heuristic;observational,low,judgement;singapore;atus2014_2016;kahneman2004
go-to-the-hardware-store,Go to the hardware store,canonical,errands,"errands,chores,admin",20,30,60,20,2,2,1,1,0,0,0,0,0,0,3,1,2,1,3,2,1,0,2,1,0,0,0,2,1,11±2.5;17.5±1.5,,,,,9-21,,,,,,,,,,070104,action,"Shopping, except groceries, food and gas",0.2025,66.0,Shopping,3.95,0.74,,"atus,dur,hom,money,open,setup",heuristic;observational,low,judgement;singapore;atus2014_2016;kahneman2004
top-up-your-transport-card,Top up your transport card,canonical,errands,"errands,chores,admin",2,5,10,0,1,2,1,1,0,0,0,0,0,0,2,1,2,1,3,2,1,0,2,1,0,0,0,2,1,11±2.5;17.5±1.5,,,,,,,,,,,,,,1,0701,category,"Shopping (store, telephone, internet)",0.3981,54.1,Shopping,3.95,0.74,,"dur,hom,money,setup,sg",heuristic;observational,low,judgement;singapore;atus2014_2016;kahneman2004
pay-at-the-axs-machine,Pay at the AXS machine,canonical,errands,"errands,chores,admin",5,10,15,5,1,2,1,1,0,0,0,0,0,0,2,1,2,1,3,2,1,0,2,1,0,0,0,2,1,11±2.5;17.5±1.5,,,,,,,,,,,,,,1,0701,category,"Shopping (store, telephone, internet)",0.3981,54.1,Shopping,3.95,0.74,,"dur,fin,hom,setup,sg",heuristic;observational,low,judgement;singapore;atus2014_2016;kahneman2004
collect-a-parcel-from-a-locker,Collect a parcel from a locker,canonical,errands,"errands,chores,admin",5,10,15,10,1,2,1,1,0,0,0,0,0,0,2,1,2,1,3,3,1,0,2,1,0,0,0,2,1,11±2.5;17.5±1.5,,,,,0-24,,,,,,,,,,0701,category,"Shopping (store, telephone, internet)",0.3981,54.1,Shopping,3.95,0.74,,"decay,dur,hom,open,setup",heuristic;observational,low,judgement;singapore;atus2014_2016;kahneman2004
buy-stamps,Buy stamps,canonical,errands,"errands,chores,admin",5,10,15,10,1,2,1,1,0,0,0,0,0,0,1,1,2,1,3,2,1,0,2,1,0,0,0,2,1,11±2.5;17.5±1.5,,,,,9-18,,,,,,,,,,0701,category,"Shopping (store, telephone, internet)",0.3981,54.1,Shopping,3.95,0.74,,"dur,hom,open,setup",heuristic;observational,low,judgement;singapore;atus2014_2016;kahneman2004
get-keys-cut,Get keys cut,canonical,errands,"errands,chores,admin",10,15,30,15,1,2,1,1,0,0,0,0,0,0,3,1,2,1,3,2,1,0,2,1,0,0,0,2,1,11±2.5;17.5±1.5,,,,,10-21,,,,,,,,,,0701,category,"Shopping (store, telephone, internet)",0.3981,54.1,Shopping,3.95,0.74,,"dur,hom,open,setup",heuristic;observational,low,judgement;singapore;atus2014_2016;kahneman2004
get-a-watch-battery-replaced,Get a watch battery replaced,canonical,errands,"errands,chores,admin",10,15,30,15,1,2,1,1,0,0,0,0,0,0,2,1,2,1,3,2,1,0,2,1,0,0,0,2,1,11±2.5;17.5±1.5,,,,,11-21,,,,,,,,,,0701,category,"Shopping (store, telephone, internet)",0.3981,54.1,Shopping,3.95,0.74,,"dur,hom,open,setup",heuristic;observational,low,judgement;singapore;atus2014_2016;kahneman2004
get-shoes-repaired,Get shoes repaired,canonical,errands,"errands,chores,admin",10,15,30,15,1,2,1,1,0,0,0,0,0,0,2,2,2,1,3,2,1,0,2,1,0,0,0,2,1,11±2.5;17.5±1.5,,,,,11-21,,,,,,,,,,0701,category,"Shopping (store, telephone, internet)",0.3981,54.1,Shopping,3.95,0.74,,"dur,fin,hom,open,setup",heuristic;observational,low,judgement;singapore;atus2014_2016;kahneman2004
get-clothes-altered,Get clothes altered,canonical,errands,"errands,chores,admin",15,20,30,15,2,2,1,1,0,0,0,0,0,0,2,1,2,1,3,2,1,0,2,1,0,0,0,2,1,11±2.5;17.5±1.5,,,,,11-21,,,,,,,,,,0701,category,"Shopping (store, telephone, internet)",0.3981,54.1,Shopping,3.95,0.74,,"dur,hom,money,open,setup",heuristic;observational,low,judgement;singapore;atus2014_2016;kahneman2004
get-passport-photos,Get passport photos,canonical,errands,"errands,chores,admin",10,15,30,15,1,2,1,1,0,0,0,0,0,0,2,1,2,1,3,2,1,0,2,1,0,0,0,2,1,11±2.5;17.5±1.5,,,,,,,,,,,,,,,0701,category,"Shopping (store, telephone, internet)",0.3981,54.1,Shopping,3.95,0.74,,"dur,hom,money,setup",heuristic;observational,low,judgement;atus2014_2016;kahneman2004
renew-your-ic-or-id,Renew your IC or ID,canonical,errands,"errands,chores,admin",20,45,90,20,1,3,1,1,0,0,0,0,0,0,3,1,2,1,3,2,1,0,3,1,0,0,0,2,1,11±2.5;17.5±1.5,,,,,,,,,,,,,,1,0701,category,"Shopping (store, telephone, internet)",0.3981,54.1,Shopping,3.95,0.74,,"act,dur,hom,reg,setup,sg",heuristic;observational,low,judgement;singapore;atus2014_2016;kahneman2004
drop-off-recycling,Drop off recycling,canonical,errands,"errands,chores,admin",5,10,20,5,1,2,1,1,0,0,0,0,0,0,2,1,2,1,3,2,1,0,2,1,0,0,0,2,1,11±2.5;17.5±1.5,,,,,,,,,,,,,,1,0701,category,"Shopping (store, telephone, internet)",0.3981,54.1,Shopping,3.95,0.74,,"dur,hom,lt,setup,sg",heuristic;observational,low,judgement;singapore;atus2014_2016;kahneman2004
return-library-books,Return library books,canonical,errands,"errands,chores,admin",5,10,20,10,1,2,1,1,0,0,0,0,0,0,2,1,2,1,3,3,1,0,2,1,0,0,0,2,1,11±2.5;17.5±1.5,,,,,0-24,,,,,,,,,,0701,category,"Shopping (store, telephone, internet)",0.3981,54.1,Shopping,3.95,0.74,,"decay,dur,hom,open,setup",heuristic;observational,low,judgement;singapore;atus2014_2016;kahneman2004
wash-the-car,Wash the car,canonical,errands,"errands,chores,admin",20,45,60,10,1,2,1,1,0,0,0,0,0,0,2,1,2,1,3,2,1,0,2,1,0,0,0,2,1,11±2.5;17.5±1.5,,,,,,,,,,,,,,,0207,action,Vehicles (maintenance and repair by self),0.0232,104.1,Shopping,3.95,0.74,,"atus,dur,hom,money,setup",heuristic;observational,low,judgement;atus2014_2016;kahneman2004
get-your-car-inspected,Get your car inspected,canonical,errands,"errands,chores,admin",45,60,120,20,2,2,1,1,0,0,0,0,0,0,3,1,2,1,3,2,1,0,3,1,0,0,0,2,1,11±2.5;17.5±1.5,,,,,,,,,,,,,,,0905,action,Vehicle maintenance and repair services (not done by self),0.0109,44.1,Shopping,3.95,0.74,,"atus,decay,dur,hom,money,reg,setup",heuristic;observational,low,judgement;atus2014_2016;kahneman2004
buy-flowers,Buy flowers,canonical,errands,"errands,chores,admin",10,15,30,10,2,2,1,1,0,0,0,3,3,0,3,1,2,1,3,2,1,0,2,1,0,0,0,2,1,11±2.5;17.5±1.5,,,,,9-21,,,,,,,,,,0701,category,"Shopping (store, telephone, internet)",0.3981,54.1,Shopping,3.95,0.74,,"dur,joy,money,open,setup,soc",heuristic;observational,low,judgement;singapore;atus2014_2016;kahneman2004
pick-up-takeaway,Pick up takeaway,canonical,errands,"errands,chores,admin",10,15,30,10,2,2,1,1,0,0,0,0,0,0,1,1,2,1,3,2,1,0,2,1,0,0,0,2,1,11±2.5;17.5±1.5,,,,,,,,,,,,,,1,070103,action,Purchasing food (not groceries),0.1324,10.9,Shopping,3.95,0.74,,"atus,dur,hom,money,setup,sg",heuristic;observational,low,judgement;singapore;atus2014_2016;kahneman2004
queue-at-a-government-office,Queue at a government office,canonical,errands,"errands,chores,admin",30,60,120,30,1,3,1,1,0,0,0,0,0,0,3,1,2,1,3,2,1,0,2,1,0,0,0,2,1,11±2.5;17.5±1.5,,,,,8-17.5,,,,,,,,,1,0701,category,"Shopping (store, telephone, internet)",0.3981,54.1,Shopping,3.95,0.74,,"act,dur,hom,joy,open,setup,sg",heuristic;observational,low,judgement;singapore;atus2014_2016;kahneman2004
drop-your-child-at-school,Drop your child at school,canonical,errands,"errands,chores,admin",15,20,40,5,1,2,1,1,0,0,0,2,0,0,3,1,2,1,3,4,1,0,2,1,0,0,0,2,1,7.3±0.5;15±1.5,,,,,,,,,,,,,,,030112,action,Picking up or dropping off household children,0.0852,12.9,Shopping,3.95,0.74,,"atus,decay,dur,hom,setup,soc,typ",heuristic;observational,low,judgement;atus2014_2016;kahneman2004
buy-an-expensive-item-on-impulse,Buy an expensive item on impulse,canonical,purchases,"shopping,purchase,possessions",5,10,20,0,4,1,0,2,0,0,0,0,3,0,1,0,1,3,1,1,1,2,1,1,3,0,2,2,1,20.5±2.5;12.5±1.5,,,,,,,,,,,,,,,0701,category,"Shopping (store, telephone, internet)",0.3981,54.1,Shopping,3.95,0.74,,"dn,dur,joy,money,reg,rev,unc",heuristic;observational,low,judgement;atus2014_2016;kahneman2004
buy-something-with-a-free-return-window,Buy something with a free-return window,canonical,purchases,"shopping,purchase,possessions",10,20,40,0,2,1,0,2,0,0,0,0,3,0,1,0,1,2,4,1,1,3,1,1,0,0,2,2,1,20.5±2.5;12.5±1.5,,,,,,,,,,,,,,,0701,category,"Shopping (store, telephone, internet)",0.3981,54.1,Shopping,3.95,0.74,gilbert2002:direct,"dn,dur,info,joy,money,rev",heuristic;observational;experiments,"medium (social reception, direct experiment); low elsewhere",judgement;atus2014_2016;kahneman2004;gilbert2002
buy-a-thoughtful-gift,Buy a thoughtful gift,canonical,purchases,"shopping,purchase,possessions",30,60,120,0,2,1,0,2,0,0,0,4,3,0,1,0,1,2,2,1,1,2,1,1,1,1,2,2,1,20.5±2.5;12.5±1.5,,,,,,,,,,,,,,,0701,category,"Shopping (store, telephone, internet)",0.3981,54.1,Shopping,3.95,0.74,,"dur,joy,money,soc,tail",heuristic;observational,low,judgement;atus2014_2016;kahneman2004
buy-concert-tickets-before-they-sell-out,Buy concert tickets before they sell out,canonical,purchases,"shopping,purchase,possessions",5,15,30,0,3,1,0,2,0,0,0,0,4,0,1,0,1,2,1,4,1,2,1,1,1,0,2,2,1,20.5±2.5;12.5±1.5,,,,,,,,,,,,,,,0701,category,"Shopping (store, telephone, internet)",0.3981,54.1,Shopping,3.95,0.74,,"decay,dur,joy,money,rev",heuristic;observational,low,judgement;atus2014_2016;kahneman2004
book-a-fare-sale-that-ends-today,Book a fare sale that ends today,canonical,purchases,"shopping,purchase,possessions",15,30,60,0,3,1,0,2,0,0,0,0,3,0,1,0,1,2,1,4,1,2,1,1,2,0,2,2,1,20.5±2.5;12.5±1.5,,,,,,,,,,,,,,,0701,category,"Shopping (store, telephone, internet)",0.3981,54.1,Shopping,3.95,0.74,,"decay,dn,dur,joy,money,rev",heuristic;observational,low,judgement;atus2014_2016;kahneman2004
buy-groceries-online,Buy groceries online,canonical,purchases,"shopping,purchase,possessions",15,20,40,0,2,1,0,2,0,0,0,0,2,0,4,1,1,2,2,1,1,2,1,1,1,0,2,2,1,20.5±2.5;12.5±1.5,,,,,,,,,,,,,,,070101,action,Grocery shopping,0.1381,45.7,Shopping,3.95,0.74,,"atus,dur,fin,hom,money",heuristic;observational,low,judgement;atus2014_2016;kahneman2004
shop-from-a-list,Shop from a list,canonical,purchases,"shopping,purchase,possessions",20,30,45,0,2,1,0,2,0,0,0,0,2,0,3,3,1,2,2,1,1,2,1,1,1,0,2,2,1,20.5±2.5;12.5±1.5,,,,,,,,,,,,,,,070101,action,Grocery shopping,0.1381,45.7,Shopping,3.95,0.74,,"atus,dur,fin,hom,money",heuristic;observational,low,judgement;atus2014_2016;kahneman2004
buy-in-bulk,Buy in bulk,canonical,purchases,"shopping,purchase,possessions",30,60,90,0,3,1,0,2,0,0,0,0,2,0,3,3,1,2,2,1,1,2,1,1,1,0,2,2,1,20.5±2.5;12.5±1.5,,,,,,,,,,,,,,,0701,category,"Shopping (store, telephone, internet)",0.3981,54.1,Shopping,3.95,0.74,,"dur,fin,hom,money",heuristic;observational,low,judgement;atus2014_2016;kahneman2004
use-a-coupon,Use a coupon,canonical,purchases,"shopping,purchase,possessions",2,5,10,0,2,1,0,2,0,0,0,0,1,0,1,2,1,2,2,1,1,2,1,1,1,0,2,2,1,20.5±2.5;12.5±1.5,,,,,,,,,,,,,,,0701,category,"Shopping (store, telephone, internet)",0.3981,54.1,Shopping,3.95,0.74,,"dur,fin,joy",heuristic;observational,low,judgement;atus2014_2016;kahneman2004
buy-a-secondhand-book,Buy a secondhand book,canonical,purchases,"shopping,purchase,possessions",10,20,40,0,1,1,0,2,0,0,2,0,3,0,1,0,1,2,2,1,1,2,1,1,1,0,2,2,1,20.5±2.5;12.5±1.5,,,,,,,,,,,,,,,0701,category,"Shopping (store, telephone, internet)",0.3981,54.1,Shopping,3.95,0.74,,"dur,joy,lrn,money",heuristic;observational,low,judgement;atus2014_2016;kahneman2004
buy-a-new-pair-of-glasses,Buy a new pair of glasses,canonical,purchases,"shopping,purchase,possessions",30,60,90,0,3,1,0,2,2,0,0,0,2,0,1,0,3,2,2,1,1,2,1,1,1,0,2,2,1,20.5±2.5;12.5±1.5,,,,,,,,,,,,,,,0701,category,"Shopping (store, telephone, internet)",0.3981,54.1,Shopping,3.95,0.74,,"dur,hea,lt,money",heuristic;observational,low,judgement;atus2014_2016;kahneman2004
buy-a-new-mattress-topper,Buy a new mattress topper,canonical,purchases,"shopping,purchase,possessions",20,40,60,0,3,1,0,2,2,0,0,0,2,2,1,0,1,2,2,1,1,2,1,1,1,0,2,2,1,20.5±2.5;12.5±1.5,,,,,,,,,,,,,,,0701,category,"Shopping (store, telephone, internet)",0.3981,54.1,Shopping,3.95,0.74,,"dur,hea,money,rec",heuristic;observational,low,judgement;atus2014_2016;kahneman2004
buy-an-ergonomic-chair,Buy an ergonomic chair,canonical,purchases,"shopping,purchase,possessions",30,60,120,0,4,1,0,2,3,2,0,0,2,0,1,0,3,2,2,1,1,2,1,1,1,0,2,2,1,20.5±2.5;12.5±1.5,,,,,,,,,,,,,,,0701,category,"Shopping (store, telephone, internet)",0.3981,54.1,Shopping,3.95,0.74,,"car,dur,hea,lt,money",heuristic;observational,low,judgement;atus2014_2016;kahneman2004
buy-a-standing-desk,Buy a standing desk,canonical,purchases,"shopping,purchase,possessions",30,60,120,0,4,1,0,2,2,0,0,0,2,0,1,0,3,2,2,1,1,2,1,1,1,0,2,2,1,20.5±2.5;12.5±1.5,,,,,,,,,,,,,,,0701,category,"Shopping (store, telephone, internet)",0.3981,54.1,Shopping,3.95,0.74,,"dur,hea,lt,money",heuristic;observational,low,judgement;atus2014_2016;kahneman2004
buy-noise-cancelling-headphones,Buy noise-cancelling headphones,canonical,purchases,"shopping,purchase,possessions",15,30,60,0,4,1,0,2,0,2,0,0,3,2,1,0,1,2,2,1,1,2,1,1,1,0,2,2,1,20.5±2.5;12.5±1.5,,,,,,,,,,,,,,,0701,category,"Shopping (store, telephone, internet)",0.3981,54.1,Shopping,3.95,0.74,,"car,dur,joy,money,rec",heuristic;observational,low,judgement;atus2014_2016;kahneman2004
buy-a-houseplant,Buy a houseplant,canonical,purchases,"shopping,purchase,possessions",15,30,60,0,1,1,0,2,0,0,0,0,3,0,2,0,1,2,2,1,1,2,1,1,1,0,2,2,1,20.5±2.5;12.5±1.5,,,,,,,,,,,,,,,0701,category,"Shopping (store, telephone, internet)",0.3981,54.1,Shopping,3.95,0.74,,"dur,hom,joy,money",heuristic;observational,low,judgement;atus2014_2016;kahneman2004
buy-a-present-for-a-child,Buy a present for a child,canonical,purchases,"shopping,purchase,possessions",20,45,90,0,2,1,0,2,0,0,0,3,3,0,1,0,1,2,2,1,1,2,1,1,1,0,2,2,1,20.5±2.5;12.5±1.5,,,,,,,,,,,,,,,0701,category,"Shopping (store, telephone, internet)",0.3981,54.1,Shopping,3.95,0.74,,"dur,joy,money,soc",heuristic;observational,low,judgement;atus2014_2016;kahneman2004
buy-running-gear,Buy running gear,canonical,purchases,"shopping,purchase,possessions",20,45,90,0,2,1,0,2,1,0,0,0,2,0,1,0,1,2,2,1,1,2,1,1,1,0,2,2,1,20.5±2.5;12.5±1.5,,,,,,,,,,,,,,,0701,category,"Shopping (store, telephone, internet)",0.3981,54.1,Shopping,3.95,0.74,,"dur,hea,joy,money",heuristic;observational,low,judgement;atus2014_2016;kahneman2004
buy-a-kindle,Buy a kindle,canonical,purchases,"shopping,purchase,possessions",15,30,60,0,3,1,0,2,0,0,2,0,3,0,1,0,1,2,2,1,1,2,1,1,1,0,2,2,1,20.5±2.5;12.5±1.5,,,,,,,,,,,,,,,0701,category,"Shopping (store, telephone, internet)",0.3981,54.1,Shopping,3.95,0.74,,"dur,joy,lrn,money",heuristic;observational,low,judgement;atus2014_2016;kahneman2004
upgrade-your-computer,Upgrade your computer,canonical,purchases,"shopping,purchase,possessions",60,120,240,0,4,1,0,2,0,2,0,0,2,0,1,0,1,2,2,1,1,2,1,1,1,0,2,2,1,20.5±2.5;12.5±1.5,,,,,,,,,,,,,,,0701,category,"Shopping (store, telephone, internet)",0.3981,54.1,Shopping,3.95,0.74,,"car,dur,joy,money,unc",heuristic;observational,low,judgement;atus2014_2016;kahneman2004
buy-an-air-fryer,Buy an air fryer,canonical,purchases,"shopping,purchase,possessions",15,30,60,0,3,1,0,2,1,0,0,0,2,0,2,0,1,2,2,1,1,2,1,1,1,0,2,2,1,20.5±2.5;12.5±1.5,,,,,,,,,,,,,,,0701,category,"Shopping (store, telephone, internet)",0.3981,54.1,Shopping,3.95,0.74,,"dur,hea,hom,joy,money",heuristic;observational,low,judgement;atus2014_2016;kahneman2004
buy-a-fan-or-air-cooler,Buy a fan or air cooler,canonical,purchases,"shopping,purchase,possessions",15,30,60,0,2,1,0,2,0,0,0,0,2,2,2,0,1,2,2,1,1,2,1,1,1,0,2,2,1,20.5±2.5;12.5±1.5,,,,,,,,,,,,,,1,0701,category,"Shopping (store, telephone, internet)",0.3981,54.1,Shopping,3.95,0.74,,"dur,hom,money,rec,sg",heuristic;observational,low,judgement;singapore;atus2014_2016;kahneman2004
buy-a-travel-adapter,Buy a travel adapter,canonical,purchases,"shopping,purchase,possessions",5,10,20,0,1,1,0,2,0,0,0,0,2,0,1,0,1,2,2,1,1,2,1,1,1,0,2,2,1,20.5±2.5;12.5±1.5,,,,,,,,,,,,,,,0701,category,"Shopping (store, telephone, internet)",0.3981,54.1,Shopping,3.95,0.74,,"dur,hom,money",heuristic;observational,low,judgement;atus2014_2016;kahneman2004
buy-insurance,Buy insurance,canonical,purchases,"shopping,purchase,possessions",30,60,120,0,3,1,0,2,0,0,0,0,2,0,1,3,3,2,2,1,2,2,1,1,1,0,2,2,1,20.5±2.5;12.5±1.5,,,,,,,,,,,,,,,0701,category,"Shopping (store, telephone, internet)",0.3981,54.1,Shopping,3.95,0.74,,"dur,fin,lt,money,opt,rev",heuristic;observational,low,judgement;atus2014_2016;kahneman2004
buy-a-lottery-ticket-at-the-kiosk,Buy a lottery ticket at the kiosk,canonical,purchases,"shopping,purchase,possessions",5,10,15,0,1,1,0,2,0,0,0,0,2,0,1,0,1,4,2,1,1,2,1,1,1,4,2,2,1,20.5±2.5;12.5±1.5,,,,,,,,,,,,,,1,0701,category,"Shopping (store, telephone, internet)",0.3981,54.1,Shopping,3.95,0.74,,"dn,dur,fin,joy,money,sg,tail,unc",heuristic;observational,low,judgement;singapore;atus2014_2016;kahneman2004
donate-to-a-cause,Donate to a cause,canonical,purchases,"shopping,purchase,possessions",5,10,20,0,2,1,0,2,0,0,0,3,2,0,1,0,3,2,0,1,1,2,1,1,1,0,2,2,1,20.5±2.5;12.5±1.5,,,,,,,,,,,,,,,0701,category,"Shopping (store, telephone, internet)",0.3981,54.1,Shopping,3.95,0.74,,"dur,joy,lt,money,rev,soc",heuristic;observational,low,judgement;atus2014_2016;kahneman2004
take-a-weekend-trip-somewhere-new,Take a weekend trip somewhere new,canonical,travel,"adventure,novelty,enjoyment,travel",1440,2880,4320,120,4,3,2,1,1,0,2,2,4,3,0,0,2,2,2,2,2,4,2,2,1,2,4,1,1,10±2.5,,,,,,,,,,,,,,,18,category,Traveling (all purposes),0.8542,82.8,,,,,"dur,info,joy,money,nov,rec,setup,tail",heuristic;observational,low,judgement;atus2014_2016
go-to-johor-bahru,Go to Johor Bahru,canonical,travel,"adventure,novelty,enjoyment,travel",240,480,720,60,2,3,2,1,1,0,2,2,3,2,0,0,2,2,2,2,2,3,2,2,1,2,2,1,1,10±2.5,,,,,,,,,,,,,,1,18,category,Traveling (all purposes),0.8542,82.8,,,,,"dn,dur,joy,money,nov,setup,sg",heuristic;observational,low,judgement;singapore;atus2014_2016
take-a-ferry-to-batam-or-bintan,Take a ferry to Batam or Bintan,canonical,travel,"adventure,novelty,enjoyment,travel",720,1440,2880,60,3,3,2,1,1,0,2,2,4,2,0,0,2,2,2,2,2,3,2,2,1,2,3,1,1,10±2.5,,,,,,,,,,,,,,1,18,category,Traveling (all purposes),0.8542,82.8,,,,,"dur,joy,money,nov,setup,sg",heuristic;observational,low,judgement;singapore;atus2014_2016
visit-pulau-ubin,Visit Pulau Ubin,canonical,travel,"adventure,novelty,enjoyment,travel",240,360,480,60,1,3,2,1,1,0,2,2,4,2,0,0,2,2,2,2,2,3,2,2,1,2,4,1,1,10±2.5,,,1,1,,,,,,,,,,1,18,category,Traveling (all purposes),0.8542,82.8,,,,,"day,dur,joy,money,nov,out,phys,setup,sg",heuristic;observational,low,judgement;singapore;atus2014_2016
walk-the-southern-ridges,Walk the Southern Ridges,canonical,travel,"adventure,novelty,enjoyment,travel",90,150,240,30,2,3,2,1,3,0,2,2,4,4,0,0,2,2,2,2,2,3,2,2,1,2,3,1,1,10±2.5,,,1,1,,,,,,,,,,1,130116,action,Hiking,0.0025,143.4,,,,,"atus,day,dur,hea,joy,out,phys,rec,setup,sg",heuristic;observational,low,judgement;singapore;atus2014_2016
walk-the-macritchie-trail,Walk the MacRitchie trail,canonical,travel,"adventure,novelty,enjoyment,travel",90,150,240,30,2,3,3,1,4,0,2,2,4,4,0,0,2,2,2,2,2,3,2,2,1,2,3,1,1,10±2.5,,,1,1,,,,,,,,,,1,130116,action,Hiking,0.0025,143.4,,,,,"atus,day,dur,hea,joy,out,phys,rec,setup,sg",heuristic;observational,low,judgement;singapore;atus2014_2016
climb-bukit-timah-hill,Climb Bukit Timah Hill,canonical,travel,"adventure,novelty,enjoyment,travel",60,90,150,30,2,3,3,1,4,0,2,2,3,2,0,0,2,2,2,2,2,3,2,2,1,2,3,1,1,10±2.5,,,1,1,,,,,,,,,,1,130116,action,Hiking,0.0025,143.4,,,,,"atus,day,dur,hea,joy,out,phys,setup,sg",heuristic;observational,low,judgement;singapore;atus2014_2016
cycle-east-coast-park,Cycle East Coast Park,canonical,travel,"adventure,novelty,enjoyment,travel",60,90,180,20,1,3,3,1,4,0,2,2,4,2,0,0,2,2,2,2,2,3,2,2,1,2,3,1,1,10±2.5,,,1,,,,,,,,,,,1,130104,action,Biking,0.0067,76.4,,,,,"atus,dur,hea,joy,money,out,phys,setup,sg",heuristic;observational,low,judgement;singapore;atus2014_2016
walk-around-marina-bay,Walk around Marina Bay,canonical,travel,"adventure,novelty,enjoyment,travel",45,90,120,20,2,3,1,1,1,0,2,2,3,3,0,0,2,2,2,2,2,3,2,2,1,2,3,1,1,10±2.5,,,1,,,,,,,,,,,1,130131,action,Walking,0.0633,53.8,,,,,"atus,dur,joy,out,phys,rec,setup,sg",heuristic;observational,low,judgement;singapore;atus2014_2016
visit-gardens-by-the-bay,Visit Gardens by the Bay,canonical,travel,"adventure,novelty,enjoyment,travel",90,150,240,30,2,3,2,1,1,0,2,2,4,2,0,0,2,2,2,2,2,3,2,2,1,2,3,1,1,10±2.5,,,,,5-26,,,,,,,,,1,18,category,Traveling (all purposes),0.8542,82.8,,,,,"dur,joy,money,nov,open,setup,sg",heuristic;observational,low,judgement;singapore;atus2014_2016
visit-sentosa,Visit Sentosa,canonical,travel,"adventure,novelty,enjoyment,travel",180,300,480,45,2,3,2,1,1,0,2,2,4,2,0,0,2,2,2,2,2,3,2,2,1,2,2,1,1,10±2.5,,,1,,,,,,,,,,,1,18,category,Traveling (all purposes),0.8542,82.8,,,,,"dur,joy,money,nov,out,setup,sg",heuristic;observational,low,judgement;singapore;atus2014_2016
walk-the-rail-corridor,Walk the Rail Corridor,canonical,travel,"adventure,novelty,enjoyment,travel",60,120,180,20,2,3,2,1,3,0,2,2,4,4,0,0,2,2,2,2,2,3,2,2,1,2,3,1,1,10±2.5,,,1,1,,,,,,,,,,1,130131,action,Walking,0.0633,53.8,,,,,"atus,day,dur,hea,out,phys,rec,setup,sg",heuristic;observational,low,judgement;singapore;atus2014_2016
visit-chinatown,Visit Chinatown,canonical,travel,"adventure,novelty,enjoyment,travel",60,120,180,30,1,3,2,1,1,0,2,2,3,2,0,0,2,2,2,2,2,3,2,2,1,2,2,1,1,10±2.5,,,,,,,,,,,,,,1,18,category,Traveling (all purposes),0.8542,82.8,,,,,"dur,joy,money,nov,setup,sg",heuristic;observational,low,judgement;singapore;atus2014_2016
visit-little-india,Visit Little India,canonical,travel,"adventure,novelty,enjoyment,travel",60,120,180,30,1,3,2,1,1,0,2,2,3,2,0,0,2,2,2,2,2,3,2,2,1,2,3,1,1,10±2.5,,,,,,,,,,,,,,1,18,category,Traveling (all purposes),0.8542,82.8,,,,,"dur,joy,money,nov,setup,sg",heuristic;observational,low,judgement;singapore;atus2014_2016
visit-kampong-glam,Visit Kampong Glam,canonical,travel,"adventure,novelty,enjoyment,travel",60,120,180,30,1,3,2,1,1,0,2,2,3,2,0,0,2,2,2,2,2,3,2,2,1,2,3,1,1,10±2.5,,,,,,,,,,,,,,1,18,category,Traveling (all purposes),0.8542,82.8,,,,,"dur,joy,money,nov,setup,sg",heuristic;observational,low,judgement;singapore;atus2014_2016
visit-the-singapore-zoo-or-night-safari,Visit the Singapore Zoo or Night Safari,canonical,travel,"adventure,novelty,enjoyment,travel",180,240,300,45,3,3,2,1,1,0,2,3,4,2,0,0,2,2,2,2,2,3,2,2,1,2,3,1,1,10±2.5,,,,,,,,,,,,,,1,18,category,Traveling (all purposes),0.8542,82.8,,,,,"dur,joy,lrn,money,setup,sg,soc",heuristic;observational,low,judgement;singapore;atus2014_2016
visit-the-artscience-museum,Visit the ArtScience Museum,canonical,travel,"adventure,novelty,enjoyment,travel",90,120,180,30,3,3,2,1,1,0,3,2,4,2,0,0,2,2,2,2,2,3,2,2,1,2,3,1,1,10±2.5,,,,,10-19,,,,,,,,,1,120402,action,Attending museums,0.0022,149.4,,,,,"atus,dur,joy,lrn,money,nov,open,setup,sg",heuristic;observational,low,judgement;singapore;atus2014_2016
go-to-jewel-changi,Go to Jewel Changi,canonical,travel,"adventure,novelty,enjoyment,travel",90,150,240,45,2,3,2,1,1,0,2,2,3,2,0,0,2,2,2,2,2,3,2,2,1,2,2,1,1,10±2.5,,,,,0-24,,,,,,,,,1,18,category,Traveling (all purposes),0.8542,82.8,,,,,"dur,joy,money,nov,open,setup,sg",heuristic;observational,low,judgement;singapore;atus2014_2016
explore-a-new-hdb-estate,Explore a new HDB estate,canonical,travel,"adventure,novelty,enjoyment,travel",60,90,150,30,2,3,1,1,1,0,2,2,3,2,0,0,2,2,2,2,2,2,2,2,1,2,4,1,1,10±2.5,,,1,,,,,,,,,,,1,18,category,Traveling (all purposes),0.8542,82.8,,,,,"dur,info,joy,nov,out,phys,setup,sg",heuristic;observational,low,judgement;singapore;atus2014_2016
take-a-long-bus-ride-to-nowhere,Take a long bus ride to nowhere,canonical,travel,"adventure,novelty,enjoyment,travel",45,90,120,5,1,3,2,1,1,0,2,2,3,3,0,0,2,2,2,2,2,3,2,2,1,2,3,1,1,10±2.5,,,,,,,,,,,,,,1,18,category,Traveling (all purposes),0.8542,82.8,,,,,"dur,joy,money,nov,rec,setup,sg",heuristic;observational,low,judgement;singapore;atus2014_2016
plan-a-holiday,Plan a holiday,canonical,travel,"adventure,novelty,enjoyment,travel",60,120,240,0,0,2,0,1,1,0,2,2,3,2,0,0,2,2,2,2,3,3,2,2,1,2,3,1,1,10±2.5,,,,,,,,,,,,,,,0209,action,Household management,0.2513,42.7,,,,,"act,atus,dur,joy,money,opt,phys,setup",heuristic;observational,low,judgement;atus2014_2016
book-flights,Book flights,canonical,travel,"adventure,novelty,enjoyment,travel",20,45,90,0,4,3,0,1,1,0,2,2,4,2,0,0,2,2,1,3,2,3,2,2,1,2,3,1,1,10±2.5,,,,,,,,,,,,,,,18,category,Traveling (all purposes),0.8542,82.8,,,,,"decay,dn,dur,money,phys,rev,setup",heuristic;observational,low,judgement;atus2014_2016
book-accommodation,Book accommodation,canonical,travel,"adventure,novelty,enjoyment,travel",20,45,90,0,3,3,0,1,1,0,2,2,4,2,0,0,2,2,2,3,2,3,2,2,1,2,3,1,1,10±2.5,,,,,,,,,,,,,,,18,category,Traveling (all purposes),0.8542,82.8,,,,,"decay,dur,money,phys,rev,setup",heuristic;observational,low,judgement;atus2014_2016
check-in-online-for-a-flight,Check in online for a flight,canonical,travel,"adventure,novelty,enjoyment,travel",5,10,15,0,0,1,0,1,1,0,2,2,4,2,0,0,2,2,2,4,2,3,2,2,1,2,3,1,1,10±2.5,,,,,,,,,,,,,,,18,category,Traveling (all purposes),0.8542,82.8,,,,,"act,decay,dur,money,phys,setup",heuristic;observational,low,judgement;atus2014_2016
apply-for-a-visa,Apply for a visa,canonical,travel,"adventure,novelty,enjoyment,travel",30,60,180,0,2,4,0,1,1,0,2,2,4,2,0,0,2,2,3,4,2,3,4,2,1,2,3,1,1,10±2.5,,,,,,,,,,,,,,,18,category,Traveling (all purposes),0.8542,82.8,,,,,"act,decay,dur,money,phys,reg,rev,setup",heuristic;observational,low,judgement;atus2014_2016
travel-solo,Travel solo,canonical,travel,"adventure,novelty,enjoyment,travel",2880,4320,10080,120,4,3,2,1,1,0,3,2,4,2,0,0,2,2,2,2,2,4,2,2,2,3,4,1,1,10±2.5,,,,,,personal safety incident,unknown,3,3,no,"unfamiliar places at night, no one knows your plans",,,,18,category,Traveling (all purposes),0.8542,82.8,,,,,"dn,dur,info,joy,lrn,money,nov,setup,tail",heuristic;observational,low,judgement;atus2014_2016
go-on-a-road-trip,Go on a road trip,canonical,travel,"adventure,novelty,enjoyment,travel",480,1440,2880,60,3,3,2,1,1,0,2,3,4,2,0,0,2,2,2,2,2,3,2,2,2,2,4,1,1,10±2.5,,,,,,road traffic injury,low,4,4,yes,"long hours of driving, fatigue",,,,18,category,Traveling (all purposes),0.8542,82.8,,,,,"dn,dur,joy,money,nov,setup,soc",heuristic;observational,low,judgement;atus2014_2016
take-a-long-haul-holiday,Take a long-haul holiday,canonical,travel,"adventure,novelty,enjoyment,travel",7200,10080,20160,240,4,3,2,1,1,0,2,2,4,4,0,0,2,2,2,2,2,3,2,2,1,2,4,1,1,10±2.5,,,,,,,,,,,,,,,18,category,Traveling (all purposes),0.8542,82.8,,,,,"dur,joy,lrn,money,nov,rec,rev,setup,tail",heuristic;observational,low,judgement;atus2014_2016
visit-your-hometown,Visit your hometown,canonical,travel,"adventure,novelty,enjoyment,travel",1440,4320,10080,120,3,3,2,1,1,0,2,4,3,2,0,0,2,2,2,2,2,3,3,2,1,2,3,1,1,10±2.5,,,,,,,,,,,,,,,18,category,Traveling (all purposes),0.8542,82.8,,,,,"dur,joy,money,reg,setup,soc",heuristic;observational,low,judgement;atus2014_2016
go-on-a-staycation,Go on a staycation,canonical,travel,"adventure,novelty,enjoyment,travel",1440,1440,2880,45,4,3,2,1,1,0,2,3,4,4,0,0,2,2,2,2,2,3,2,2,1,2,2,1,1,10±2.5,,,,,,,,,,,,,,1,18,category,Traveling (all purposes),0.8542,82.8,,,,,"dur,joy,money,nov,rec,setup,sg,soc",heuristic;observational,low,judgement;singapore;atus2014_2016
commute-by-mrt,Commute by MRT,canonical,travel,"adventure,novelty,enjoyment,travel",20,40,75,5,1,1,1,1,1,1,2,2,1,0,0,0,2,2,2,2,2,3,2,2,1,2,3,1,1,10±2.5,,,,,,,,,,,,,,1,1805,action,Travel related to work,0.3604,45.5,Commuting,3.45,0.89,,"act,atus,car,drm,dur,joy,money,phys,rec,setup,sg",heuristic;observational,low,judgement;singapore;atus2014_2016;kahneman2004
take-a-different-route-to-work,Take a different route to work,canonical,travel,"adventure,novelty,enjoyment,travel",20,45,75,5,1,3,2,1,1,0,2,2,4,2,0,0,2,2,2,2,2,2,2,2,1,2,3,1,1,10±2.5,,,,,,,,,,,,,,,1805,action,Travel related to work,0.3604,45.5,Commuting,3.45,0.89,,"atus,drm,dur,info,money,nov,setup",heuristic;observational,low,judgement;atus2014_2016;kahneman2004
walk-part-of-your-commute,Walk part of your commute,canonical,travel,"adventure,novelty,enjoyment,travel",10,20,30,0,0,3,2,1,3,0,2,2,4,2,0,0,2,2,2,2,2,3,2,2,1,2,3,1,1,10±2.5,,,1,,,,,,,,,,,,130131,action,Walking,0.0633,53.8,,,,,"atus,dur,hea,money,out,phys,rec,setup",heuristic;observational,low,judgement;singapore;atus2014_2016
take-a-grab-to-save-time,Take a Grab to save time,canonical,travel,"adventure,novelty,enjoyment,travel",15,25,40,5,3,0,2,1,1,0,2,2,2,1,0,0,2,2,2,2,2,3,2,2,1,2,3,1,1,10±2.5,,,,,,,,,,,,,,1,18,category,Traveling (all purposes),0.8542,82.8,,,,,"act,dur,joy,money,rec,setup,sg",heuristic;observational,low,judgement;singapore;atus2014_2016
check-your-cpf-statement,Check your CPF statement,canonical,admin,"admin,money,security",10,15,30,0,0,3,0,2,0,1,0,0,0,0,2,3,3,1,3,3,2,3,3,2,0,0,0,1,1,10.5±2;20.5±1.5,,,,,,,,,,,,,,1,020901,action,Financial management,0.0331,48.5,,,,,"atus,dur,fin,info,sg",heuristic;observational,low,judgement;singapore;atus2014_2016
top-up-your-cpf,Top up your CPF,canonical,admin,"admin,money,security",15,30,60,0,0,3,0,2,0,1,0,0,0,0,2,4,4,1,0,3,2,1,3,2,0,0,0,1,1,10.5±2;20.5±1.5,,,,,,,,,,,,,,1,020901,action,Financial management,0.0331,48.5,,,,,"atus,dur,fin,lt,rev,sg",heuristic;observational,low,judgement;singapore;atus2014_2016
file-your-income-tax,File your income tax,canonical,admin,"admin,money,security",20,45,90,0,0,3,0,2,0,1,0,0,0,0,2,4,3,1,3,4,2,1,4,2,0,0,0,1,1,10.5±2;20.5±1.5,,,,,,,,,,,,,,1,020901,action,Financial management,0.0331,48.5,,,,,"act,atus,decay,dur,fin,reg,sg",heuristic;observational,low,judgement;singapore;atus2014_2016
pay-your-credit-card-in-full,Pay your credit card in full,canonical,admin,"admin,money,security",5,10,15,0,0,1,0,2,0,1,0,0,0,0,2,4,3,1,3,4,2,1,4,2,0,0,0,1,1,10.5±2;20.5±1.5,,,,,,,,,,,,,,,020901,action,Financial management,0.0331,48.5,,,,,"act,atus,decay,dur,fin,reg",heuristic;observational,low,judgement;atus2014_2016
put-savings-into-an-index-fund,Put savings into an index fund,canonical,admin,"admin,money,security",15,30,60,0,0,3,0,2,0,1,0,0,0,0,2,4,4,3,2,3,2,1,3,2,2,0,0,1,1,10.5±2;20.5±1.5,,,,,,,,,,,,,,,020901,action,Financial management,0.0331,48.5,,,,,"atus,dn,dur,fin,lt,rev,unc",heuristic;observational,low,judgement;atus2014_2016
rebalance-your-portfolio,Rebalance your portfolio,canonical,admin,"admin,money,security",20,45,90,0,0,3,0,2,0,1,0,0,0,0,2,3,3,1,3,3,2,1,3,2,0,0,0,1,1,10.5±2;20.5±1.5,,,,,,,,,,,,,,,020901,action,Financial management,0.0331,48.5,,,,,"atus,dur,fin,lt",heuristic;observational,low,judgement;atus2014_2016
check-your-net-worth,Check your net worth,canonical,admin,"admin,money,security",15,30,60,0,0,3,0,2,0,1,0,0,0,0,2,2,3,1,3,3,2,3,3,2,0,0,0,1,1,10.5±2;20.5±1.5,,,,,,,,,,,,,,,020901,action,Financial management,0.0331,48.5,,,,,"atus,dur,fin,info",heuristic;observational,low,judgement;atus2014_2016
build-an-emergency-fund,Build an emergency fund,canonical,admin,"admin,money,security",15,30,60,0,0,3,0,2,0,1,0,0,0,0,2,4,4,1,3,3,4,1,3,2,0,0,0,1,1,10.5±2;20.5±1.5,,,,,,,,,,,,,,,020901,action,Financial management,0.0331,48.5,,,,,"atus,dur,fin,lt,opt",heuristic;observational,low,judgement;atus2014_2016
review-your-subscriptions,Review your subscriptions,canonical,admin,"admin,money,security",15,20,40,0,0,3,0,2,0,1,0,0,0,0,2,3,3,1,3,3,2,1,3,2,0,0,0,1,1,10.5±2;20.5±1.5,,,,,,,,,,,,,,,020901,action,Financial management,0.0331,48.5,,,,,"atus,dur,fin,hom",heuristic;observational,low,judgement;atus2014_2016
compare-phone-plans,Compare phone plans,canonical,admin,"admin,money,security",20,30,60,0,0,3,0,2,0,1,0,0,0,0,2,3,3,1,3,3,2,3,3,2,0,0,0,1,1,10.5±2;20.5±1.5,,,,,,,,,,,,,,,020901,action,Financial management,0.0331,48.5,,,,,"atus,dur,fin,info",heuristic;observational,low,judgement;atus2014_2016
switch-electricity-provider,Switch electricity provider,canonical,admin,"admin,money,security",20,30,60,0,0,3,0,2,0,1,0,0,0,0,2,3,3,1,3,3,2,1,3,2,0,0,0,1,1,10.5±2;20.5±1.5,,,,,,,,,,,,,,1,020901,action,Financial management,0.0331,48.5,,,,,"atus,dur,fin,sg",heuristic;observational,low,judgement;singapore;atus2014_2016
claim-an-expense,Claim an expense,canonical,admin,"admin,money,security",10,20,30,0,0,3,0,2,0,1,0,0,0,0,2,3,3,1,3,3,2,1,3,2,0,0,0,1,1,10.5±2;20.5±1.5,,,,,,,,,,,,,,,020901,action,Financial management,0.0331,48.5,,,,,"atus,decay,dur,fin",heuristic;observational,low,judgement;atus2014_2016
claim-insurance,Claim insurance,canonical,admin,"admin,money,security",20,45,90,0,0,3,0,2,0,1,0,0,0,0,2,4,3,1,3,3,2,1,3,2,0,0,0,1,1,10.5±2;20.5±1.5,,,,,,,,,,,,,,,020901,action,Financial management,0.0331,48.5,,,,,"act,atus,decay,dur,fin",heuristic;observational,low,judgement;atus2014_2016
update-your-will-or-nominations,Update your will or nominations,canonical,admin,"admin,money,security",30,60,120,0,0,4,0,2,0,1,0,2,0,0,2,3,4,1,3,3,2,1,4,2,0,0,0,1,1,10.5±2;20.5±1.5,,,,,,,,,,,,,,1,0209,category,Household management,0.2513,42.7,,,,,"act,dur,fin,lt,reg,sg,soc",heuristic;observational,low,judgement;singapore;atus2014_2016
make-a-lasting-power-of-attorney,Make a lasting power of attorney,canonical,admin,"admin,money,security",45,90,180,0,0,4,0,2,0,1,0,2,0,0,2,3,4,1,3,3,2,1,4,2,0,0,0,1,1,10.5±2;20.5±1.5,,,,,,,,,,,,,,1,0209,category,Household management,0.2513,42.7,,,,,"act,dur,lt,reg,sg,soc",heuristic;observational,low,judgement;singapore;atus2014_2016
renew-your-insurance,Renew your insurance,canonical,admin,"admin,money,security",15,30,60,0,0,3,0,2,0,1,0,0,0,0,2,3,3,1,3,4,2,1,3,2,0,0,0,1,1,10.5±2;20.5±1.5,,,,,,,,,,,,,,,0209,category,Household management,0.2513,42.7,,,,,"decay,dur,fin,reg",heuristic;observational,low,judgement;atus2014_2016
make-a-to-do-list,Make a to-do list,canonical,admin,"admin,money,security",5,10,20,0,0,1,0,2,0,1,0,0,0,0,2,3,3,1,3,3,3,1,3,2,0,0,0,1,1,10.5±2;20.5±1.5,,,,,,,,,,,,,,,020902,action,Household and personal organisation and planning,0.1485,40.3,,,,masicampo2011:related,"act,atus,dur,hom,opt",heuristic;observational;experiments,low,judgement;atus2014_2016;masicampo2011
write-down-a-plan-for-an-unfinished-task,Write down a plan for an unfinished task,canonical,admin,"admin,money,security",5,10,20,0,0,1,0,2,0,1,0,0,0,2,2,3,3,1,3,3,3,1,3,2,0,0,0,1,1,10.5±2;20.5±1.5,,,,,,,,,,,,,,,020902,action,Household and personal organisation and planning,0.1485,40.3,,,,masicampo2011:direct,"act,atus,dur,hom,opt,rec",heuristic;observational;experiments,"medium (social reception, direct experiment); low elsewhere",judgement;atus2014_2016;masicampo2011
clear-your-paper-mail,Clear your paper mail,canonical,admin,"admin,money,security",10,15,30,0,0,3,0,2,0,1,0,0,0,0,3,3,3,1,3,3,2,1,3,2,0,0,0,1,1,10.5±2;20.5±1.5,,,,,,,,,,,,,,,020903,action,Household and personal mail and messages (except e-mail),0.0532,21.1,,,,,"atus,dur,hom",heuristic;observational,low,judgement;atus2014_2016
shred-old-documents,Shred old documents,canonical,admin,"admin,money,security",10,20,40,0,0,3,0,2,0,1,0,0,0,0,3,3,3,1,3,3,2,1,3,2,0,0,0,1,1,10.5±2;20.5±1.5,,,,,,,,,,,,,,,020902,action,Household and personal organisation and planning,0.1485,40.3,,,,,"atus,dur,hom",heuristic;observational,low,judgement;atus2014_2016
back-up-your-phone-photos,Back up your phone photos,canonical,admin,"admin,money,security",10,20,40,0,0,3,0,2,0,1,0,0,0,0,3,3,4,1,3,3,2,1,3,2,0,0,0,1,1,10.5±2;20.5±1.5,,,,,,,,,,,,,,,020902,action,Household and personal organisation and planning,0.1485,40.3,,,,,"atus,dur,hom,lt",heuristic;observational,low,judgement;atus2014_2016
check-your-bank-for-unusual-charges,Check your bank for unusual charges,canonical,admin,"admin,money,security",5,10,15,0,0,3,0,2,0,1,0,0,0,0,2,3,3,1,3,3,2,3,3,2,0,0,0,1,1,10.5±2;20.5±1.5,,,,,,,,,,,,,,,0802,action,Financial services and banking,0.0238,16.3,,,,,"atus,dur,fin,info",heuristic;observational,low,judgement;atus2014_2016
open-a-savings-account,Open a savings account,canonical,admin,"admin,money,security",20,30,60,0,0,3,0,2,0,1,0,0,0,0,2,3,3,1,3,3,2,1,3,2,0,0,0,1,1,10.5±2;20.5±1.5,,,,,,,,,,,,,,,0802,action,Financial services and banking,0.0238,16.3,,,,,"atus,dur,fin,lt",heuristic;observational,low,judgement;atus2014_2016
apply-for-a-government-grant-or-scheme,Apply for a government grant or scheme,canonical,admin,"admin,money,security",10,20,45,0,0,3,0,2,0,1,0,0,0,0,2,3,3,1,3,3,2,1,3,2,0,0,0,1,1,10.5±2;20.5±1.5,,,,,,,,,,,,,,1,0209,category,Household management,0.2513,42.7,,,,,"decay,dur,fin,sg",heuristic;observational,low,judgement;singapore;atus2014_2016
book-a-slot-online,Book a slot online,canonical,admin,"admin,money,security",5,10,20,0,0,3,0,2,0,1,0,0,0,0,3,3,3,1,3,3,2,1,3,2,0,0,0,1,1,10.5±2;20.5±1.5,,,,,,,,,,,,,,,0209,category,Household management,0.2513,42.7,,,,,"decay,dur,hom",heuristic;observational,low,judgement;atus2014_2016
declutter-your-digital-files,Declutter your digital files,canonical,admin,"admin,money,security",30,60,120,0,0,3,0,2,0,1,0,0,0,0,3,3,3,1,3,3,2,1,3,2,0,0,0,1,1,10.5±2;20.5±1.5,,,,,,,,,,,,,,,020902,action,Household and personal organisation and planning,0.1485,40.3,,,,,"atus,car,dur,hom",heuristic;observational,low,judgement;atus2014_2016
write-a-short-story,Write a short story,canonical,creative,"creativity,expression,skill",45,90,180,5,0,3,0,3,0,1,2,0,4,1,0,0,3,2,4,1,2,2,2,3,0,2,3,1,1,20.5±2.5,,,,,,,,,,,,,,,120313,action,Writing for personal interest,0.0022,144.9,,,,,"atus,dur,joy,lrn,tail",heuristic;observational,low,judgement;atus2014_2016
write-a-song,Write a song,canonical,creative,"creativity,expression,skill",45,90,180,5,0,3,0,3,0,1,3,0,4,1,0,0,3,2,4,1,2,2,2,3,0,2,3,1,1,20.5±2.5,,,,,,,,,,,,,,,120306,action,Listening to or playing music (not radio),0.0248,82.5,,,,,"atus,dur,joy,lrn,tail",heuristic;observational,low,judgement;atus2014_2016
write-in-a-notebook,Write in a notebook,canonical,creative,"creativity,expression,skill",10,20,30,5,0,3,0,3,0,1,1,0,3,2,0,0,3,2,4,1,2,2,2,3,0,2,3,1,1,20.5±2.5,,,,,,,,,,,,,,,120313,action,Writing for personal interest,0.0022,144.9,,,,,"atus,dur,lrn,rec",heuristic;observational,low,judgement;atus2014_2016
start-a-sketchbook-page,Start a sketchbook page,canonical,creative,"creativity,expression,skill",10,20,40,5,0,3,0,3,0,1,3,0,4,1,0,0,3,2,4,1,2,2,2,3,0,2,3,1,1,20.5±2.5,,,,,,,,,,,,,,,120309,action,Arts and crafts as a hobby,0.0131,130.5,,,,,"atus,dur,joy,lrn",heuristic;observational,low,judgement;atus2014_2016
do-calligraphy,Do calligraphy,canonical,creative,"creativity,expression,skill",20,45,90,5,0,3,0,3,0,1,3,0,3,3,0,0,3,2,4,1,2,2,2,3,0,2,3,1,1,20.5±2.5,,,,,,,,,,,,,,,120309,action,Arts and crafts as a hobby,0.0131,130.5,,,,,"atus,dur,joy,lrn,rec",heuristic;observational,low,judgement;atus2014_2016
make-a-zine,Make a zine,canonical,creative,"creativity,expression,skill",60,120,240,5,0,3,0,3,0,1,2,0,4,1,0,0,3,2,4,1,2,2,2,3,0,1,3,1,1,20.5±2.5,,,,,,,,,,,,,,,120309,action,Arts and crafts as a hobby,0.0131,130.5,,,,,"atus,dur,joy,lrn,tail",heuristic;observational,low,judgement;atus2014_2016
design-a-poster,Design a poster,canonical,creative,"creativity,expression,skill",30,60,120,5,0,3,0,3,0,1,3,0,3,1,0,0,3,2,4,1,2,2,2,3,0,2,3,1,1,20.5±2.5,,,,,,,,,,,,,,,120309,action,Arts and crafts as a hobby,0.0131,130.5,,,,,"atus,car,dur,lrn",heuristic;observational,low,judgement;atus2014_2016
edit-your-photos,Edit your photos,canonical,creative,"creativity,expression,skill",20,45,90,5,0,3,0,3,0,1,2,0,3,1,0,0,3,2,4,1,2,2,2,3,0,2,3,1,1,20.5±2.5,,,,,,,,,,,,,,,120309,category,Arts and crafts as a hobby,0.0131,130.5,,,,,"dur,joy,lrn",heuristic;observational,low,judgement;atus2014_2016
make-a-video,Make a video,canonical,creative,"creativity,expression,skill",60,120,240,5,0,3,0,3,0,1,3,0,3,1,0,0,3,2,4,1,2,2,2,3,0,2,3,1,1,20.5±2.5,,,,,,,,,,,,,,,120309,category,Arts and crafts as a hobby,0.0131,130.5,,,,,"dur,joy,lrn,tail",heuristic;observational,low,judgement;atus2014_2016
start-a-side-project-this-weekend,Start a side project this weekend,canonical,creative,"creativity,expression,skill",60,120,360,5,0,4,0,3,0,2,3,0,3,1,0,0,3,2,4,1,4,2,2,3,0,4,3,1,1,20.5±2.5,,,,,,,,,,,,,,,120309,category,Arts and crafts as a hobby,0.0131,130.5,,,,,"act,car,dur,joy,lrn,nov,opt,tail",heuristic;observational,low,judgement;atus2014_2016
publish-a-short-piece-of-writing,Publish a short piece of writing,canonical,creative,"creativity,expression,skill",30,60,120,5,0,4,0,3,0,2,3,0,3,1,0,0,3,2,2,1,2,4,2,3,1,3,3,1,1,20.5±2.5,,,,,,,,,,,,,,,120309,category,Arts and crafts as a hobby,0.0131,130.5,,,,,"act,car,dn,dur,info,rev,tail",heuristic;observational,low,judgement;atus2014_2016
give-a-short-public-talk,Give a short public talk,canonical,creative,"creativity,expression,skill",10,20,45,30,0,4,0,3,0,3,3,3,3,1,0,0,3,2,4,1,2,4,2,3,1,3,3,1,1,20.5±2.5,,,,,,,,,,,,,,,120309,category,Arts and crafts as a hobby,0.0131,130.5,,,,,"act,car,dn,dur,info,setup,soc,tail",heuristic;observational,low,judgement;atus2014_2016
enter-a-competition,Enter a competition,canonical,creative,"creativity,expression,skill",60,180,600,5,0,3,0,3,0,1,3,0,3,1,0,0,3,4,4,1,2,2,2,3,0,4,3,1,1,20.5±2.5,,,,,,,,,,,,,,,120309,category,Arts and crafts as a hobby,0.0131,130.5,,,,,"act,dur,lrn,tail,unc",heuristic;observational,low,judgement;atus2014_2016
crochet-something,Crochet something,canonical,creative,"creativity,expression,skill",30,60,120,5,0,3,0,3,0,1,3,0,3,3,0,0,3,2,4,1,2,2,2,3,0,2,3,1,1,20.5±2.5,,,,,,,,,,,,,,,120309,action,Arts and crafts as a hobby,0.0131,130.5,,,,,"atus,dur,joy,rec",heuristic;observational,low,judgement;atus2014_2016
do-woodworking,Do woodworking,canonical,creative,"creativity,expression,skill",60,120,240,5,0,3,2,3,0,1,3,0,4,1,0,0,3,2,4,1,2,2,2,3,1,2,3,1,1,20.5±2.5,,,,,,,,,,,,,,,120309,action,Arts and crafts as a hobby,0.0131,130.5,,,,,"atus,dn,dur,joy,lrn,phys",heuristic;observational,low,judgement;atus2014_2016
restore-something-old,Restore something old,canonical,creative,"creativity,expression,skill",60,120,240,5,0,3,0,3,0,1,3,0,4,1,2,0,3,2,4,1,2,2,2,3,0,2,3,1,1,20.5±2.5,,,,,,,,,,,,,,,120309,action,Arts and crafts as a hobby,0.0131,130.5,,,,,"atus,dur,hom,joy,lrn",heuristic;observational,low,judgement;atus2014_2016
make-a-gift-by-hand,Make a gift by hand,canonical,creative,"creativity,expression,skill",60,120,240,5,0,3,0,3,0,1,3,3,4,1,0,0,3,2,4,1,2,2,2,3,0,2,3,1,1,20.5±2.5,,,,,,,,,,,,,,,120309,action,Arts and crafts as a hobby,0.0131,130.5,,,,,"atus,dur,joy,soc",heuristic;observational,low,judgement;atus2014_2016
do-a-body-scan,Do a body scan,canonical,mind,"clarity,stress-reduction,reflection",10,15,20,0,0,1,0,1,2,0,1,0,1,4,0,0,3,1,4,1,2,2,1,1,0,1,1,1,2,7.5±1.5;22±1.5,,,,,,,,,,,,,,,120301,category,"Relaxing, thinking",0.1972,90.2,,,,,"dur,hea,rec",heuristic;observational,low,judgement;atus2014_2016
journal-about-a-decision,Journal about a decision,canonical,mind,"clarity,stress-reduction,reflection",10,20,30,0,0,1,0,1,2,0,2,0,1,3,0,0,3,1,4,1,2,3,1,1,0,1,1,1,2,7.5±1.5;22±1.5,,,,,,,,,,,,,,,120301,category,"Relaxing, thinking",0.1972,90.2,,,,,"dur,info,lrn,opt",heuristic;observational,low,judgement;atus2014_2016
write-down-three-good-things,Write down three good things,canonical,mind,"clarity,stress-reduction,reflection",3,5,10,0,0,1,0,1,2,0,1,0,2,2,0,0,3,1,4,1,2,2,1,1,0,1,1,1,2,7.5±1.5;22±1.5,,,,,,,,,,,,,,,120301,category,"Relaxing, thinking",0.1972,90.2,,,,,"dur,ev,hea,joy,rec",heuristic;observational,low,judgement;atus2014_2016
name-what-you-are-feeling,Name what you are feeling,canonical,mind,"clarity,stress-reduction,reflection",2,5,10,0,0,1,0,1,2,0,1,0,1,2,0,0,3,1,4,1,2,2,1,1,0,1,1,1,2,7.5±1.5;22±1.5,,,,,,,,,,,,,,,120301,category,"Relaxing, thinking",0.1972,90.2,,,,,"dur,hea,rec",heuristic;observational,low,judgement;atus2014_2016
try-a-new-morning-routine-for-a-week,Try a new morning routine for a week,canonical,mind,"clarity,stress-reduction,reflection",15,30,60,0,0,1,0,1,2,0,1,0,1,3,0,0,3,1,4,1,2,3,1,1,0,1,3,1,2,7.5±1.5;22±1.5,,,,,,,,,,,,,,,120301,category,"Relaxing, thinking",0.1972,90.2,,,,,"dur,hea,info,lt,nov",heuristic;observational,low,judgement;atus2014_2016
flip-a-coin-for-a-stuck-decision,Flip a coin for a stuck decision,canonical,mind,"deliberation,clarity",1,1,2,0,0,0,0,1,2,0,1,0,1,3,0,0,3,3,3,1,1,3,1,1,0,1,1,1,2,7.5±1.5;22±1.5,,,,,,,,,,,,,,,120301,category,"Relaxing, thinking",0.1972,90.2,,,,levitt2021:direct,"act,dur,info,opt,rev,unc",heuristic;observational;experiments,"medium (social reception, direct experiment); low elsewhere",judgement;atus2014_2016;levitt2021
set-an-intention-for-the-day,Set an intention for the day,canonical,mind,"clarity,stress-reduction,reflection",2,5,10,0,0,1,0,1,2,1,1,0,1,1,0,0,3,1,4,1,2,2,1,1,0,1,1,1,2,8±1,,,,,,,,,,,,,,,120301,category,"Relaxing, thinking",0.1972,90.2,,,,,"car,dur,rec,typ",heuristic;observational,low,judgement;atus2014_2016
visualise-a-hard-conversation,Visualise a hard conversation,canonical,mind,"clarity,stress-reduction,reflection",5,10,20,0,0,1,0,1,2,0,1,1,1,1,0,0,3,1,4,1,2,2,1,1,0,1,1,1,2,7.5±1.5;22±1.5,,,,,,,,,,,,,,,120301,category,"Relaxing, thinking",0.1972,90.2,,,,,"dur,info,rec,soc",heuristic;observational,low,judgement;atus2014_2016
go-for-a-thinking-walk,Go for a thinking walk,canonical,mind,"clarity,stress-reduction,reflection",20,30,60,0,0,1,1,1,2,0,1,0,1,3,0,0,3,1,4,1,2,3,1,1,0,1,1,1,2,7.5±1.5;22±1.5,,,1,,,,,,,,,,,,130131,action,Walking,0.0633,53.8,,,,,"atus,dur,hea,info,out,phys,rec",heuristic;observational,low,judgement;singapore;atus2014_2016
do-a-digital-sabbath,Do a digital sabbath,canonical,mind,"clarity,stress-reduction,reflection",480,720,1440,0,0,3,0,1,2,0,1,0,1,4,0,0,3,1,4,1,2,3,1,1,0,1,2,1,2,7.5±1.5;22±1.5,,,,,,,,,,,,,,,120301,category,"Relaxing, thinking",0.1972,90.2,,,,,"act,dur,hea,info,nov,rec",heuristic;observational,low,judgement;atus2014_2016
read-scripture,Read scripture,canonical,mind,"clarity,stress-reduction,reflection",10,20,40,0,0,1,0,1,2,0,2,0,1,3,0,0,3,1,4,1,2,2,1,1,0,1,1,1,2,7.5±1.5;22±1.5,,,,,,,,,,,,,,,140102,action,Participation in religious practices,0.0539,52.9,,,,,"atus,dur,lrn,rec",heuristic;observational,low,judgement;atus2014_2016
go-on-a-retreat,Go on a retreat,canonical,mind,"clarity,stress-reduction,reflection",1440,2880,10080,120,3,1,0,1,3,0,1,0,1,4,0,0,3,1,4,1,2,3,1,1,0,1,3,1,2,7.5±1.5;22±1.5,,,,,,,,,,,,,,,120301,category,"Relaxing, thinking",0.1972,90.2,,,,,"dur,hea,info,money,nov,rec,setup",heuristic;observational,low,judgement;atus2014_2016
wait-and-see,Wait and see,canonical,inaction,"rest,waiting",1,1,1,0,0,0,0,0,0,0,0,0,1,1,0,0,0,0,4,0,3,1,1,0,0,0,0,3,1,,,,,,,,,,,,,,,,,,,,,,,,,"dur,info,opt",heuristic,low,judgement
help-your-child-with-homework,Help your child with homework,canonical,care,"care,family,relationships",20,40,90,5,0,2,1,1,0,0,2,3,2,0,2,0,3,1,3,3,1,1,4,2,0,1,0,2,2,7.5±1.5;18.5±2,,,,,,,,,,,,,,,0302,action,Activities related to household children's education,0.0373,60.2,Taking care of my children,3.86,0.91,,"atus,decay,dur,lrn,lt,soc",heuristic;observational,low,judgement;atus2014_2016;kahneman2004
read-to-your-child,Read to your child,canonical,care,"care,family,relationships",10,20,30,5,0,2,1,1,0,0,2,4,4,0,2,0,4,1,3,3,1,1,4,2,0,1,0,2,2,20.5±1,,,,,,,,,,,,,,,030102,action,Reading to or with household children,0.0264,29.4,Taking care of my children,3.86,0.91,,"atus,dur,joy,lrn,lt,soc,typ",heuristic;observational,low,judgement;atus2014_2016;kahneman2004
bathe-your-child,Bathe your child,canonical,care,"care,family,relationships",10,20,30,5,0,2,1,1,0,0,0,3,2,0,2,0,4,1,3,3,1,1,4,2,0,1,0,2,2,19.5±1,,,,,,,,,,,,,,,0301,action,Caring for and helping household children,0.2032,104.7,Taking care of my children,3.86,0.91,,"atus,decay,dur,hom,soc,typ",heuristic;observational,low,judgement;atus2014_2016;kahneman2004
put-your-child-to-bed,Put your child to bed,canonical,care,"care,family,relationships",15,30,60,5,0,2,1,1,0,0,0,3,2,0,2,0,4,1,3,4,1,1,4,2,0,1,0,2,2,20.5±1,,,,,,,,,,,,,,,0301,action,Caring for and helping household children,0.2032,104.7,Taking care of my children,3.86,0.91,,"atus,decay,dur,hom,soc,typ",heuristic;observational,low,judgement;atus2014_2016;kahneman2004
take-your-child-to-the-playground,Take your child to the playground,canonical,care,"care,family,relationships",30,60,90,10,0,2,2,1,0,0,0,4,3,0,2,0,4,1,3,3,1,1,4,2,0,1,0,2,2,7.5±1.5;18.5±2,,,1,,,,,,,,,,,,030103,action,"Playing with household children, not sports",0.0531,106.2,Taking care of my children,3.86,0.91,,"atus,dur,joy,out,phys,setup,soc",heuristic;observational,low,judgement;singapore;atus2014_2016;kahneman2004
take-your-child-to-a-class,Take your child to a class,canonical,care,"care,family,relationships",60,90,120,20,2,2,1,1,0,0,0,2,2,0,2,0,4,1,3,4,1,1,4,2,0,1,0,2,2,7.5±1.5;18.5±2,,,,,,,,,,,,,,,0302,action,Activities related to household children's education,0.0373,60.2,Taking care of my children,3.86,0.91,,"atus,decay,dur,money,setup,soc",heuristic;observational,low,judgement;atus2014_2016;kahneman2004
pack-your-childs-school-bag,Pack your child's school bag,canonical,care,"care,family,relationships",5,10,15,5,0,2,1,1,0,0,0,4,2,0,3,0,4,1,3,4,1,1,4,2,0,1,0,2,2,7.5±1.5;18.5±2,,,,,,,,,,,,,,,0301,action,Caring for and helping household children,0.2032,104.7,Taking care of my children,3.86,0.91,,"atus,decay,dur,hom",heuristic;observational,low,judgement;atus2014_2016;kahneman2004
talk-to-your-teenager,Talk to your teenager,canonical,care,"care,family,relationships",10,30,60,5,0,3,1,1,0,0,0,4,2,0,2,0,4,3,3,3,1,1,4,2,0,1,0,2,2,7.5±1.5;18.5±2,,,,,,,,,,,,,,,0301,action,Caring for and helping household children,0.2032,104.7,Taking care of my children,3.86,0.91,,"act,atus,dur,lt,soc,unc",heuristic;observational,low,judgement;atus2014_2016;kahneman2004
arrange-childcare,Arrange childcare,canonical,care,"care,family,relationships",15,30,60,5,0,3,1,1,0,0,0,4,2,0,4,0,4,1,3,3,3,1,4,2,0,1,0,2,2,7.5±1.5;18.5±2,,,,,,,,,,,,,,,0301,action,Caring for and helping household children,0.2032,104.7,Taking care of my children,3.86,0.91,,"act,atus,dur,hom,opt",heuristic;observational,low,judgement;atus2014_2016;kahneman2004
visit-an-elderly-parent,Visit an elderly parent,canonical,care,"care,family,relationships",60,120,180,30,0,2,1,1,0,0,0,4,2,0,2,0,4,1,3,3,1,1,4,2,0,1,0,2,2,7.5±1.5;18.5±2,,,,,,,,,,,,,,,0404,action,Caring for non-household adults,0.0087,81.5,Taking care of my children,3.86,0.91,,"atus,dur,lt,reg,setup,soc",heuristic;observational,low,judgement;atus2014_2016;kahneman2004
take-a-parent-to-the-doctor,Take a parent to the doctor,canonical,care,"care,family,relationships",90,150,240,30,0,3,1,1,2,0,0,4,2,0,2,0,4,1,3,3,1,1,4,2,0,1,0,2,2,7.5±1.5;18.5±2,,,,,,,,,,,,,,,0404,action,Caring for non-household adults,0.0087,81.5,Taking care of my children,3.86,0.91,,"act,atus,dur,hea,reg,setup,soc",heuristic;observational,low,judgement;atus2014_2016;kahneman2004
help-a-parent-with-technology,Help a parent with technology,canonical,care,"care,family,relationships",15,30,60,5,0,2,1,1,0,0,0,3,2,0,2,0,4,1,3,3,1,1,2,2,0,1,0,2,2,7.5±1.5;18.5±2,,,,,,,,,,,,,,,0405,action,Helping non-household adults,0.0687,48.8,Taking care of my children,3.86,0.91,,"atus,dur,hom,reg,soc",heuristic;observational,low,judgement;atus2014_2016;kahneman2004
cook-for-a-sick-friend,Cook for a sick friend,canonical,care,"care,family,relationships",45,60,120,5,1,2,1,1,0,0,0,4,2,0,2,0,2,1,3,3,1,1,4,2,0,1,0,2,2,7.5±1.5;18.5±2,,,,,,,,,,,,,,,0405,action,Helping non-household adults,0.0687,48.8,Taking care of my children,3.86,0.91,,"atus,dur,lt,money,soc",heuristic;observational,low,judgement;atus2014_2016;kahneman2004
be-a-caregiver-for-a-day,Be a caregiver for a day,canonical,care,"care,family,relationships",240,480,720,5,0,4,1,1,0,0,0,4,2,0,2,0,4,1,3,3,1,1,4,2,0,1,0,2,2,7.5±1.5;18.5±2,,,,,,,,,,,,,,,0304,action,Caring for household adults,0.0253,64.9,Taking care of my children,3.86,0.91,,"act,atus,dur,hea,rec,reg,soc",heuristic;observational,low,judgement;atus2014_2016;kahneman2004
give-your-partner-a-break,Give your partner a break,canonical,care,"care,family,relationships",60,120,240,5,0,2,1,1,0,0,0,4,2,0,2,0,3,1,3,3,1,1,4,2,0,1,0,2,2,7.5±1.5;18.5±2,,,,,,,,,,,,,,,0301,action,Caring for and helping household children,0.2032,104.7,Taking care of my children,3.86,0.91,,"atus,dur,lt,rec,soc",heuristic;observational,low,judgement;atus2014_2016;kahneman2004
plan-a-family-outing,Plan a family outing,canonical,care,"care,family,relationships",30,45,60,5,0,2,1,1,0,0,0,3,3,0,2,0,4,1,3,3,3,1,4,2,0,1,0,2,2,7.5±1.5;18.5±2,,,,,,,,,,,,,,,0209,action,Household management,0.2513,42.7,Taking care of my children,3.86,0.91,,"atus,dur,joy,opt,soc",heuristic;observational,low,judgement;atus2014_2016;kahneman2004
foster-a-pet-for-a-few-weeks,Foster a pet for a few weeks,canonical,care,"care,family,relationships",20160,30240,60480,60,2,4,1,1,0,0,0,2,3,0,2,0,4,1,3,3,1,4,4,2,0,1,0,2,2,7.5±1.5;18.5±2,,,,,,,,,,,,,,,0206,action,Animals and pets,0.1677,40.4,Taking care of my children,3.86,0.91,,"act,atus,dur,info,joy,money,rev,setup,soc",heuristic;observational,low,judgement;atus2014_2016;kahneman2004
vote,Vote,canonical,civic,"community,helping,civic",20,45,90,20,0,2,1,1,0,0,1,1,2,0,0,0,2,1,0,4,2,2,2,1,0,1,2,0,1,10.5±2.5,,,,,,,,,,,,,,1,15,category,Volunteer activities,0.0608,130.3,,,,,"act,decay,dur,lt,reg,rev,setup,sg,soc",heuristic;observational,low,judgement;singapore;atus2014_2016
volunteer-at-a-food-bank,Volunteer at a food bank,canonical,civic,"community,helping,civic",120,180,240,30,0,3,2,1,0,0,1,3,3,0,0,0,3,1,3,2,2,2,2,1,0,1,2,0,1,10.5±2.5,,,,,,,,,,,,,,,15,action,Volunteer activities,0.0608,130.3,,,,,"atus,dur,joy,lt,phys,setup,soc",heuristic;observational,low,judgement;atus2014_2016
tutor-a-child-for-free,Tutor a child for free,canonical,civic,"community,helping,civic",60,90,120,20,0,3,1,1,0,0,2,3,2,0,0,0,3,1,3,2,2,2,2,1,0,1,2,0,1,10.5±2.5,,,,,,,,,,,,,,,15,action,Volunteer activities,0.0608,130.3,,,,,"atus,dur,lrn,lt,setup,soc",heuristic;observational,low,judgement;atus2014_2016
pick-up-litter,Pick up litter,canonical,civic,"community,helping,civic",30,60,120,20,0,3,2,1,0,0,1,2,2,0,0,0,2,1,3,2,2,2,2,1,0,1,2,0,1,10.5±2.5,,,1,,,,,,,,,,,,15,action,Volunteer activities,0.0608,130.3,,,,,"atus,dur,lt,out,phys,setup,soc",heuristic;observational,low,judgement;singapore;atus2014_2016
attend-a-residents-committee-event,Attend a residents' committee event,canonical,civic,"community,helping,civic",60,90,180,15,0,3,1,1,0,0,1,3,2,0,0,0,3,1,3,2,2,2,2,1,0,1,2,0,1,10.5±2.5,,,,,,,,,,,,,,1,1202,action,Attending or hosting social events,0.0223,179.2,,,,,"atus,dur,nov,setup,sg,soc",heuristic;observational,low,judgement;singapore;atus2014_2016
give-feedback-to-your-town-council,Give feedback to your town council,canonical,civic,"community,helping,civic",5,10,20,20,0,3,1,1,0,0,1,1,2,0,2,0,3,1,3,2,2,2,2,1,0,1,2,0,1,10.5±2.5,,,,,,,,,,,,,,1,15,category,Volunteer activities,0.0608,130.3,,,,,"dur,hom,sg,soc",heuristic;observational,low,judgement;singapore;atus2014_2016
speak-at-a-public-meeting,Speak at a public meeting,canonical,civic,"community,helping,civic",5,10,20,45,0,4,1,1,0,0,1,2,2,0,0,0,3,1,3,2,2,3,2,1,1,2,2,0,1,10.5±2.5,,,,,,,,,,,,,,,15,category,Volunteer activities,0.0608,130.3,,,,,"act,dn,dur,info,setup,soc,tail",heuristic;observational,low,judgement;atus2014_2016
sign-a-petition,Sign a petition,canonical,civic,"community,helping,civic",2,5,10,20,0,3,1,1,0,0,1,1,2,0,0,0,1,1,3,2,2,2,2,1,0,1,2,0,1,10.5±2.5,,,,,,,,,,,,,,,15,category,Volunteer activities,0.0608,130.3,,,,,"dur,lt,soc",heuristic;observational,low,judgement;atus2014_2016
donate-blood,Donate blood,canonical,civic,"community,helping,civic",45,60,90,20,0,3,1,1,1,0,1,3,2,0,0,0,2,1,3,2,2,2,2,1,0,1,2,0,1,10.5±2.5,,,,,10-18,,,,,,,,,,15,category,Volunteer activities,0.0608,130.3,,,,,"act,dur,hea,lt,open,setup,soc",heuristic;observational,low,judgement;singapore;atus2014_2016
register-as-an-organ-donor,Register as an organ donor,canonical,civic,"community,helping,civic",5,10,20,20,0,2,1,1,0,0,1,2,2,0,0,0,3,1,3,2,2,2,2,1,0,1,2,0,1,10.5±2.5,,,,,,,,,,,,,,,15,category,Volunteer activities,0.0608,130.3,,,,,"act,dur,lt,rev,soc",heuristic;observational,low,judgement;atus2014_2016
help-a-tourist-with-directions,Help a tourist with directions,canonical,civic,"community,helping,civic",2,5,10,20,0,3,1,1,0,0,1,3,3,0,0,0,3,1,3,2,2,2,2,1,0,1,2,0,1,10.5±2.5,,,,,,,,,,,,,,,15,category,Volunteer activities,0.0608,130.3,,,,,"dur,joy,soc",heuristic;observational,low,judgement;atus2014_2016
report-a-scam,Report a scam,canonical,civic,"community,helping,civic",5,10,20,20,0,3,1,1,0,0,1,2,2,0,2,0,3,1,3,2,2,2,2,1,0,1,2,0,1,10.5±2.5,,,,,,,,,,,,,,1,15,category,Volunteer activities,0.0608,130.3,,,,,"dur,hom,sg,soc",heuristic;observational,low,judgement;singapore;atus2014_2016
do-your-ns-reservist-training,Do your NS reservist training,canonical,civic,"community,helping,civic",480,600,720,60,0,3,3,1,0,0,1,3,2,0,0,0,3,1,0,4,2,2,2,1,0,1,2,0,1,10.5±2.5,,,,,,,,,,,,,,1,15,category,Volunteer activities,0.0608,130.3,,,,,"car,decay,dur,phys,rev,setup,sg,soc",heuristic;observational,low,judgement;singapore;atus2014_2016
mentor-a-student,Mentor a student,canonical,civic,"community,helping,civic",45,60,90,20,0,3,1,1,0,0,1,3,2,0,0,0,3,1,3,2,2,2,2,1,0,2,2,0,1,10.5±2.5,,,,,,,,,,,,,,,15,action,Volunteer activities,0.0608,130.3,,,,,"atus,dur,lt,soc,tail",heuristic;observational,low,judgement;atus2014_2016
join-a-community-garden,Join a community garden,canonical,civic,"community,helping,civic",60,90,120,20,0,3,2,1,0,0,1,3,3,0,0,0,3,1,3,2,2,2,2,1,0,1,2,0,1,10.5±2.5,,,1,,,,,,,,,,,,15,category,Volunteer activities,0.0608,130.3,,,,,"dur,joy,lt,out,phys,setup,soc",heuristic;observational,low,judgement;singapore;atus2014_2016
quit-a-job,Quit a job,canonical,life,"life-change,deliberation",30,60,120,0,2,4,0,3,1,3,2,2,2,0,1,0,4,4,0,2,2,4,3,1,3,4,3,0,1,,,,,,,income loss,unknown,3,2,no,no savings buffer or next role,,,,,,,,,,,,levitt2021:direct,"atus,car,dn,dur,fin,info,reg,rev,tail,unc",heuristic;experiments,"medium (social reception, direct experiment); low elsewhere",judgement;levitt2021
end-a-relationship-that-is-not-working,End a relationship that is not working,canonical,life,"life-change,deliberation",30,60,180,0,2,4,0,3,2,2,2,2,2,0,1,1,4,4,0,2,2,4,3,1,3,3,3,0,1,,,,,,,,,,,,,,,,,,,,,,,,levitt2021:direct,"dn,dur,hea,info,rec,rev,soc,tail,unc",heuristic;experiments,"medium (social reception, direct experiment); low elsewhere",judgement;levitt2021
propose-marriage,Propose marriage,canonical,life,"life-change,deliberation",30,60,180,0,3,4,0,3,1,2,2,4,4,0,1,1,4,3,0,2,2,4,3,1,3,4,3,0,1,,,,,,,,,,,,,,,,,,,,,,,,,"dn,dur,joy,money,rev,soc,tail,unc",heuristic,low,judgement
move-to-another-city,Move to another city,canonical,life,"life-change,deliberation",1440,10080,43200,0,4,4,0,3,1,2,2,1,2,0,1,1,4,4,1,2,2,4,3,1,3,4,4,0,1,,,,,,,,,,,,,,,,,,,,,,,,,"dn,dur,info,money,nov,rev,soc,tail",heuristic,low,judgement
move-house,Move house,canonical,life,"life-change,deliberation",480,1440,4320,0,4,4,3,3,1,2,2,2,2,0,3,1,4,4,1,2,2,4,3,1,2,3,3,0,1,,,,,,,,,,,,,,,,,,,,,,,,,"act,dn,dur,hom,money,phys,rev",heuristic,low,judgement
sign-a-12-month-lease,Sign a 12-month lease,canonical,life,"life-change,deliberation",30,60,120,0,4,4,0,3,1,2,2,2,2,0,3,1,4,4,1,2,0,4,3,1,2,3,3,0,1,,,,,,,,,,,,,,,,,,,,,,,,,"dn,dur,hom,money,opt,rev",heuristic,low,judgement
buy-a-home,Buy a home,canonical,life,"life-change,deliberation",120,480,1440,0,4,4,0,3,1,2,2,2,2,0,1,3,4,3,0,2,2,4,3,1,3,2,3,0,1,,,,,,,financial overextension,unknown,3,3,no,a loan sized to best-case income,,,1,,,,,,,,,,"dn,dur,fin,lt,money,rev,sg,tail,unc",heuristic,low,judgement;singapore
apply-for-a-bto-flat,Apply for a BTO flat,canonical,life,"life-change,deliberation",30,60,120,0,1,4,0,3,1,2,2,2,2,0,3,2,4,4,3,2,3,4,3,1,3,3,3,0,1,,,,,,,,,,,,,,,1,,,,,,,,,,"dur,fin,hom,lt,money,opt,rev,sg,unc",heuristic,low,judgement;singapore
have-a-child,Have a child,canonical,life,"life-change,deliberation",1440,10080,43200,0,2,4,0,3,1,2,2,4,3,0,1,1,4,4,0,2,2,4,3,1,3,4,3,0,1,,,,,,,,,,,,,,,,,,,,,,,,,"dn,dur,joy,lt,rec,rev,soc,tail,unc",heuristic,low,judgement
adopt-a-pet,Adopt a pet,canonical,life,"life-change,deliberation",120,240,480,0,3,4,0,3,1,2,2,3,4,0,1,1,4,3,0,2,2,4,3,1,2,3,3,0,1,,,,,,,,,,,,,,,,,,,,,,,,,"dn,dur,joy,lt,money,rev,soc,unc",heuristic,low,judgement
change-your-field-of-study,Change your field of study,canonical,life,"life-change,deliberation",60,180,600,0,2,4,0,3,1,4,4,2,2,0,1,1,4,4,1,2,2,4,3,1,3,4,3,0,1,,,,,,,,,,,,,,,,,,,,,,,,,"car,dn,dur,lrn,rev,tail,unc",heuristic,low,judgement
change-careers,Change careers,canonical,life,"life-change,deliberation",600,2400,10080,0,2,4,0,3,1,4,2,2,2,0,1,2,4,4,1,2,2,4,3,1,3,4,3,0,1,,,,,,,,,,,,,,,,,,,,,,,,levitt2021:related,"car,dn,dur,fin,info,rev,tail,unc",heuristic;experiments,low,judgement;levitt2021
start-a-business,Start a business,canonical,life,"life-change,deliberation",600,2400,10080,0,3,4,0,3,1,4,4,2,2,0,1,3,4,4,2,2,2,4,3,1,3,4,3,0,1,,,,,,,financial loss,unknown,3,2,no,"personal guarantees, borrowing",,,,,,,,,,,,,"car,dn,dur,fin,info,lrn,money,rev,tail,unc",heuristic,low,judgement
go-back-to-school,Go back to school,canonical,life,"life-change,deliberation",600,2400,10080,0,4,4,0,3,1,4,4,2,2,0,1,1,4,3,1,2,2,4,3,1,2,3,3,0,1,,,,,,,,,,,,,,,,,,,,,,,,,"car,dn,dur,lrn,money,rev,tail,unc",heuristic,low,judgement
sign-a-multi-year-business-contract,Sign a multi-year business contract,canonical,life,"life-change,deliberation",30,60,180,0,3,4,0,3,1,3,2,2,2,0,1,3,4,3,0,2,2,4,3,1,4,3,3,0,1,,,,,,,,,,,,,,,,,,,,,,,,,"car,dn,dur,fin,money,rev,unc",heuristic,low,judgement
respond-to-a-job-offer-before-it-expires,Respond to a job offer before it expires,canonical,life,"life-change,deliberation",30,60,180,0,2,4,0,3,1,4,2,2,2,0,1,3,4,4,1,4,2,4,3,1,3,4,3,0,1,,,,,,,,,,,,,,,,,,,,,,,,,"car,decay,dn,dur,fin,rev,tail",heuristic,low,judgement
launch-a-product-publicly,Launch a product publicly,canonical,life,"life-change,deliberation",60,240,600,0,2,4,0,3,1,4,2,2,2,0,1,1,4,4,1,2,2,4,3,1,2,4,3,0,1,,,,,,,,,,,,,,,,,,,,,,,,,"car,dn,dur,info,rev,tail,unc",heuristic,low,judgement
have-elective-surgery,Have elective surgery,canonical,life,"life-change,deliberation",120,480,1440,0,4,4,0,3,3,2,2,2,2,0,1,1,4,3,0,2,2,4,3,1,2,3,3,0,1,,,,,,,surgical complications,low,4,4,no,"anaesthesia, infection, individual risk factors",,,,,,,,,,,,,"dn,dur,hea,money,rev,unc",heuristic,low,judgement
get-married,Get married,canonical,life,"life-change,deliberation",240,480,720,0,4,4,0,3,1,2,2,4,4,0,1,1,4,4,0,2,2,4,3,1,2,3,3,0,1,,,,,,,,,,,,,,,,,,,,,,,,,"dn,dur,joy,lt,money,rev,soc,tail",heuristic,low,judgement
retire,Retire,canonical,life,"life-change,deliberation",60,240,600,0,2,4,0,3,1,0,2,2,2,4,1,1,3,3,1,2,2,4,3,1,2,3,3,0,1,,,,,,,,,,,,,,,,,,,,,,,,,"car,dn,dur,fin,lt,rec,rev,unc",heuristic,low,judgement
take-a-sabbatical,Take a sabbatical,canonical,life,"life-change,deliberation",10080,43200,129600,0,3,4,0,3,1,2,2,2,2,4,1,1,4,4,2,2,2,4,3,1,2,3,4,0,1,,,,,,,,,,,,,,,,,,,,,,,,,"dn,dur,info,money,nov,rec,rev,tail",heuristic,low,judgement
emigrate,Emigrate,canonical,life,"life-change,deliberation",10080,43200,129600,0,4,4,0,3,1,2,2,1,2,0,1,1,4,4,1,2,2,4,3,1,3,4,4,0,1,,,,,,,,,,,,,,,,,,,,,,,,,"dn,dur,money,nov,rev,soc,tail,unc",heuristic,low,judgement
get-a-divorce,Get a divorce,canonical,life,"life-change,deliberation",600,2400,10080,0,4,4,0,3,1,2,2,1,2,0,1,1,4,4,0,2,2,4,3,1,4,2,3,0,1,,,,,,,,,,,,,,,,,,,,,,,,,"dn,dur,money,rec,rev,soc,tail,unc",heuristic,low,judgement
walk-to-the-mrt-instead-of-taking-the-feeder-bus,Walk to the MRT instead of taking the feeder bus,canonical,travel,"adventure,novelty,enjoyment,travel",10,15,25,0,0,3,1,1,2,0,2,2,4,2,0,0,2,2,2,2,2,3,2,2,1,2,3,1,1,10±2.5,,,1,,,,,,,,,,,1,130131,action,Walking,0.0633,53.8,,,,,"atus,dur,hea,money,out,phys,setup,sg",heuristic;observational,low,judgement;singapore;atus2014_2016
take-the-bus,Take the bus,canonical,travel,"adventure,novelty,enjoyment,travel",15,30,60,5,1,1,0,1,1,0,2,2,1,2,0,0,2,2,2,2,2,3,2,2,1,2,3,1,1,10±2.5,,,,,,,,,,,,,,1,18,action,Traveling (all purposes),0.8542,82.8,,,,,"act,atus,dur,joy,money,phys,setup,sg",heuristic;observational,low,judgement;singapore;atus2014_2016
take-a-bike-share-bike,Take a bike-share bike,canonical,travel,"adventure,novelty,enjoyment,travel",10,20,40,5,1,3,2,1,2,0,2,2,4,2,0,0,2,2,2,2,2,3,2,2,1,2,3,1,1,10±2.5,,,1,,,road traffic injury,low,4,3,yes,"riding on roads, no helmet",,,,130104,action,Biking,0.0067,76.4,,,,,"atus,dn,dur,hea,money,out,phys,setup",heuristic;observational,low,judgement;singapore;atus2014_2016
drive-to-work,Drive to work,canonical,travel,"adventure,novelty,enjoyment,travel",20,35,60,5,2,1,2,1,1,0,2,2,4,0,0,0,2,2,2,2,2,3,2,2,1,2,3,1,1,10±2.5,,,,,,road traffic injury,low,4,4,yes,"fatigue, phone use, speed",,,,1805,action,Travel related to work,0.3604,45.5,Commuting,3.45,0.89,,"act,atus,dn,drm,dur,money,rec,setup",heuristic;observational,low,judgement;atus2014_2016;kahneman2004
carpool,Carpool,canonical,travel,"adventure,novelty,enjoyment,travel",20,35,60,10,1,3,2,1,1,0,2,2,4,2,0,1,2,2,2,2,2,3,2,2,1,2,3,1,1,10±2.5,,,,,,,,,,,,,,,1805,action,Travel related to work,0.3604,45.5,,,,,"atus,dur,fin,money,setup,soc",heuristic;observational,low,judgement;atus2014_2016
work-on-the-train,Work on the train,canonical,travel,"adventure,novelty,enjoyment,travel",15,30,45,0,2,3,2,1,1,2,1,2,4,2,0,0,2,2,2,2,2,3,2,2,1,2,3,1,1,10±2.5,,,,,,,,,,,,,,,1805,action,Travel related to work,0.3604,45.5,,,,,"atus,car,dur,lrn,setup",heuristic;observational,low,judgement;atus2014_2016
leave-early-to-beat-traffic,Leave early to beat traffic,canonical,travel,"adventure,novelty,enjoyment,travel",1,1,1,0,2,2,2,1,1,0,2,2,4,1,1,0,2,2,2,2,2,3,2,2,1,2,3,1,1,10±2.5,,,,,,,,,,,,,,,18,category,Traveling (all purposes),0.8542,82.8,,,,,"act,dur,hom,rec,setup",heuristic;observational,low,judgement;atus2014_2016
plan-your-route,Plan your route,canonical,travel,"adventure,novelty,enjoyment,travel",2,5,10,0,2,0,2,1,1,0,2,2,4,2,1,0,2,2,2,2,2,2,2,2,1,2,3,1,1,10±2.5,,,,,,,,,,,,,,,18,category,Traveling (all purposes),0.8542,82.8,,,,,"act,dur,hom,info,setup",heuristic;observational,low,judgement;atus2014_2016
buy-a-new-sim-card,Buy a new SIM card,canonical,errands,"errands,chores,admin",15,20,40,15,1,2,1,1,0,0,0,0,0,0,2,1,2,1,3,2,1,0,2,1,0,0,0,2,1,11±2.5;17.5±1.5,,,,,,,,,,,,,,,0701,category,"Shopping (store, telephone, internet)",0.3981,54.1,Shopping,3.95,0.74,,"dur,hom,money,setup",heuristic;observational,low,judgement;atus2014_2016;kahneman2004
get-your-phone-repaired,Get your phone repaired,canonical,errands,"errands,chores,admin",30,60,120,20,3,2,1,1,0,0,0,0,0,0,3,1,2,1,3,2,1,0,2,1,0,0,0,2,1,11±2.5;17.5±1.5,,,,,11-21,,,,,,,,,,0701,category,"Shopping (store, telephone, internet)",0.3981,54.1,Shopping,3.95,0.74,,"decay,dur,hom,money,open,setup",heuristic;observational,low,judgement;singapore;atus2014_2016;kahneman2004
send-a-parcel,Send a parcel,canonical,errands,"errands,chores,admin",10,20,30,10,1,2,1,1,0,0,0,0,0,0,2,1,2,1,3,2,1,0,2,1,0,0,0,2,1,11±2.5;17.5±1.5,,,,,9-18,,,,,,,,,,0701,category,"Shopping (store, telephone, internet)",0.3981,54.1,Shopping,3.95,0.74,,"dur,hom,money,open,setup",heuristic;observational,low,judgement;singapore;atus2014_2016;kahneman2004
drop-off-laundry-at-a-laundromat,Drop off laundry at a laundromat,canonical,errands,"errands,chores,admin",45,60,90,10,1,2,1,1,0,0,0,0,0,0,3,1,2,1,3,2,1,0,2,1,0,0,0,2,1,11±2.5;17.5±1.5,,,,,0-24,,,,,,,,,,0701,category,"Shopping (store, telephone, internet)",0.3981,54.1,Shopping,3.95,0.74,,"dur,hom,money,open,setup",heuristic;observational,low,judgement;singapore;atus2014_2016;kahneman2004
buy-medicine,Buy medicine,canonical,errands,"errands,chores,admin",10,15,30,10,1,2,1,1,3,0,0,0,0,0,3,1,2,1,3,3,1,0,2,1,0,0,0,2,1,11±2.5;17.5±1.5,,,,,9-22,,,,,,,,,,0701,category,"Shopping (store, telephone, internet)",0.3981,54.1,Shopping,3.95,0.74,,"decay,dur,hea,money,open,setup",heuristic;observational,low,judgement;singapore;atus2014_2016;kahneman2004
pick-up-a-prescription,Pick up a prescription,canonical,errands,"errands,chores,admin",10,20,30,15,1,2,1,1,3,0,0,0,0,0,3,1,2,1,3,3,1,0,2,1,0,0,0,2,1,11±2.5;17.5±1.5,,,,,9-21,,,,,,,,,,0701,category,"Shopping (store, telephone, internet)",0.3981,54.1,Shopping,3.95,0.74,,"decay,dur,hea,money,open,setup",heuristic;observational,low,judgement;singapore;atus2014_2016;kahneman2004
return-a-rental,Return a rental,canonical,errands,"errands,chores,admin",10,20,30,15,1,2,1,1,0,0,0,0,0,0,2,2,2,1,3,4,1,0,2,1,0,0,0,2,1,11±2.5;17.5±1.5,,,,,,,,,,,,,,,0701,category,"Shopping (store, telephone, internet)",0.3981,54.1,Shopping,3.95,0.74,,"decay,dur,fin,hom,setup",heuristic;observational,low,judgement;atus2014_2016;kahneman2004
get-a-quote,Get a quote,canonical,errands,"errands,chores,admin",10,20,45,15,1,2,1,1,0,0,0,0,0,0,3,3,2,1,3,2,1,3,2,1,0,0,0,2,1,11±2.5;17.5±1.5,,,,,,,,,,,,,,,0701,category,"Shopping (store, telephone, internet)",0.3981,54.1,Shopping,3.95,0.74,,"dur,fin,info",heuristic;observational,low,judgement;atus2014_2016;kahneman2004
pick-up-dry-cleaning,Pick up dry cleaning,canonical,errands,"errands,chores,admin",10,15,20,10,1,2,1,1,0,0,0,0,0,0,2,1,2,1,3,2,1,0,2,1,0,0,0,2,1,11±2.5;17.5±1.5,,,,,9-20,,,,,,,,,,0701,category,"Shopping (store, telephone, internet)",0.3981,54.1,Shopping,3.95,0.74,,"dur,hom,open,setup",heuristic;observational,low,judgement;singapore;atus2014_2016;kahneman2004
update-your-address,Update your address,canonical,admin,"admin,money,security",10,20,40,0,0,3,0,2,0,1,0,0,0,0,3,3,3,1,3,2,2,1,3,2,0,0,0,1,1,10.5±2;20.5±1.5,,,,,,,,,,,,,,,0209,category,Household management,0.2513,42.7,,,,,"decay,dur,hom",heuristic;observational,low,judgement;atus2014_2016
organise-your-receipts,Organise your receipts,canonical,admin,"admin,money,security",15,30,60,0,0,3,0,2,0,1,0,0,0,0,3,2,3,1,3,3,2,1,3,2,0,0,0,1,1,10.5±2;20.5±1.5,,,,,,,,,,,,,,,0209,category,Household management,0.2513,42.7,,,,,"dur,fin,hom",heuristic;observational,low,judgement;atus2014_2016
check-your-credit-report,Check your credit report,canonical,admin,"admin,money,security",10,20,30,0,0,3,0,2,0,1,0,0,0,0,2,3,3,1,3,3,2,4,3,2,0,0,0,1,1,10.5±2;20.5±1.5,,,,,,,,,,,,,,1,0209,category,Household management,0.2513,42.7,,,,,"dur,fin,info,sg",heuristic;observational,low,judgement;singapore;atus2014_2016
set-a-budget-for-the-month,Set a budget for the month,canonical,admin,"admin,money,security",15,30,45,0,0,3,0,2,0,1,0,0,0,0,2,4,3,1,3,3,3,1,3,2,0,0,0,1,1,10.5±2;20.5±1.5,,,,,,,,,,,,,,,020901,action,Financial management,0.0331,48.5,,,,,"atus,dur,fin,lt,opt",heuristic;observational,low,judgement;atus2014_2016
pay-a-parking-fine,Pay a parking fine,canonical,admin,"admin,money,security",5,10,20,0,0,3,0,2,0,1,0,0,0,0,2,2,3,1,3,4,2,1,3,2,0,0,0,1,1,10.5±2;20.5±1.5,,,,,,,,,,,,,,,0209,category,Household management,0.2513,42.7,,,,,"decay,dur,fin,hom,reg",heuristic;observational,low,judgement;atus2014_2016
renew-your-road-tax,Renew your road tax,canonical,admin,"admin,money,security",5,10,20,0,0,3,0,2,0,1,0,0,0,0,3,3,3,1,3,4,2,1,4,2,0,0,0,1,1,10.5±2;20.5±1.5,,,,,,,,,,,,,,1,0209,category,Household management,0.2513,42.7,,,,,"decay,dur,hom,reg,sg",heuristic;observational,low,judgement;singapore;atus2014_2016
check-your-insurance-coverage,Check your insurance coverage,canonical,admin,"admin,money,security",20,40,60,0,0,3,0,2,0,1,0,0,0,0,2,3,3,1,3,3,2,3,3,2,0,0,0,1,1,10.5±2;20.5±1.5,,,,,,,,,,,,,,,0209,category,Household management,0.2513,42.7,,,,,"dur,fin,info,lt",heuristic;observational,low,judgement;atus2014_2016
book-your-next-dentist-visit,Book your next dentist visit,canonical,admin,"admin,money,security",5,10,15,0,0,2,0,2,3,1,0,0,0,0,2,3,3,1,3,3,2,1,3,2,0,0,0,1,1,10.5±2;20.5±1.5,,,,,,,,,,,,,,,0209,category,Household management,0.2513,42.7,,,,,"act,dur,hea,lt",heuristic;observational,low,judgement;atus2014_2016
schedule-a-reminder-for-a-renewal,Schedule a reminder for a renewal,canonical,admin,"admin,money,security",2,3,5,0,0,3,0,2,0,1,0,0,0,0,2,3,3,1,3,3,2,1,3,2,0,0,0,1,1,10.5±2;20.5±1.5,,,,,,,,,,,,,,,0209,category,Household management,0.2513,42.7,,,,,"dur,hom,opt",heuristic;observational,low,judgement;atus2014_2016
read-the-fine-print,Read the fine print,canonical,admin,"admin,money,security",10,20,40,0,0,3,0,2,0,1,0,0,0,0,2,3,3,1,3,3,2,4,3,2,0,0,0,1,1,10.5±2;20.5±1.5,,,,,,,,,,,,,,,0209,category,Household management,0.2513,42.7,,,,,"dn,dur,fin,info",heuristic;observational,low,judgement;atus2014_2016
cancel-a-gym-membership,Cancel a gym membership,canonical,admin,"admin,money,security",10,20,40,0,0,3,0,2,0,1,0,0,0,0,2,3,3,1,3,3,2,1,3,2,0,0,0,1,1,10.5±2;20.5±1.5,,,,,,,,,,,,,,,0209,category,Household management,0.2513,42.7,,,,,"act,dur,fin,hom",heuristic;observational,low,judgement;atus2014_2016
negotiate-rent,Negotiate rent,canonical,admin,"admin,money,security",15,30,60,0,0,4,0,2,0,1,0,1,0,0,2,4,3,1,3,3,2,1,3,2,1,2,0,1,1,10.5±2;20.5±1.5,,,,,,,,,,,,,,,0209,category,Household management,0.2513,42.7,,,,,"act,dn,dur,fin,soc,tail",heuristic;observational,low,judgement;atus2014_2016
ask-your-bank-to-waive-a-fee,Ask your bank to waive a fee,canonical,admin,"admin,money,security",5,15,30,0,0,3,0,2,0,1,0,0,0,0,2,3,3,1,3,3,2,1,3,2,0,1,0,1,1,10.5±2;20.5±1.5,,,,,,,,,,,,,,,0209,category,Household management,0.2513,42.7,,,,,"act,dur,fin,tail",heuristic;observational,low,judgement;atus2014_2016
water-the-indoor-plants,Water the indoor plants,canonical,household,"home,order,chores",5,10,15,0,0,2,2,0,1,0,0,0,2,0,2,0,2,0,4,1,1,0,1,1,0,0,0,3,1,10.5±2.5;19.5±1.5,,,,,,,,,,,,,,,020501,action,"Lawn, garden and houseplant care",0.0957,117.9,Housework,3.73,0.77,,"atus,dur,hom,joy",heuristic;observational,low,judgement;atus2014_2016;kahneman2004
change-the-air-con-filter,Change the air-con filter,canonical,household,"home,order,chores",10,15,30,0,0,2,2,0,1,0,0,0,0,0,3,0,2,0,4,1,1,0,1,1,0,0,0,3,1,10.5±2.5;19.5±1.5,,,,,,,,,,,,,,,0203,action,"Interior maintenance, repair and decoration",0.0286,129.7,Housework,3.73,0.77,,"atus,dur,hea,hom",heuristic;observational,low,judgement;atus2014_2016;kahneman2004
clean-the-ceiling-fan,Clean the ceiling fan,canonical,household,"home,order,chores",10,20,30,0,0,2,2,0,1,0,0,0,0,0,3,0,2,0,4,1,1,0,1,1,0,0,0,3,1,10.5±2.5;19.5±1.5,,,,,,,,,,,,,,,020101,action,Interior cleaning,0.2321,87.5,Housework,3.73,0.77,,"atus,dur,hom,phys",heuristic;observational,low,judgement;atus2014_2016;kahneman2004
clear-the-gutters,Clear the gutters,canonical,household,"home,order,chores",20,45,90,0,0,2,3,0,1,0,0,0,0,0,3,0,2,0,4,1,1,0,1,1,0,0,0,3,1,10.5±2.5;19.5±1.5,,,1,,,,,,,,,,,,0204,action,"Exterior maintenance, repair and decoration",0.0289,113.6,Housework,3.73,0.77,,"atus,dur,hom,out,phys",heuristic;observational,low,judgement;singapore;atus2014_2016;kahneman2004
wash-the-floor-mats,Wash the floor mats,canonical,household,"home,order,chores",10,15,30,0,0,2,2,0,1,0,0,0,0,0,3,0,2,0,4,1,1,0,1,1,0,0,0,3,1,10.5±2.5;19.5±1.5,,,,,,,,,,,,,,,020101,action,Interior cleaning,0.2321,87.5,Housework,3.73,0.77,,"atus,dur,hom",heuristic;observational,low,judgement;atus2014_2016;kahneman2004
defrost-the-freezer,Defrost the freezer,canonical,household,"home,order,chores",30,60,120,0,0,2,2,0,1,0,0,0,0,0,3,0,2,0,4,1,1,0,1,1,0,0,0,3,1,10.5±2.5;19.5±1.5,,,,,,,,,,,,,,,020101,action,Interior cleaning,0.2321,87.5,Housework,3.73,0.77,,"atus,dur,hom",heuristic;observational,low,judgement;atus2014_2016;kahneman2004
sharpen-the-knives,Sharpen the knives,canonical,household,"home,order,chores",10,15,30,0,0,2,2,0,1,0,0,0,0,0,2,0,2,0,4,1,1,0,1,1,0,0,0,3,1,10.5±2.5;19.5±1.5,,,,,,,,,,,,,,,020203,action,Kitchen and food clean-up,0.2264,34.1,Housework,3.73,0.77,,"atus,dur,hom",heuristic;observational,low,judgement;atus2014_2016;kahneman2004
organise-the-fridge,Organise the fridge,canonical,household,"home,order,chores",10,20,40,0,0,2,2,0,1,0,0,0,0,0,3,1,2,0,4,1,1,0,1,1,0,0,0,3,1,10.5±2.5;19.5±1.5,,,,,,,,,,,,,,,020104,action,"Storing interior household items, including food",0.0629,20.0,Housework,3.73,0.77,,"atus,dur,fin,hom",heuristic;observational,low,judgement;atus2014_2016;kahneman2004
throw-out-expired-food,Throw out expired food,canonical,household,"home,order,chores",10,15,30,0,0,2,2,0,1,0,0,0,0,0,3,0,2,0,4,1,1,0,1,1,0,0,0,3,1,10.5±2.5;19.5±1.5,,,,,,,,,,,,,,,020104,action,"Storing interior household items, including food",0.0629,20.0,Housework,3.73,0.77,,"atus,dur,hea,hom",heuristic;observational,low,judgement;atus2014_2016;kahneman2004
set-up-a-cleaning-rota,Set up a cleaning rota,canonical,household,"home,order,chores",15,30,45,0,0,2,2,0,1,0,0,2,0,0,3,0,3,0,4,1,3,0,1,1,0,0,0,3,1,10.5±2.5;19.5±1.5,,,,,,,,,,,,,,,020902,action,Household and personal organisation and planning,0.1485,40.3,Housework,3.73,0.77,,"atus,dur,hom,lt,opt,soc",heuristic;observational,low,judgement;atus2014_2016;kahneman2004
clean-your-phone-and-keyboard,Clean your phone and keyboard,canonical,household,"home,order,chores",5,10,15,0,0,2,2,0,1,0,0,0,0,0,2,0,2,0,4,1,1,0,1,1,0,0,0,3,1,10.5±2.5;19.5±1.5,,,,,,,,,,,,,,,020101,action,Interior cleaning,0.2321,87.5,Housework,3.73,0.77,,"atus,dur,hea,hom",heuristic;observational,low,judgement;atus2014_2016;kahneman2004
buy-and-hang-blackout-curtains,Buy and hang blackout curtains,canonical,household,"home,order,chores",30,60,120,0,2,2,2,0,2,0,0,0,0,2,3,0,2,0,4,1,1,0,1,1,0,0,0,3,1,10.5±2.5;19.5±1.5,,,,,,,,,,,,,,,020301,action,"Interior arrangement, decoration and repairs",0.0177,152.0,Housework,3.73,0.77,,"atus,dur,hea,hom,money,rec",heuristic;observational,low,judgement;atus2014_2016;kahneman2004
fix-a-wobbly-table,Fix a wobbly table,canonical,household,"home,order,chores",10,20,40,0,0,2,2,0,1,0,0,0,0,0,3,0,2,0,4,1,1,0,1,1,0,0,0,3,1,10.5±2.5;19.5±1.5,,,,,,,,,,,,,,,020302,action,Building and repairing furniture,0.0027,140.3,Housework,3.73,0.77,,"atus,dur,hom",heuristic;observational,low,judgement;atus2014_2016;kahneman2004
sort-out-the-cables,Sort out the cables,canonical,household,"home,order,chores",15,30,60,0,0,2,2,0,1,0,0,0,1,0,3,0,2,0,4,1,1,0,1,1,0,0,0,3,1,10.5±2.5;19.5±1.5,,,,,,,,,,,,,,,020301,action,"Interior arrangement, decoration and repairs",0.0177,152.0,Housework,3.73,0.77,,"atus,dur,hom,joy",heuristic;observational,low,judgement;atus2014_2016;kahneman2004
mop-the-balcony,Mop the balcony,canonical,household,"home,order,chores",10,20,30,0,0,2,2,0,1,0,0,0,0,0,3,0,2,0,4,1,1,0,1,1,0,0,0,3,1,10.5±2.5;19.5±1.5,,,,,,,,,,,,,,,020101,action,Interior cleaning,0.2321,87.5,Housework,3.73,0.77,,"atus,dur,hom,phys",heuristic;observational,low,judgement;atus2014_2016;kahneman2004
batch-small-tasks-together,Batch small tasks together,canonical,work,"work,progress,focus",30,45,60,5,0,2,0,4,0,3,1,0,1,0,1,2,3,2,4,2,3,2,2,3,0,1,1,3,1,10±2;14.5±2,,,,,,,,,,,,,,,0501,category,Working,0.4243,458.2,Working,3.62,0.97,,"act,car,dur,hom",heuristic;observational,low,judgement;atus2014_2016;kahneman2004
close-unnecessary-browser-tabs,Close unnecessary browser tabs,canonical,work,"work,progress,focus",2,5,10,5,0,0,0,4,0,1,1,0,1,1,0,2,3,2,4,2,3,2,2,3,0,1,1,3,1,10±2;14.5±2,,,,,,,,,,,,,,,0501,category,Working,0.4243,458.2,Working,3.62,0.97,,"act,car,dur,rec",heuristic;observational,low,judgement;atus2014_2016;kahneman2004
turn-a-vague-task-into-a-next-action,Turn a vague task into a next action,canonical,work,"work,progress,focus",2,5,10,5,0,1,0,4,0,3,1,0,1,0,0,2,3,2,4,2,3,2,2,3,0,1,1,3,1,10±2;14.5±2,,,,,,,,,,,,,,,0501,category,Working,0.4243,458.2,Working,3.62,0.97,,"act,car,dur,opt",heuristic;observational,low,judgement;atus2014_2016;kahneman2004
write-a-checklist,Write a checklist,canonical,work,"work,progress,focus",10,15,30,5,0,3,0,4,0,3,1,0,1,0,0,2,3,2,4,2,3,2,2,3,0,1,1,3,1,10±2;14.5±2,,,,,,,,,,,,,,,0501,category,Working,0.4243,458.2,Working,3.62,0.97,,"car,dur,lt",heuristic;observational,low,judgement;atus2014_2016;kahneman2004
estimate-how-long-a-task-will-take,Estimate how long a task will take,canonical,work,"work,progress,focus",5,10,15,5,0,3,0,4,0,2,1,0,1,0,0,2,3,2,4,2,3,3,2,3,0,1,1,3,1,10±2;14.5±2,,,,,,,,,,,,,,,0501,category,Working,0.4243,458.2,Working,3.62,0.97,,"car,dur,info",heuristic;observational,low,judgement;atus2014_2016;kahneman2004
ask-a-clarifying-question,Ask a clarifying question,canonical,work,"work,progress,focus",2,5,10,5,0,3,0,4,0,3,1,2,1,0,0,2,3,2,4,2,3,4,2,3,0,1,1,3,1,10±2;14.5±2,,,,,,,,,,,,,,,0501,category,Working,0.4243,458.2,Working,3.62,0.97,,"car,dur,info,soc,tail",heuristic;observational,low,judgement;atus2014_2016;kahneman2004
admit-a-mistake-at-work,Admit a mistake at work,canonical,work,"work,progress,focus",5,15,30,5,0,4,0,4,0,3,1,3,1,0,0,2,3,2,4,2,3,2,3,3,1,1,1,3,1,10±2;14.5±2,,,,,,,,,,,,,,,0501,category,Working,0.4243,458.2,Working,3.62,0.97,,"act,car,dn,dur,lt,reg,soc",heuristic;observational,low,judgement;atus2014_2016;kahneman2004
celebrate-a-small-win,Celebrate a small win,canonical,work,"work,progress,focus",5,10,30,5,0,3,0,4,0,4,1,2,3,2,0,2,3,2,4,2,3,2,2,3,0,1,1,3,1,10±2;14.5±2,,,,,,,,,,,,,,,0501,category,Working,0.4243,458.2,Working,3.62,0.97,,"dur,joy,rec,soc",heuristic;observational,low,judgement;atus2014_2016;kahneman2004
take-a-real-lunch-break,Take a real lunch break,canonical,work,"work,progress,focus",30,45,60,5,0,3,0,4,2,4,1,0,3,3,0,2,3,2,4,2,3,2,2,3,0,1,1,3,1,12.5±1,,,,,,,,,,,,,,,0501,category,Working,0.4243,458.2,Working,3.62,0.97,,"dur,hea,joy,rec,setup,typ",heuristic;observational,low,judgement;atus2014_2016;kahneman2004
work-standing-up,Work standing up,canonical,work,"work,progress,focus",20,45,90,5,0,3,0,4,2,3,1,0,1,0,0,2,3,2,4,2,3,2,2,3,0,1,1,3,1,10±2;14.5±2,,,,,,,,,,,,,,,0501,category,Working,0.4243,458.2,Working,3.62,0.97,,"car,dur,hea",heuristic;observational,low,judgement;atus2014_2016;kahneman2004
take-a-walking-meeting,Take a walking meeting,canonical,work,"work,progress,focus",20,30,45,0,0,3,1,4,2,3,1,3,1,0,0,2,3,2,4,2,3,2,2,3,0,1,1,3,1,10±2;14.5±2,,,1,,,,,,,,,,,,0501,category,Working,0.4243,458.2,Working,3.62,0.97,,"car,dur,hea,out,phys,setup,soc",heuristic;observational,low,judgement;singapore;atus2014_2016;kahneman2004
work-somewhere-new-for-the-afternoon,Work somewhere new for the afternoon,canonical,work,"work,progress,focus",120,180,240,20,0,3,0,4,0,3,1,0,2,0,0,2,3,2,4,2,3,2,2,3,0,1,3,3,1,10±2;14.5±2,,,,,,,,,,,,,,,0501,category,Working,0.4243,458.2,Working,3.62,0.97,,"car,dur,joy,nov,setup",heuristic;observational,low,judgement;atus2014_2016;kahneman2004
block-your-calendar-for-focus,Block your calendar for focus,canonical,work,"work,progress,focus",2,5,10,5,0,1,0,4,0,3,1,0,1,0,0,2,3,2,4,2,2,2,2,3,0,1,1,3,1,10±2;14.5±2,,,,,,,,,,,,,,,0501,category,Working,0.4243,458.2,Working,3.62,0.97,mark2008:related,"act,car,dur,opt",heuristic;observational;experiments,low,judgement;atus2014_2016;kahneman2004;mark2008
write-your-weekly-priorities,Write your weekly priorities,canonical,work,"work,progress,focus",10,15,30,5,0,3,0,4,0,3,1,0,1,0,0,2,3,2,4,2,3,2,2,3,0,1,1,3,1,9±1.5,,,,,,,,,,,,,,,0501,category,Working,0.4243,458.2,Working,3.62,0.97,,"car,dur,opt,typ",heuristic;observational,low,judgement;atus2014_2016;kahneman2004
respond-to-a-recruiter,Respond to a recruiter,canonical,work,"work,progress,focus",5,15,30,5,0,3,0,4,0,2,1,0,1,0,0,2,3,2,4,2,4,3,2,3,0,2,1,3,1,10±2;14.5±2,,,,,,,,,,,,,,,0501,category,Working,0.4243,458.2,Working,3.62,0.97,,"car,dur,info,opt,tail",heuristic;observational,low,judgement;atus2014_2016;kahneman2004
go-for-coffee-with-a-colleague,Go for coffee with a colleague,canonical,work,"work,progress,focus",20,30,45,10,1,3,0,4,0,2,1,3,3,0,0,2,3,2,4,2,3,2,2,3,0,2,1,3,1,10±2;14.5±2,,,,,,,,,,,,,,,0501,category,Working,0.4243,458.2,Working,3.62,0.97,,"car,dur,joy,money,setup,soc,tail",heuristic;observational,low,judgement;atus2014_2016;kahneman2004
propose-a-project-to-your-manager,Propose a project to your manager,canonical,work,"work,progress,focus",20,45,90,5,0,4,0,4,0,4,1,0,1,0,0,2,3,2,4,2,3,2,2,3,1,4,1,3,1,10±2;14.5±2,,,,,,,,,,,,,,,0501,category,Working,0.4243,458.2,Working,3.62,0.97,,"act,car,dn,dur,opt,tail",heuristic;observational,low,judgement;atus2014_2016;kahneman2004
watch-a-conference-recording,Watch a conference recording,canonical,learning,"learning,skill,understanding",20,40,60,5,0,1,0,4,0,2,3,0,2,0,0,0,4,2,4,1,3,4,1,2,0,2,2,1,2,20±3,,,,,,,,,,,,,,,0603,category,Research and homework,0.0578,173.4,,,,,"act,car,dur,lrn",heuristic;observational,low,judgement;atus2014_2016
read-a-classic-novel,Read a classic novel,canonical,learning,"learning,skill,understanding",30,60,120,5,0,3,0,4,0,2,2,0,3,2,0,0,4,2,4,1,3,4,1,2,0,2,2,1,2,20±3,,,,,,,,,,,,,,,120312,action,Reading for personal interest,0.2062,90.3,,,,,"atus,dur,joy,lrn,rec",heuristic;observational,low,judgement;atus2014_2016
learn-a-card-trick,Learn a card trick,canonical,learning,"learning,skill,understanding",15,30,60,5,0,3,0,4,0,2,2,1,3,0,0,0,4,2,4,1,3,4,1,2,0,2,2,1,2,20±3,,,,,,,,,,,,,,,0603,category,Research and homework,0.0578,173.4,,,,,"dur,joy,lrn,soc",heuristic;observational,low,judgement;atus2014_2016
read-a-biography,Read a biography,canonical,learning,"learning,skill,understanding",30,60,120,5,0,3,0,4,0,2,3,0,3,0,0,0,4,2,4,1,3,4,1,2,0,2,2,1,2,20±3,,,,,,,,,,,,,,,120312,action,Reading for personal interest,0.2062,90.3,,,,,"atus,dur,joy,lrn",heuristic;observational,low,judgement;atus2014_2016
take-a-free-online-lecture,Take a free online lecture,canonical,learning,"learning,skill,understanding",45,60,90,5,0,2,0,4,0,2,4,0,2,0,0,0,4,2,4,1,3,4,1,2,0,2,2,1,2,20±3,,,,,,,,,,,,,,,0603,category,Research and homework,0.0578,173.4,,,,,"act,dur,lrn",heuristic;observational,low,judgement;atus2014_2016
learn-about-a-topic-on-youtube,Learn about a topic on YouTube,canonical,learning,"learning,skill,understanding",10,20,45,5,0,1,0,4,0,2,2,0,3,0,0,0,4,2,4,1,3,4,1,2,0,2,2,1,2,20±3,,,,,,,,,,,,,,,120308,action,Computer use for leisure (excluding games),0.125,93.5,,,,,"act,atus,dur,joy,lrn",heuristic;observational,low,judgement;atus2014_2016
keep-a-learning-log,Keep a learning log,canonical,learning,"learning,skill,understanding",5,10,15,5,0,3,0,4,0,2,3,0,2,0,0,0,3,2,4,1,3,4,1,2,0,2,2,1,2,20±3,,,,,,,,,,,,,,,0603,category,Research and homework,0.0578,173.4,,,,,"dur,lrn,lt",heuristic;observational,low,judgement;atus2014_2016
do-a-spaced-repetition-review,Do a spaced-repetition review,canonical,learning,"learning,skill,understanding",10,20,30,5,0,3,0,4,0,2,4,0,2,0,0,0,4,2,4,1,3,4,1,2,0,2,2,1,3,20±3,,,,,,,,,,,,,,,0603,category,Research and homework,0.0578,173.4,,,,,"dur,ev,lrn,lt",heuristic;observational,low,judgement;atus2014_2016
ask-an-expert-a-question,Ask an expert a question,canonical,learning,"learning,skill,understanding",10,20,45,5,0,3,0,4,0,2,4,2,2,0,0,0,4,2,4,1,3,4,1,2,0,3,2,1,2,20±3,,,,,,,,,,,,,,,0603,category,Research and homework,0.0578,173.4,,,,,"act,dur,info,soc,tail",heuristic;observational,low,judgement;atus2014_2016
visit-a-makerspace,Visit a makerspace,canonical,learning,"learning,skill,understanding",60,120,180,30,0,3,0,4,0,2,3,2,2,0,0,0,4,2,4,1,3,4,1,2,0,2,4,1,2,20±3,,,,,,,,,,,,,,,0603,category,Research and homework,0.0578,173.4,,,,,"dur,lrn,nov,setup,soc,tail",heuristic;observational,low,judgement;atus2014_2016
do-a-five-minute-workout,Do a five-minute workout,canonical,exercise,"fitness,health,stress-reduction,exercise",5,5,10,0,0,1,3,1,2,0,0,0,2,2,0,0,4,1,4,1,2,1,2,1,1,0,1,1,3,7±1.5;18±2,17.5±2.5,1,,,,,,,,,,,,,130134,action,"Working out, unspecified",0.0452,53.2,Exercising,4.31,0.5,,"act,atus,dur,hea,phys,setup",heuristic;observational,low,judgement;atus2014_2016;kahneman2004
climb-the-stairs-at-home,Climb the stairs at home,canonical,exercise,"fitness,health,stress-reduction,exercise",10,15,20,0,0,3,3,1,3,0,0,0,2,2,0,0,4,1,4,1,2,1,2,1,1,0,1,1,3,7±1.5;18±2,17.5±2.5,1,,,,,,,,,,,,1,130134,action,"Working out, unspecified",0.0452,53.2,Exercising,4.31,0.5,,"atus,dur,hea,phys,setup,sg",heuristic;observational,low,judgement;singapore;atus2014_2016;kahneman2004
go-for-a-swim-at-the-beach,Go for a swim at the beach,canonical,exercise,"fitness,health,stress-reduction,exercise",30,45,60,40,0,3,3,1,4,0,0,0,4,2,0,0,4,1,4,1,2,1,2,1,1,0,1,1,3,7±1.5;18±2,17.5±2.5,1,1,1,,drowning,low,4,4,yes,"currents, swimming alone, storms",,,,130132,action,Participating in water sports,0.0142,104.7,Exercising,4.31,0.5,,"atus,day,dn,dur,joy,out,phys,setup",heuristic;observational,low,judgement;singapore;atus2014_2016;kahneman2004
do-a-guided-stretching-video,Do a guided stretching video,canonical,exercise,"fitness,health,stress-reduction,exercise",10,15,30,0,0,3,1,1,2,0,0,0,2,3,0,0,4,1,4,1,2,1,2,1,1,0,1,1,3,7±1.5;18±2,17.5±2.5,1,,,,,,,,,,,,,130134,action,"Working out, unspecified",0.0452,53.2,Exercising,4.31,0.5,,"atus,dur,hea,phys,rec,setup",heuristic;observational,low,judgement;atus2014_2016;kahneman2004
practise-balance-exercises,Practise balance exercises,canonical,exercise,"fitness,health,stress-reduction,exercise",5,10,15,0,0,3,1,1,3,0,0,0,2,2,0,0,3,1,4,1,2,1,2,1,1,0,1,1,3,7±1.5;18±2,17.5±2.5,1,,,,,,,,,,,,,130134,action,"Working out, unspecified",0.0452,53.2,Exercising,4.31,0.5,,"atus,dur,hea,lt,phys,setup",heuristic;observational,low,judgement;atus2014_2016;kahneman2004
do-an-outdoor-fitness-corner-workout,Do an outdoor fitness corner workout,canonical,exercise,"fitness,health,stress-reduction,exercise",15,30,45,5,0,3,3,1,3,0,0,0,2,2,0,0,4,1,4,1,2,1,2,1,1,0,1,1,3,7±1.5;18±2,17.5±2.5,1,1,,,,,,,,,,,1,130134,action,"Working out, unspecified",0.0452,53.2,Exercising,4.31,0.5,,"atus,dur,hea,out,phys,setup,sg",heuristic;observational,low,judgement;singapore;atus2014_2016;kahneman2004
take-a-cold-shower,Take a cold shower,canonical,health,"health,self-care",2,5,10,0,0,3,1,1,1,0,0,0,1,2,0,0,3,1,4,2,1,1,2,1,0,0,2,2,2,8±2;21±2,,,,,,,,,,,,,,,0103,category,Health-related self care,0.0665,71.3,,,,,"act,dur,hea,nov,rec",heuristic;observational,low,judgement;atus2014_2016
go-to-bed-when-you-are-tired,Go to bed when you are tired,canonical,health,"health,self-care",1,1,1,0,0,1,1,1,3,0,0,0,1,4,0,0,3,1,4,2,1,1,2,1,0,0,0,2,2,8±2;21±2,,,,,,,,,,,,,,,0101,action,Sleeping,0.999,528.9,,,,,"atus,dur,hea,rec",heuristic;observational,low,judgement;atus2014_2016
get-up-at-the-same-time-every-day,Get up at the same time every day,canonical,health,"health,self-care",1,1,1,0,0,2,1,1,3,0,0,0,1,2,0,0,4,1,4,2,1,1,2,1,0,0,0,2,2,8±2;21±2,,,,,,,,,,,,,,,0103,category,Health-related self care,0.0665,71.3,,,,,"act,dur,ev,hea,lt",heuristic;observational,low,judgement;atus2014_2016
keep-a-sleep-diary,Keep a sleep diary,canonical,health,"health,self-care",2,5,10,0,0,1,1,1,2,0,0,0,1,2,0,0,3,1,4,2,1,3,2,1,0,0,0,2,2,8±2;21±2,,,,,,,,,,,,,,,0103,category,Health-related self care,0.0665,71.3,,,,,"dur,hea,info",heuristic;observational,low,judgement;atus2014_2016
drink-water-when-you-wake-up,Drink water when you wake up,canonical,health,"health,self-care",1,1,2,0,0,1,1,1,2,0,0,0,1,2,0,0,3,1,4,2,1,1,2,1,0,0,0,2,2,7±1,,,,,,,,,,,,,,,0103,category,Health-related self care,0.0665,71.3,,,,,"dur,hea,typ",heuristic;observational,low,judgement;atus2014_2016
take-a-break-from-alcohol-tonight,Take a break from alcohol tonight,canonical,health,"health,self-care",1,1,1,0,0,2,1,1,3,0,0,0,1,2,0,1,3,1,4,2,1,1,2,1,0,0,0,2,2,8±2;21±2,,,,,,,,,,,,,,,0103,category,Health-related self care,0.0665,71.3,,,,,"act,dur,fin,hea",heuristic;observational,low,judgement;atus2014_2016
stretch-your-back,Stretch your back,canonical,health,"health,self-care",5,10,15,0,0,1,1,1,2,0,0,0,1,2,0,0,3,1,4,2,1,1,2,1,0,0,0,2,2,8±2;21±2,,,,,,,,,,,,,,,0103,category,Health-related self care,0.0665,71.3,,,,,"dur,hea,rec",heuristic;observational,low,judgement;atus2014_2016
rest-your-voice,Rest your voice,canonical,health,"health,self-care",60,240,1440,0,0,1,1,1,2,0,0,0,1,2,0,0,3,1,4,2,1,1,2,1,0,0,0,2,2,8±2;21±2,,,,,,,,,,,,,,,0103,category,Health-related self care,0.0665,71.3,,,,,"dur,hea,rec",heuristic;observational,low,judgement;atus2014_2016
go-to-the-a-e-for-a-serious-symptom,Go to the A&E for a serious symptom,canonical,health,"health,self-care",60,180,360,20,0,1,1,1,4,0,0,0,1,2,0,0,3,1,4,4,1,1,4,1,0,0,0,2,2,8±2;21±2,,,,,0-24,,,,,,,,,,0103,category,Health-related self care,0.0665,71.3,,,,,"decay,dur,hea,open,reg,rev,setup",heuristic;observational,low,judgement;singapore;atus2014_2016
eat-slowly,Eat slowly,canonical,food,"nutrition,energy,food",20,30,40,5,1,1,0,0,2,0,0,1,3,2,0,0,1,1,3,3,1,0,1,1,0,0,1,4,2,7.5±1;12.5±1;19±1.2,,,,,,,,,,,,,,,1101,category,Eating and drinking,0.9508,67.3,Eating,4.34,0.59,,"dur,hea,joy,rec",heuristic;observational,low,judgement;atus2014_2016;kahneman2004
have-a-proper-breakfast,Have a proper breakfast,canonical,food,"nutrition,energy,food",15,20,30,5,1,1,0,0,3,0,0,1,3,2,0,0,1,1,3,3,1,0,1,1,0,0,1,4,2,8±1,8±1.5,1,,,,,,,,,,,,,1101,category,Eating and drinking,0.9508,67.3,Eating,4.34,0.59,,"best,dur,evt,hea,joy,typ",heuristic;observational,low,judgement;atus2014_2016;kahneman2004
stop-eating-two-hours-before-bed,Stop eating two hours before bed,canonical,food,"nutrition,energy,food",1,1,1,5,1,2,0,0,2,0,0,1,3,1,0,0,1,1,3,3,1,0,1,1,0,0,1,4,2,7.5±1;12.5±1;19±1.2,,,,,,,,,,,,,,,1101,category,Eating and drinking,0.9508,67.3,Eating,4.34,0.59,,"act,dur,hea,rec",heuristic;observational,low,judgement;atus2014_2016;kahneman2004
share-a-meal-at-a-hawker-centre-with-friends,Share a meal at a hawker centre with friends,canonical,food,"nutrition,energy,food",45,60,90,15,1,1,0,0,2,0,0,4,4,2,0,0,1,1,3,3,1,0,1,1,0,0,1,4,2,7.5±1;12.5±1;19±1.2,,,,,7-22,,,,,,,,,1,1101,category,Eating and drinking,0.9508,67.3,Eating,4.34,0.59,,"dur,joy,money,open,setup,sg,soc",heuristic;observational,low,judgement;singapore;atus2014_2016;kahneman2004
have-teh-tarik-at-a-mamak,Have teh tarik at a mamak,canonical,food,"nutrition,energy,food",30,45,90,15,1,1,0,0,2,0,0,3,4,2,0,0,1,1,3,3,1,0,1,1,0,0,1,4,2,7.5±1;12.5±1;19±1.2,,,,,0-24,,,,,,,,,1,1101,category,Eating and drinking,0.9508,67.3,Eating,4.34,0.59,,"dur,joy,money,open,setup,sg,soc",heuristic;observational,low,judgement;singapore;atus2014_2016;kahneman2004
eat-durian,Eat durian,canonical,food,"nutrition,energy,food",20,30,60,20,2,1,0,0,2,0,0,3,4,2,0,0,1,1,3,3,1,0,1,1,0,0,2,4,2,7.5±1;12.5±1;19±1.2,,,,,,,,,,,,,,1,1101,category,Eating and drinking,0.9508,67.3,Eating,4.34,0.59,,"dur,joy,money,nov,setup,sg,soc",heuristic;observational,low,judgement;singapore;atus2014_2016;kahneman2004
try-a-new-hawker-stall,Try a new hawker stall,canonical,food,"nutrition,energy,food",20,30,45,10,1,1,0,0,2,0,0,1,3,2,0,0,1,1,3,3,1,3,1,1,0,0,4,4,2,7.5±1;12.5±1;19±1.2,,,,,7-22,,,,,,,,,1,1101,category,Eating and drinking,0.9508,67.3,Eating,4.34,0.59,,"dur,info,joy,money,nov,open,setup,sg",heuristic;observational,low,judgement;singapore;atus2014_2016;kahneman2004
plan-a-date,Plan a date,canonical,relationships,"connection,relationships,belonging",15,30,60,0,1,2,0,1,1,0,0,3,3,2,0,0,3,2,3,2,2,1,3,2,0,2,1,2,3,19.5±2,,,,,,,,,,,,,,,1201,category,Socializing and communicating,0.3584,102.7,Socializing,4.59,0.57,,"dur,joy,opt,setup,soc",heuristic;observational,low,judgement;atus2014_2016;kahneman2004
leave-a-kind-comment,Leave a kind comment,canonical,relationships,"connection,relationships,belonging",2,3,5,0,1,2,0,1,1,0,0,2,2,2,0,0,3,2,3,2,2,1,3,2,0,2,1,2,3,19.5±2,,,,,,,,,,,,,,,1201,category,Socializing and communicating,0.3584,102.7,Socializing,4.59,0.57,boothby2021:related,"dur,joy,setup,soc",heuristic;observational;experiments,low,judgement;atus2014_2016;kahneman2004;boothby2021
send-a-photo-to-your-family,Send a photo to your family,canonical,relationships,"connection,relationships,belonging",1,2,5,0,1,2,0,1,1,0,0,3,2,2,0,0,3,2,3,2,2,1,3,2,0,2,1,2,3,19.5±2,,,,,,,,,,,,,,,1201,category,Socializing and communicating,0.3584,102.7,Socializing,4.59,0.57,,"dur,joy,setup,soc",heuristic;observational,low,judgement;atus2014_2016;kahneman2004
remember-someones-name,Remember someone's name,canonical,relationships,"connection,relationships,belonging",1,1,2,0,1,2,0,1,1,0,0,2,3,2,0,0,2,2,3,2,2,1,3,2,0,2,1,2,3,19.5±2,,,,,,,,,,,,,,,1201,category,Socializing and communicating,0.3584,102.7,Socializing,4.59,0.57,,"dur,lt,setup,soc",heuristic;observational,low,judgement;atus2014_2016;kahneman2004
forgive-someone,Forgive someone,canonical,relationships,"connection,relationships,belonging",5,30,120,0,1,4,0,1,2,0,0,3,3,3,0,0,4,2,3,2,2,1,3,2,0,2,1,2,3,19.5±2,,,,,,,,,,,,,,,1201,category,Socializing and communicating,0.3584,102.7,Socializing,4.59,0.57,,"act,dur,hea,lt,rec,setup,soc",heuristic;observational,low,judgement;atus2014_2016;kahneman2004
have-a-difficult-conversation-with-your-partner,Have a difficult conversation with your partner,canonical,relationships,"connection,relationships,belonging",20,45,90,0,1,4,0,1,1,0,0,4,3,0,0,0,4,3,3,2,2,1,4,2,2,2,1,2,3,19.5±2,,,,,,,,,,,,,,,1201,category,Socializing and communicating,0.3584,102.7,Socializing,4.59,0.57,,"act,dn,dur,lt,rec,reg,setup,soc,unc",heuristic;observational,low,judgement;atus2014_2016;kahneman2004
say-sorry-first,Say sorry first,canonical,relationships,"connection,relationships,belonging",2,5,15,0,1,4,0,1,1,0,0,4,3,2,0,0,3,2,3,2,2,1,3,2,0,2,1,2,3,19.5±2,,,,,,,,,,,,,,,1201,category,Socializing and communicating,0.3584,102.7,Socializing,4.59,0.57,,"act,dur,reg,setup,soc,tail",heuristic;observational,low,judgement;atus2014_2016;kahneman2004
keep-in-touch-with-an-old-colleague,Keep in touch with an old colleague,canonical,relationships,"connection,relationships,belonging",5,15,30,0,1,2,0,1,1,2,0,3,3,2,0,0,3,2,3,2,3,1,3,2,0,3,1,2,3,19.5±2,,,,,,,,,,,,,,,1201,category,Socializing and communicating,0.3584,102.7,Socializing,4.59,0.57,liu2023:related,"car,dur,opt,setup,soc,tail",heuristic;observational;experiments,low,judgement;atus2014_2016;kahneman2004;liu2023
make-weekend-plans-with-friends,Make weekend plans with friends,canonical,relationships,"connection,relationships,belonging",5,10,20,0,1,2,0,1,1,0,0,3,2,2,0,0,3,2,3,2,3,1,3,2,0,2,1,2,3,19.5±2,,,,,,,,,,,,,,,1201,category,Socializing and communicating,0.3584,102.7,Socializing,4.59,0.57,,"dur,joy,opt,setup,soc",heuristic;observational,low,judgement;atus2014_2016;kahneman2004
visit-a-friend-in-another-city,Visit a friend in another city,canonical,relationships,"connection,relationships,belonging",1440,2880,4320,120,4,2,0,1,1,0,0,4,4,2,0,0,3,2,3,2,2,1,3,2,0,2,3,2,3,19.5±2,,,,,,,,,,,,,,,1201,category,Socializing and communicating,0.3584,102.7,Socializing,4.59,0.57,,"dur,joy,money,nov,setup,soc",heuristic;observational,low,judgement;atus2014_2016;kahneman2004
write-an-out-of-office-reply,Write an out-of-office reply,canonical,communication,"communication,coordination,admin",5,5,10,0,0,1,0,2,0,2,0,1,0,0,1,0,1,1,3,3,1,1,1,2,0,1,0,4,1,9.5±1.5;16±2,,,,,,,,,,,,,,,020904,category,Household and personal e-mail and messages,0.0565,32.9,Computer/e-mail/Internet,3.81,0.8,,"car,dur,hom",heuristic;observational,low,judgement;atus2014_2016;kahneman2004
reply-with-a-short-answer-now,Reply with a short answer now,canonical,communication,"communication,coordination,admin",1,2,5,0,0,1,0,2,0,2,0,1,0,0,1,0,1,1,3,2,1,1,1,2,0,1,0,4,1,9.5±1.5;16±2,,,,,,,,,,,,,,,020904,category,Household and personal e-mail and messages,0.0565,32.9,Computer/e-mail/Internet,3.81,0.8,,"car,decay,dur,soc",heuristic;observational,low,judgement;atus2014_2016;kahneman2004
turn-a-long-thread-into-a-call,Turn a long thread into a call,canonical,communication,"communication,coordination,admin",10,15,30,0,0,1,0,2,0,3,0,2,0,0,1,0,1,1,3,3,1,3,1,2,0,1,0,4,1,9.5±1.5;16±2,,,,,,,,,,,,,,,020904,category,Household and personal e-mail and messages,0.0565,32.9,Computer/e-mail/Internet,3.81,0.8,,"car,dur,info,soc",heuristic;observational,low,judgement;atus2014_2016;kahneman2004
update-your-email-signature,Update your email signature,canonical,communication,"communication,coordination,admin",5,5,10,0,0,1,0,2,0,1,0,1,0,0,1,0,1,1,3,3,1,1,1,2,0,1,0,4,1,9.5±1.5;16±2,,,,,,,,,,,,,,,020904,category,Household and personal e-mail and messages,0.0565,32.9,Computer/e-mail/Internet,3.81,0.8,,"car,dur,hom",heuristic;observational,low,judgement;atus2014_2016;kahneman2004
turn-on-grayscale-on-your-phone,Turn on grayscale on your phone,canonical,digital,"entertainment,distraction,news",1,2,3,0,0,1,0,1,1,0,1,1,2,1,0,0,0,1,4,0,0,2,0,1,1,0,1,4,1,21.5±2.5,,,,,,,,,,,,,,,120308,category,Computer use for leisure (excluding games),0.125,93.5,Computer/e-mail/Internet,3.81,0.8,,"act,dur,hea,info,rec",heuristic;observational,low,judgement;atus2014_2016;kahneman2004
set-app-time-limits,Set app time limits,canonical,digital,"entertainment,distraction,news",5,10,15,0,0,2,0,1,2,0,1,1,2,1,0,0,3,1,4,0,0,1,0,1,1,0,1,4,1,21.5±2.5,,,,,,,,,,,,,,,120308,category,Computer use for leisure (excluding games),0.125,93.5,Computer/e-mail/Internet,3.81,0.8,,"act,dur,hea,lt",heuristic;observational,low,judgement;atus2014_2016;kahneman2004
unfollow-accounts-that-make-you-feel-worse,Unfollow accounts that make you feel worse,canonical,digital,"entertainment,distraction,news",5,10,20,0,0,0,0,1,2,0,1,1,2,2,0,0,2,1,4,0,0,1,0,1,1,0,1,4,1,21.5±2.5,,,,,,,,,,,,,,,120308,category,Computer use for leisure (excluding games),0.125,93.5,Computer/e-mail/Internet,3.81,0.8,,"dur,hea,lt,rec",heuristic;observational,low,judgement;atus2014_2016;kahneman2004
download-offline-maps,Download offline maps,canonical,digital,"entertainment,distraction,news",5,10,15,0,0,0,0,1,0,0,1,1,2,1,2,0,0,1,4,0,2,1,0,1,1,0,1,4,1,21.5±2.5,,,,,,,,,,,,,,,120308,category,Computer use for leisure (excluding games),0.125,93.5,Computer/e-mail/Internet,3.81,0.8,,"dur,hom,opt",heuristic;observational,low,judgement;atus2014_2016;kahneman2004
back-up-your-laptop,Back up your laptop,canonical,digital,"entertainment,distraction,news",10,30,60,0,0,0,0,1,0,0,1,1,2,1,3,0,4,1,4,0,3,1,0,1,1,0,1,4,1,21.5±2.5,,,,,,,,,,,,,,,120308,category,Computer use for leisure (excluding games),0.125,93.5,Computer/e-mail/Internet,3.81,0.8,,"dur,hom,lt,opt",heuristic;observational,low,judgement;atus2014_2016;kahneman2004
take-three-deep-breaths,Take three deep breaths,canonical,mind,"clarity,stress-reduction,reflection",1,1,2,0,0,1,0,1,1,0,1,0,1,2,0,0,3,1,4,1,2,2,1,1,0,1,1,1,2,7.5±1.5;22±1.5,,,,,,,,,,,,,,,120301,category,"Relaxing, thinking",0.1972,90.2,,,,,"dur,hea,rec",heuristic;observational,low,judgement;atus2014_2016
go-outside-for-five-minutes,Go outside for five minutes,canonical,mind,"clarity,stress-reduction,reflection",5,5,10,0,0,1,0,1,2,0,1,0,1,3,0,0,3,1,4,1,2,2,1,1,0,1,1,1,2,7.5±1.5;22±1.5,,,1,,,,,,,,,,,,120301,category,"Relaxing, thinking",0.1972,90.2,,,,,"dur,hea,out,rec",heuristic;observational,low,judgement;singapore;atus2014_2016
write-down-your-worries,Write down your worries,canonical,mind,"clarity,stress-reduction,reflection",5,10,20,0,0,1,0,1,2,0,1,0,1,3,0,0,3,1,4,1,2,1,1,1,0,1,1,1,2,7.5±1.5;22±1.5,,,,,,,,,,,,,,,120301,category,"Relaxing, thinking",0.1972,90.2,,,,masicampo2011:related,"dur,hea,info,rec",heuristic;observational;experiments,low,judgement;atus2014_2016;masicampo2011
think-about-what-you-would-regret-not-doing,Think about what you would regret not doing,canonical,mind,"clarity,stress-reduction,reflection",5,10,20,0,0,1,0,1,2,0,1,0,1,3,0,0,3,1,4,1,2,3,1,1,0,1,1,1,2,7.5±1.5;22±1.5,,,,,,,,,,,,,,,120301,category,"Relaxing, thinking",0.1972,90.2,,,,gilovich1995:related;richardson2023:related,"dur,info,lt,opt",heuristic;observational;experiments,low,judgement;atus2014_2016;gilovich1995;richardson2023
do-a-pre-mortem,Do a pre-mortem,canonical,mind,"deliberation,risk",10,20,40,0,0,1,0,3,2,0,1,0,1,3,0,0,3,1,4,1,2,4,1,1,0,1,1,1,2,7.5±1.5;22±1.5,,,,,,,,,,,,,,,120301,category,"Relaxing, thinking",0.1972,90.2,,,,,"cog,dur,info,opt",heuristic;observational,low,judgement;atus2014_2016
list-your-options-before-deciding,List your options before deciding,canonical,mind,"deliberation,clarity",5,10,20,0,0,1,0,1,2,0,1,0,1,3,0,0,3,1,4,1,3,3,1,1,0,1,1,1,2,7.5±1.5;22±1.5,,,,,,,,,,,,,,,120301,category,"Relaxing, thinking",0.1972,90.2,,,,,"dur,info,opt",heuristic;observational,low,judgement;atus2014_2016
ask-what-would-have-to-be-true,Ask what would have to be true,canonical,mind,"deliberation,clarity",5,15,30,0,0,1,0,3,2,0,1,0,1,3,0,0,3,1,4,1,2,4,1,1,0,1,1,1,2,7.5±1.5;22±1.5,,,,,,,,,,,,,,,120301,category,"Relaxing, thinking",0.1972,90.2,,,,,"cog,dur,info",heuristic;observational,low,judgement;atus2014_2016
decide-by-a-deadline,Decide by a deadline,canonical,mind,deliberation,2,5,10,0,0,2,0,1,2,0,1,0,1,3,0,0,3,1,4,2,1,2,1,1,0,1,1,1,2,7.5±1.5;22±1.5,,,,,,,,,,,,,,,120301,category,"Relaxing, thinking",0.1972,90.2,,,,,"act,decay,dur,opt",heuristic;observational,low,judgement;atus2014_2016
pick-up-your-child-from-school,Pick up your child from school,canonical,care,"care,family,relationships",15,20,40,5,0,2,1,1,0,0,0,3,2,0,2,0,4,1,3,4,1,1,4,2,0,1,0,2,2,15±1.5,,,,,,,,,,,,,,,030112,action,Picking up or dropping off household children,0.0852,12.9,Taking care of my children,3.86,0.91,,"atus,decay,dur,hom,setup,soc,typ",heuristic;observational,low,judgement;atus2014_2016;kahneman2004
make-your-childs-lunch,Make your child's lunch,canonical,care,"care,family,relationships",10,15,20,5,0,2,1,1,0,0,0,4,2,0,3,0,4,1,3,4,1,1,4,2,0,1,0,2,2,7±0.7,,,,,,,,,,,,,,,0301,action,Caring for and helping household children,0.2032,104.7,Taking care of my children,3.86,0.91,,"atus,decay,dur,hom,typ",heuristic;observational,low,judgement;atus2014_2016;kahneman2004
teach-your-child-a-skill,Teach your child a skill,canonical,care,"care,family,relationships",20,30,60,5,0,2,1,1,0,0,1,4,3,0,2,0,4,1,3,3,1,1,4,2,0,1,0,2,2,7.5±1.5;18.5±2,,,,,,,,,,,,,,,030103,action,"Playing with household children, not sports",0.0531,106.2,Taking care of my children,3.86,0.91,,"atus,dur,joy,lrn,lt,soc",heuristic;observational,low,judgement;atus2014_2016;kahneman2004
go-to-a-parent-teacher-meeting,Go to a parent-teacher meeting,canonical,care,"care,family,relationships",30,45,60,20,0,2,1,1,0,0,0,2,2,0,2,0,4,1,3,4,1,1,4,2,0,1,0,2,2,7.5±1.5;18.5±2,,,,,,,,,,,,,,,0302,action,Activities related to household children's education,0.0373,60.2,Taking care of my children,3.86,0.91,,"atus,decay,dur,hom,setup,soc",heuristic;observational,low,judgement;atus2014_2016;kahneman2004
organise-a-playdate,Organise a playdate,canonical,care,"care,family,relationships",10,15,30,5,0,2,1,1,0,0,0,3,2,0,2,0,4,1,3,3,2,1,4,2,0,1,0,2,2,7.5±1.5;18.5±2,,,,,,,,,,,,,,,0301,action,Caring for and helping household children,0.2032,104.7,Taking care of my children,3.86,0.91,,"atus,dur,opt,soc",heuristic;observational,low,judgement;atus2014_2016;kahneman2004
call-to-check-on-a-sick-relative,Call to check on a sick relative,canonical,care,"care,family,relationships",10,15,30,5,0,2,1,1,0,0,0,4,2,0,2,0,4,1,3,3,1,1,4,2,0,1,0,2,2,7.5±1.5;18.5±2,,,,,,,,,,,,,,,160101,action,Telephone calls to or from family members,0.0645,33.5,Taking care of my children,3.86,0.91,,"atus,dur,reg,soc",heuristic;observational,low,judgement;atus2014_2016;kahneman2004
help-a-neighbour-with-shopping,Help a neighbour with shopping,canonical,care,"care,family,relationships",20,40,60,10,0,2,1,1,0,0,0,3,3,0,2,0,4,1,3,3,1,1,4,2,0,1,0,2,2,7.5±1.5;18.5±2,,,,,,,,,,,,,,,0405,action,Helping non-household adults,0.0687,48.8,Taking care of my children,3.86,0.91,,"atus,dur,joy,setup,soc",heuristic;observational,low,judgement;atus2014_2016;kahneman2004
walk-with-an-elderly-parent,Walk with an elderly parent,canonical,care,"care,family,relationships",20,30,60,10,0,2,1,1,2,0,0,4,2,0,2,0,4,1,3,3,1,1,4,2,0,1,0,2,2,7.5±1.5;18.5±2,,,1,,,,,,,,,,,,0404,action,Caring for non-household adults,0.0087,81.5,Taking care of my children,3.86,0.91,,"atus,dur,hea,out,phys,setup,soc",heuristic;observational,low,judgement;singapore;atus2014_2016;kahneman2004
attend-a-community-class,Attend a community class,canonical,civic,"community,helping,civic",60,90,120,20,1,3,1,1,0,0,3,3,2,0,0,0,3,1,3,2,2,2,2,1,0,1,3,0,1,10.5±2.5,,,,,,,,,,,,,,1,15,category,Volunteer activities,0.0608,130.3,,,,,"dur,lrn,money,nov,setup,sg,soc",heuristic;observational,low,judgement;singapore;atus2014_2016
join-a-neighbourhood-group,Join a neighbourhood group,canonical,civic,"community,helping,civic",5,15,30,20,0,3,1,1,0,0,1,2,2,0,0,0,3,1,3,2,2,2,2,1,0,1,2,0,1,10.5±2.5,,,,,,,,,,,,,,,15,category,Volunteer activities,0.0608,130.3,,,,,"dur,info,opt,soc",heuristic;observational,low,judgement;atus2014_2016
help-at-a-community-event,Help at a community event,canonical,civic,"community,helping,civic",120,180,240,20,0,3,1,1,0,0,1,3,3,0,0,0,3,1,3,2,2,2,2,1,0,1,2,0,1,10.5±2.5,,,,,,,,,,,,,,,15,action,Volunteer activities,0.0608,130.3,,,,,"atus,dur,joy,setup,soc",heuristic;observational,low,judgement;atus2014_2016
report-a-broken-streetlight-or-lift,Report a broken streetlight or lift,canonical,civic,"community,helping,civic",2,5,10,20,0,3,1,1,0,0,1,1,2,0,2,0,3,1,3,2,2,2,2,1,0,1,2,0,1,10.5±2.5,,,,,,,,,,,,,,1,15,category,Volunteer activities,0.0608,130.3,,,,,"dur,hom,sg,soc",heuristic;observational,low,judgement;singapore;atus2014_2016
attend-a-meet-the-people-session,Attend a Meet-the-People Session,canonical,civic,"community,helping,civic",45,90,180,20,0,3,1,1,0,0,1,3,2,0,2,0,3,1,3,2,2,2,2,1,0,1,2,0,1,10.5±2.5,,,,,19-23,,,,,,,,,1,15,category,Volunteer activities,0.0608,130.3,,,,,"act,dur,hom,open,setup,sg",heuristic;observational,low,judgement;singapore;atus2014_2016
buy-a-keyboard,Buy a keyboard,canonical,purchases,"shopping,purchase,possessions",15,40,120,0,3,1,0,2,0,0,0,0,2,0,1,0,1,2,2,1,1,2,1,1,1,0,2,2,1,20.5±2.5;12.5±1.5,,,,,,,,,,,,,,,0701,category,"Shopping (store, telephone, internet)",0.3981,54.1,Shopping,3.95,0.74,,"dur,money,rev",heuristic;observational,low,judgement;atus2014_2016;kahneman2004
buy-a-monitor,Buy a monitor,canonical,purchases,"shopping,purchase,possessions",15,40,120,0,3,1,0,2,0,0,0,0,2,0,1,0,1,2,2,1,1,2,1,1,1,0,2,2,1,20.5±2.5;12.5±1.5,,,,,,,,,,,,,,,0701,category,"Shopping (store, telephone, internet)",0.3981,54.1,Shopping,3.95,0.74,,"dur,money,rev",heuristic;observational,low,judgement;atus2014_2016;kahneman2004
buy-a-tablet,Buy a tablet,canonical,purchases,"shopping,purchase,possessions",15,40,120,0,4,1,0,2,0,0,0,0,2,0,1,0,1,2,2,1,1,2,1,1,1,0,2,2,1,20.5±2.5;12.5±1.5,,,,,,,,,,,,,,,0701,category,"Shopping (store, telephone, internet)",0.3981,54.1,Shopping,3.95,0.74,,"dur,money,rev",heuristic;observational,low,judgement;atus2014_2016;kahneman2004
buy-a-camera,Buy a camera,canonical,purchases,"shopping,purchase,possessions",15,40,120,0,4,1,0,2,0,0,0,0,2,0,1,0,1,2,2,1,1,2,1,1,1,0,2,2,1,20.5±2.5;12.5±1.5,,,,,,,,,,,,,,,0701,category,"Shopping (store, telephone, internet)",0.3981,54.1,Shopping,3.95,0.74,,"dur,money,rev",heuristic;observational,low,judgement;atus2014_2016;kahneman2004
buy-a-watch,Buy a watch,canonical,purchases,"shopping,purchase,possessions",15,40,120,0,3,1,0,2,0,0,0,0,2,0,1,0,1,2,2,1,1,2,1,1,1,0,2,2,1,20.5±2.5;12.5±1.5,,,,,,,,,,,,,,,0701,category,"Shopping (store, telephone, internet)",0.3981,54.1,Shopping,3.95,0.74,,"dur,money,rev",heuristic;observational,low,judgement;atus2014_2016;kahneman2004
buy-a-backpack,Buy a backpack,canonical,purchases,"shopping,purchase,possessions",5,15,30,0,2,1,0,2,0,0,0,0,2,0,1,0,1,2,3,1,1,2,1,1,1,0,2,2,1,20.5±2.5;12.5±1.5,,,,,,,,,,,,,,,0701,category,"Shopping (store, telephone, internet)",0.3981,54.1,Shopping,3.95,0.74,,"dur,money,rev",heuristic;observational,low,judgement;atus2014_2016;kahneman2004
buy-a-coffee-machine,Buy a coffee machine,canonical,purchases,"shopping,purchase,possessions",15,40,120,0,3,1,0,2,0,0,0,0,2,0,1,0,1,2,2,1,1,2,1,1,1,0,2,2,1,20.5±2.5;12.5±1.5,,,,,,,,,,,,,,,0701,category,"Shopping (store, telephone, internet)",0.3981,54.1,Shopping,3.95,0.74,,"dur,money,rev",heuristic;observational,low,judgement;atus2014_2016;kahneman2004
buy-a-mattress,Buy a mattress,canonical,purchases,"shopping,purchase,possessions",15,40,120,0,4,1,0,2,0,0,0,0,2,0,1,0,1,2,2,1,1,2,1,1,1,0,2,2,1,20.5±2.5;12.5±1.5,,,,,,,,,,,,,,,0701,category,"Shopping (store, telephone, internet)",0.3981,54.1,Shopping,3.95,0.74,,"dur,money,rev",heuristic;observational,low,judgement;atus2014_2016;kahneman2004
buy-a-vacuum-cleaner,Buy a vacuum cleaner,canonical,purchases,"shopping,purchase,possessions",15,40,120,0,3,1,0,2,0,0,0,0,2,0,1,0,1,2,2,1,1,2,1,1,1,0,2,2,1,20.5±2.5;12.5±1.5,,,,,,,,,,,,,,,0701,category,"Shopping (store, telephone, internet)",0.3981,54.1,Shopping,3.95,0.74,,"dur,money,rev",heuristic;observational,low,judgement;atus2014_2016;kahneman2004
buy-an-air-purifier,Buy an air purifier,canonical,purchases,"shopping,purchase,possessions",15,40,120,0,3,1,0,2,0,0,0,0,2,0,1,0,1,2,2,1,1,2,1,1,1,0,2,2,1,20.5±2.5;12.5±1.5,,,,,,,,,,,,,,,0701,category,"Shopping (store, telephone, internet)",0.3981,54.1,Shopping,3.95,0.74,,"dur,money,rev",heuristic;observational,low,judgement;atus2014_2016;kahneman2004
buy-a-desk-lamp,Buy a desk lamp,canonical,purchases,"shopping,purchase,possessions",5,15,30,0,2,1,0,2,0,0,0,0,2,0,1,0,1,2,3,1,1,2,1,1,1,0,2,2,1,20.5±2.5;12.5±1.5,,,,,,,,,,,,,,,0701,category,"Shopping (store, telephone, internet)",0.3981,54.1,Shopping,3.95,0.74,,"dur,money,rev",heuristic;observational,low,judgement;atus2014_2016;kahneman2004
buy-sunglasses,Buy sunglasses,canonical,purchases,"shopping,purchase,possessions",5,15,30,0,2,1,0,2,0,0,0,0,2,0,1,0,1,2,3,1,1,2,1,1,1,0,2,2,1,20.5±2.5;12.5±1.5,,,,,,,,,,,,,,,0701,category,"Shopping (store, telephone, internet)",0.3981,54.1,Shopping,3.95,0.74,,"dur,money,rev",heuristic;observational,low,judgement;atus2014_2016;kahneman2004
buy-a-water-bottle,Buy a water bottle,canonical,purchases,"shopping,purchase,possessions",5,15,30,0,1,1,0,2,0,0,0,0,2,0,1,0,1,2,3,1,1,2,1,1,1,0,2,2,1,20.5±2.5;12.5±1.5,,,,,,,,,,,,,,,0701,category,"Shopping (store, telephone, internet)",0.3981,54.1,Shopping,3.95,0.74,,"dur,money,rev",heuristic;observational,low,judgement;atus2014_2016;kahneman2004
buy-a-speaker,Buy a speaker,canonical,purchases,"shopping,purchase,possessions",15,40,120,0,3,1,0,2,0,0,0,0,2,0,1,0,1,2,2,1,1,2,1,1,1,0,2,2,1,20.5±2.5;12.5±1.5,,,,,,,,,,,,,,,0701,category,"Shopping (store, telephone, internet)",0.3981,54.1,Shopping,3.95,0.74,,"dur,money,rev",heuristic;observational,low,judgement;atus2014_2016;kahneman2004
buy-a-game,Buy a game,canonical,purchases,"shopping,purchase,possessions",5,15,30,0,2,1,0,2,0,0,0,0,2,0,1,0,1,2,3,1,1,2,1,1,1,0,2,2,1,20.5±2.5;12.5±1.5,,,,,,,,,,,,,,,0701,category,"Shopping (store, telephone, internet)",0.3981,54.1,Shopping,3.95,0.74,,"dur,money,rev",heuristic;observational,low,judgement;atus2014_2016;kahneman2004
buy-concert-tickets,Buy concert tickets,canonical,purchases,"shopping,purchase,possessions",15,40,120,0,3,1,0,2,0,0,0,0,2,0,1,0,1,2,2,1,1,2,1,1,1,0,2,2,1,20.5±2.5;12.5±1.5,,,,,,,,,,,,,,,0701,category,"Shopping (store, telephone, internet)",0.3981,54.1,Shopping,3.95,0.74,,"dur,money,rev",heuristic;observational,low,judgement;atus2014_2016;kahneman2004
buy-a-gym-membership,Buy a gym membership,canonical,purchases,"shopping,purchase,possessions",15,40,120,0,3,1,0,2,0,0,0,0,2,0,1,0,1,2,2,1,1,2,1,1,1,0,2,2,1,20.5±2.5;12.5±1.5,,,,,,,,,,,,,,,0701,category,"Shopping (store, telephone, internet)",0.3981,54.1,Shopping,3.95,0.74,,"dur,money,rev",heuristic;observational,low,judgement;atus2014_2016;kahneman2004
buy-a-course,Buy a course,canonical,purchases,"shopping,purchase,possessions",15,40,120,0,3,1,0,2,0,0,0,0,2,0,1,0,1,2,2,1,1,2,1,1,1,0,2,2,1,20.5±2.5;12.5±1.5,,,,,,,,,,,,,,,0701,category,"Shopping (store, telephone, internet)",0.3981,54.1,Shopping,3.95,0.74,,"dur,money,rev",heuristic;observational,low,judgement;atus2014_2016;kahneman2004
buy-skincare-products,Buy skincare products,canonical,purchases,"shopping,purchase,possessions",5,15,30,0,2,1,0,2,0,0,0,0,2,0,1,0,1,2,3,1,1,2,1,1,1,0,2,2,1,20.5±2.5;12.5±1.5,,,,,,,,,,,,,,,0701,category,"Shopping (store, telephone, internet)",0.3981,54.1,Shopping,3.95,0.74,,"dur,money,rev",heuristic;observational,low,judgement;atus2014_2016;kahneman2004
buy-a-gift-card,Buy a gift card,canonical,purchases,"shopping,purchase,possessions",5,15,30,0,2,1,0,2,0,0,0,0,2,0,1,0,1,2,3,1,1,2,1,1,1,0,2,2,1,20.5±2.5;12.5±1.5,,,,,,,,,,,,,,,0701,category,"Shopping (store, telephone, internet)",0.3981,54.1,Shopping,3.95,0.74,,"dur,money,rev",heuristic;observational,low,judgement;atus2014_2016;kahneman2004
buy-kitchen-knives,Buy kitchen knives,canonical,purchases,"shopping,purchase,possessions",5,15,30,0,2,1,0,2,0,0,0,0,2,0,1,0,1,2,3,1,1,2,1,1,1,0,2,2,1,20.5±2.5;12.5±1.5,,,,,,,,,,,,,,,0701,category,"Shopping (store, telephone, internet)",0.3981,54.1,Shopping,3.95,0.74,,"dur,money,rev",heuristic;observational,low,judgement;atus2014_2016;kahneman2004
buy-a-blender,Buy a blender,canonical,purchases,"shopping,purchase,possessions",5,15,30,0,2,1,0,2,0,0,0,0,2,0,1,0,1,2,3,1,1,2,1,1,1,0,2,2,1,20.5±2.5;12.5±1.5,,,,,,,,,,,,,,,0701,category,"Shopping (store, telephone, internet)",0.3981,54.1,Shopping,3.95,0.74,,"dur,money,rev",heuristic;observational,low,judgement;atus2014_2016;kahneman2004
buy-an-umbrella,Buy an umbrella,canonical,purchases,"shopping,purchase,possessions",5,15,30,0,1,1,0,2,0,0,0,0,2,0,1,0,1,2,3,1,1,2,1,1,1,0,2,2,1,20.5±2.5;12.5±1.5,,,,,,,,,,,,,,,0701,category,"Shopping (store, telephone, internet)",0.3981,54.1,Shopping,3.95,0.74,,"dur,money,rev",heuristic;observational,low,judgement;atus2014_2016;kahneman2004
buy-a-suitcase,Buy a suitcase,canonical,purchases,"shopping,purchase,possessions",15,40,120,0,3,1,0,2,0,0,0,0,2,0,1,0,1,2,2,1,1,2,1,1,1,0,2,2,1,20.5±2.5;12.5±1.5,,,,,,,,,,,,,,,0701,category,"Shopping (store, telephone, internet)",0.3981,54.1,Shopping,3.95,0.74,,"dur,money,rev",heuristic;observational,low,judgement;atus2014_2016;kahneman2004
buy-a-phone-case,Buy a phone case,canonical,purchases,"shopping,purchase,possessions",5,15,30,0,1,1,0,2,0,0,0,0,2,0,1,0,1,2,3,1,1,2,1,1,1,0,2,2,1,20.5±2.5;12.5±1.5,,,,,,,,,,,,,,,0701,category,"Shopping (store, telephone, internet)",0.3981,54.1,Shopping,3.95,0.74,,"dur,money,rev",heuristic;observational,low,judgement;atus2014_2016;kahneman2004
buy-a-chair,Buy a chair,canonical,purchases,"shopping,purchase,possessions",15,40,120,0,3,1,0,2,0,0,0,0,2,0,1,0,1,2,2,1,1,2,1,1,1,0,2,2,1,20.5±2.5;12.5±1.5,,,,,,,,,,,,,,,0701,category,"Shopping (store, telephone, internet)",0.3981,54.1,Shopping,3.95,0.74,,"dur,money,rev",heuristic;observational,low,judgement;atus2014_2016;kahneman2004
buy-a-car,Buy a car,canonical,purchases,"shopping,purchase,possessions",15,40,120,0,4,1,0,2,0,0,0,0,2,0,1,0,1,2,2,1,1,2,1,1,2,0,2,2,1,20.5±2.5;12.5±1.5,,,,,,,,,,,,,,,0701,category,"Shopping (store, telephone, internet)",0.3981,54.1,Shopping,3.95,0.74,,"dn,dur,money,rev",heuristic;observational,low,judgement;atus2014_2016;kahneman2004
buy-a-tv,Buy a TV,canonical,purchases,"shopping,purchase,possessions",15,40,120,0,4,1,0,2,0,0,0,0,2,0,1,0,1,2,2,1,1,2,1,1,1,0,2,2,1,20.5±2.5;12.5±1.5,,,,,,,,,,,,,,,0701,category,"Shopping (store, telephone, internet)",0.3981,54.1,Shopping,3.95,0.74,,"dur,money,rev",heuristic;observational,low,judgement;atus2014_2016;kahneman2004
buy-a-console,Buy a console,canonical,purchases,"shopping,purchase,possessions",15,40,120,0,4,1,0,2,0,0,0,0,2,0,1,0,1,2,2,1,1,2,1,1,1,0,2,2,1,20.5±2.5;12.5±1.5,,,,,,,,,,,,,,,0701,category,"Shopping (store, telephone, internet)",0.3981,54.1,Shopping,3.95,0.74,,"dur,money,rev",heuristic;observational,low,judgement;atus2014_2016;kahneman2004
buy-a-printer,Buy a printer,canonical,purchases,"shopping,purchase,possessions",15,40,120,0,3,1,0,2,0,0,0,0,2,0,1,0,1,2,2,1,1,2,1,1,1,0,2,2,1,20.5±2.5;12.5±1.5,,,,,,,,,,,,,,,0701,category,"Shopping (store, telephone, internet)",0.3981,54.1,Shopping,3.95,0.74,,"dur,money,rev",heuristic;observational,low,judgement;atus2014_2016;kahneman2004
buy-board-games,Buy board games,canonical,purchases,"shopping,purchase,possessions",5,15,30,0,2,1,0,2,0,0,0,0,2,0,1,0,1,2,3,1,1,2,1,1,1,0,2,2,1,20.5±2.5;12.5±1.5,,,,,,,,,,,,,,,0701,category,"Shopping (store, telephone, internet)",0.3981,54.1,Shopping,3.95,0.74,,"dur,money,rev",heuristic;observational,low,judgement;atus2014_2016;kahneman2004
buy-plants-for-the-balcony,Buy plants for the balcony,canonical,purchases,"shopping,purchase,possessions",5,15,30,0,1,1,0,2,0,0,0,0,2,0,1,0,1,2,3,1,1,2,1,1,1,0,2,2,1,20.5±2.5;12.5±1.5,,,,,,,,,,,,,,,0701,category,"Shopping (store, telephone, internet)",0.3981,54.1,Shopping,3.95,0.74,,"dur,money,rev",heuristic;observational,low,judgement;atus2014_2016;kahneman2004
buy-new-bedding,Buy new bedding,canonical,purchases,"shopping,purchase,possessions",5,15,30,0,2,1,0,2,0,0,0,0,2,0,1,0,1,2,3,1,1,2,1,1,1,0,2,2,1,20.5±2.5;12.5±1.5,,,,,,,,,,,,,,,0701,category,"Shopping (store, telephone, internet)",0.3981,54.1,Shopping,3.95,0.74,,"dur,money,rev",heuristic;observational,low,judgement;atus2014_2016;kahneman2004
buy-a-fan,Buy a fan,canonical,purchases,"shopping,purchase,possessions",5,15,30,0,2,1,0,2,0,0,0,0,2,0,1,0,1,2,3,1,1,2,1,1,1,0,2,2,1,20.5±2.5;12.5±1.5,,,,,,,,,,,,,,,0701,category,"Shopping (store, telephone, internet)",0.3981,54.1,Shopping,3.95,0.74,,"dur,money,rev",heuristic;observational,low,judgement;atus2014_2016;kahneman2004
buy-a-rice-cooker,Buy a rice cooker,canonical,purchases,"shopping,purchase,possessions",5,15,30,0,2,1,0,2,0,0,0,0,2,0,1,0,1,2,3,1,1,2,1,1,1,0,2,2,1,20.5±2.5;12.5±1.5,,,,,,,,,,,,,,,0701,category,"Shopping (store, telephone, internet)",0.3981,54.1,Shopping,3.95,0.74,,"dur,money,rev",heuristic;observational,low,judgement;atus2014_2016;kahneman2004
buy-a-bicycle-helmet,Buy a bicycle helmet,canonical,purchases,"shopping,purchase,possessions",5,15,30,0,2,1,0,2,0,0,0,0,2,0,1,0,1,2,3,1,1,2,1,1,1,0,2,2,1,20.5±2.5;12.5±1.5,,,,,,,,,,,,,,,0701,category,"Shopping (store, telephone, internet)",0.3981,54.1,Shopping,3.95,0.74,,"dur,money,rev",heuristic;observational,low,judgement;atus2014_2016;kahneman2004
buy-a-yoga-mat,Buy a yoga mat,canonical,purchases,"shopping,purchase,possessions",5,15,30,0,1,1,0,2,0,0,0,0,2,0,1,0,1,2,3,1,1,2,1,1,1,0,2,2,1,20.5±2.5;12.5±1.5,,,,,,,,,,,,,,,0701,category,"Shopping (store, telephone, internet)",0.3981,54.1,Shopping,3.95,0.74,,"dur,money,rev",heuristic;observational,low,judgement;atus2014_2016;kahneman2004
buy-dumbbells,Buy dumbbells,canonical,purchases,"shopping,purchase,possessions",5,15,30,0,2,1,0,2,0,0,0,0,2,0,1,0,1,2,3,1,1,2,1,1,1,0,2,2,1,20.5±2.5;12.5±1.5,,,,,,,,,,,,,,,0701,category,"Shopping (store, telephone, internet)",0.3981,54.1,Shopping,3.95,0.74,,"dur,money,rev",heuristic;observational,low,judgement;atus2014_2016;kahneman2004
buy-a-fitness-tracker,Buy a fitness tracker,canonical,purchases,"shopping,purchase,possessions",15,40,120,0,3,1,0,2,0,0,0,0,2,0,1,0,1,2,2,1,1,2,1,1,1,0,2,2,1,20.5±2.5;12.5±1.5,,,,,,,,,,,,,,,0701,category,"Shopping (store, telephone, internet)",0.3981,54.1,Shopping,3.95,0.74,,"dur,money,rev",heuristic;observational,low,judgement;atus2014_2016;kahneman2004
buy-a-smartwatch,Buy a smartwatch,canonical,purchases,"shopping,purchase,possessions",15,40,120,0,3,1,0,2,0,0,0,0,2,0,1,0,1,2,2,1,1,2,1,1,1,0,2,2,1,20.5±2.5;12.5±1.5,,,,,,,,,,,,,,,0701,category,"Shopping (store, telephone, internet)",0.3981,54.1,Shopping,3.95,0.74,,"dur,money,rev",heuristic;observational,low,judgement;atus2014_2016;kahneman2004
buy-a-drone,Buy a drone,canonical,purchases,"shopping,purchase,possessions",15,40,120,0,4,1,0,2,0,0,0,0,2,0,1,0,1,2,2,1,1,2,1,1,1,0,2,2,1,20.5±2.5;12.5±1.5,,,,,,,,,,,,,,,0701,category,"Shopping (store, telephone, internet)",0.3981,54.1,Shopping,3.95,0.74,,"dur,money,rev",heuristic;observational,low,judgement;atus2014_2016;kahneman2004
buy-a-guitar,Buy a guitar,canonical,purchases,"shopping,purchase,possessions",15,40,120,0,3,1,0,2,0,0,0,0,2,0,1,0,1,2,2,1,1,2,1,1,1,0,2,2,1,20.5±2.5;12.5±1.5,,,,,,,,,,,,,,,0701,category,"Shopping (store, telephone, internet)",0.3981,54.1,Shopping,3.95,0.74,,"dur,money,rev",heuristic;observational,low,judgement;atus2014_2016;kahneman2004
buy-a-digital-piano,Buy a digital piano,canonical,purchases,"shopping,purchase,possessions",15,40,120,0,4,1,0,2,0,0,0,0,2,0,1,0,1,2,2,1,1,2,1,1,1,0,2,2,1,20.5±2.5;12.5±1.5,,,,,,,,,,,,,,,0701,category,"Shopping (store, telephone, internet)",0.3981,54.1,Shopping,3.95,0.74,,"dur,money,rev",heuristic;observational,low,judgement;atus2014_2016;kahneman2004
buy-art-supplies,Buy art supplies,canonical,purchases,"shopping,purchase,possessions",5,15,30,0,2,1,0,2,0,0,0,0,2,0,1,0,1,2,3,1,1,2,1,1,1,0,2,2,1,20.5±2.5;12.5±1.5,,,,,,,,,,,,,,,0701,category,"Shopping (store, telephone, internet)",0.3981,54.1,Shopping,3.95,0.74,,"dur,money,rev",heuristic;observational,low,judgement;atus2014_2016;kahneman2004
buy-a-board-game,Buy a board game,canonical,purchases,"shopping,purchase,possessions",5,15,30,0,2,1,0,2,0,0,0,0,2,0,1,0,1,2,3,1,1,2,1,1,1,0,2,2,1,20.5±2.5;12.5±1.5,,,,,,,,,,,,,,,0701,category,"Shopping (store, telephone, internet)",0.3981,54.1,Shopping,3.95,0.74,,"dur,money,rev",heuristic;observational,low,judgement;atus2014_2016;kahneman2004
buy-a-jigsaw-puzzle,Buy a jigsaw puzzle,canonical,purchases,"shopping,purchase,possessions",5,15,30,0,1,1,0,2,0,0,0,0,2,0,1,0,1,2,3,1,1,2,1,1,1,0,2,2,1,20.5±2.5;12.5±1.5,,,,,,,,,,,,,,,0701,category,"Shopping (store, telephone, internet)",0.3981,54.1,Shopping,3.95,0.74,,"dur,money,rev",heuristic;observational,low,judgement;atus2014_2016;kahneman2004
buy-a-notebook,Buy a notebook,canonical,purchases,"shopping,purchase,possessions",5,15,30,0,1,1,0,2,0,0,0,0,2,0,1,0,1,2,3,1,1,2,1,1,1,0,2,2,1,20.5±2.5;12.5±1.5,,,,,,,,,,,,,,,0701,category,"Shopping (store, telephone, internet)",0.3981,54.1,Shopping,3.95,0.74,,"dur,money,rev",heuristic;observational,low,judgement;atus2014_2016;kahneman2004
buy-a-fountain-pen,Buy a fountain pen,canonical,purchases,"shopping,purchase,possessions",5,15,30,0,2,1,0,2,0,0,0,0,2,0,1,0,1,2,3,1,1,2,1,1,1,0,2,2,1,20.5±2.5;12.5±1.5,,,,,,,,,,,,,,,0701,category,"Shopping (store, telephone, internet)",0.3981,54.1,Shopping,3.95,0.74,,"dur,money,rev",heuristic;observational,low,judgement;atus2014_2016;kahneman2004
buy-a-desk,Buy a desk,canonical,purchases,"shopping,purchase,possessions",15,40,120,0,3,1,0,2,0,0,0,0,2,0,1,0,1,2,2,1,1,2,1,1,1,0,2,2,1,20.5±2.5;12.5±1.5,,,,,,,,,,,,,,,0701,category,"Shopping (store, telephone, internet)",0.3981,54.1,Shopping,3.95,0.74,,"dur,money,rev",heuristic;observational,low,judgement;atus2014_2016;kahneman2004
buy-a-bookshelf,Buy a bookshelf,canonical,purchases,"shopping,purchase,possessions",15,40,120,0,3,1,0,2,0,0,0,0,2,0,1,0,1,2,2,1,1,2,1,1,1,0,2,2,1,20.5±2.5;12.5±1.5,,,,,,,,,,,,,,,0701,category,"Shopping (store, telephone, internet)",0.3981,54.1,Shopping,3.95,0.74,,"dur,money,rev",heuristic;observational,low,judgement;atus2014_2016;kahneman2004
buy-a-lamp,Buy a lamp,canonical,purchases,"shopping,purchase,possessions",5,15,30,0,2,1,0,2,0,0,0,0,2,0,1,0,1,2,3,1,1,2,1,1,1,0,2,2,1,20.5±2.5;12.5±1.5,,,,,,,,,,,,,,,0701,category,"Shopping (store, telephone, internet)",0.3981,54.1,Shopping,3.95,0.74,,"dur,money,rev",heuristic;observational,low,judgement;atus2014_2016;kahneman2004
buy-curtains,Buy curtains,canonical,purchases,"shopping,purchase,possessions",5,15,30,0,2,1,0,2,0,0,0,0,2,0,1,0,1,2,3,1,1,2,1,1,1,0,2,2,1,20.5±2.5;12.5±1.5,,,,,,,,,,,,,,,0701,category,"Shopping (store, telephone, internet)",0.3981,54.1,Shopping,3.95,0.74,,"dur,money,rev",heuristic;observational,low,judgement;atus2014_2016;kahneman2004
buy-a-rug,Buy a rug,canonical,purchases,"shopping,purchase,possessions",15,40,120,0,3,1,0,2,0,0,0,0,2,0,1,0,1,2,2,1,1,2,1,1,1,0,2,2,1,20.5±2.5;12.5±1.5,,,,,,,,,,,,,,,0701,category,"Shopping (store, telephone, internet)",0.3981,54.1,Shopping,3.95,0.74,,"dur,money,rev",heuristic;observational,low,judgement;atus2014_2016;kahneman2004
buy-bed-sheets,Buy bed sheets,canonical,purchases,"shopping,purchase,possessions",5,15,30,0,2,1,0,2,0,0,0,0,2,0,1,0,1,2,3,1,1,2,1,1,1,0,2,2,1,20.5±2.5;12.5±1.5,,,,,,,,,,,,,,,0701,category,"Shopping (store, telephone, internet)",0.3981,54.1,Shopping,3.95,0.74,,"dur,money,rev",heuristic;observational,low,judgement;atus2014_2016;kahneman2004
buy-towels,Buy towels,canonical,purchases,"shopping,purchase,possessions",5,15,30,0,1,1,0,2,0,0,0,0,2,0,1,0,1,2,3,1,1,2,1,1,1,0,2,2,1,20.5±2.5;12.5±1.5,,,,,,,,,,,,,,,0701,category,"Shopping (store, telephone, internet)",0.3981,54.1,Shopping,3.95,0.74,,"dur,money,rev",heuristic;observational,low,judgement;atus2014_2016;kahneman2004
buy-a-kettle,Buy a kettle,canonical,purchases,"shopping,purchase,possessions",5,15,30,0,1,1,0,2,0,0,0,0,2,0,1,0,1,2,3,1,1,2,1,1,1,0,2,2,1,20.5±2.5;12.5±1.5,,,,,,,,,,,,,,,0701,category,"Shopping (store, telephone, internet)",0.3981,54.1,Shopping,3.95,0.74,,"dur,money,rev",heuristic;observational,low,judgement;atus2014_2016;kahneman2004
buy-a-pot-or-pan,Buy a pot or pan,canonical,purchases,"shopping,purchase,possessions",5,15,30,0,2,1,0,2,0,0,0,0,2,0,1,0,1,2,3,1,1,2,1,1,1,0,2,2,1,20.5±2.5;12.5±1.5,,,,,,,,,,,,,,,0701,category,"Shopping (store, telephone, internet)",0.3981,54.1,Shopping,3.95,0.74,,"dur,money,rev",heuristic;observational,low,judgement;atus2014_2016;kahneman2004
buy-a-knife-set,Buy a knife set,canonical,purchases,"shopping,purchase,possessions",5,15,30,0,2,1,0,2,0,0,0,0,2,0,1,0,1,2,3,1,1,2,1,1,1,0,2,2,1,20.5±2.5;12.5±1.5,,,,,,,,,,,,,,,0701,category,"Shopping (store, telephone, internet)",0.3981,54.1,Shopping,3.95,0.74,,"dur,money,rev",heuristic;observational,low,judgement;atus2014_2016;kahneman2004
buy-food-containers,Buy food containers,canonical,purchases,"shopping,purchase,possessions",5,15,30,0,1,1,0,2,0,0,0,0,2,0,1,0,1,2,3,1,1,2,1,1,1,0,2,2,1,20.5±2.5;12.5±1.5,,,,,,,,,,,,,,,0701,category,"Shopping (store, telephone, internet)",0.3981,54.1,Shopping,3.95,0.74,,"dur,money,rev",heuristic;observational,low,judgement;atus2014_2016;kahneman2004
buy-a-water-filter,Buy a water filter,canonical,purchases,"shopping,purchase,possessions",5,15,30,0,2,1,0,2,0,0,0,0,2,0,1,0,1,2,3,1,1,2,1,1,1,0,2,2,1,20.5±2.5;12.5±1.5,,,,,,,,,,,,,,,0701,category,"Shopping (store, telephone, internet)",0.3981,54.1,Shopping,3.95,0.74,,"dur,money,rev",heuristic;observational,low,judgement;atus2014_2016;kahneman2004
buy-a-dehumidifier,Buy a dehumidifier,canonical,purchases,"shopping,purchase,possessions",15,40,120,0,3,1,0,2,0,0,0,0,2,0,1,0,1,2,2,1,1,2,1,1,1,0,2,2,1,20.5±2.5;12.5±1.5,,,,,,,,,,,,,,,0701,category,"Shopping (store, telephone, internet)",0.3981,54.1,Shopping,3.95,0.74,,"dur,money,rev",heuristic;observational,low,judgement;atus2014_2016;kahneman2004
buy-a-portable-charger,Buy a portable charger,canonical,purchases,"shopping,purchase,possessions",5,15,30,0,1,1,0,2,0,0,0,0,2,0,1,0,1,2,3,1,1,2,1,1,1,0,2,2,1,20.5±2.5;12.5±1.5,,,,,,,,,,,,,,,0701,category,"Shopping (store, telephone, internet)",0.3981,54.1,Shopping,3.95,0.74,,"dur,money,rev",heuristic;observational,low,judgement;atus2014_2016;kahneman2004
buy-a-phone,Buy a phone,canonical,purchases,"shopping,purchase,possessions",15,40,120,0,4,1,0,2,0,0,0,0,2,0,1,0,1,2,2,1,1,2,1,1,1,0,2,2,1,20.5±2.5;12.5±1.5,,,,,,,,,,,,,,,0701,category,"Shopping (store, telephone, internet)",0.3981,54.1,Shopping,3.95,0.74,,"dur,money,rev",heuristic;observational,low,judgement;atus2014_2016;kahneman2004
buy-earbuds,Buy earbuds,canonical,purchases,"shopping,purchase,possessions",15,40,120,0,3,1,0,2,0,0,0,0,2,0,1,0,1,2,2,1,1,2,1,1,1,0,2,2,1,20.5±2.5;12.5±1.5,,,,,,,,,,,,,,,0701,category,"Shopping (store, telephone, internet)",0.3981,54.1,Shopping,3.95,0.74,,"dur,money,rev",heuristic;observational,low,judgement;atus2014_2016;kahneman2004
buy-a-webcam,Buy a webcam,canonical,purchases,"shopping,purchase,possessions",5,15,30,0,2,1,0,2,0,0,0,0,2,0,1,0,1,2,3,1,1,2,1,1,1,0,2,2,1,20.5±2.5;12.5±1.5,,,,,,,,,,,,,,,0701,category,"Shopping (store, telephone, internet)",0.3981,54.1,Shopping,3.95,0.74,,"dur,money,rev",heuristic;observational,low,judgement;atus2014_2016;kahneman2004
buy-a-microphone,Buy a microphone,canonical,purchases,"shopping,purchase,possessions",5,15,30,0,2,1,0,2,0,0,0,0,2,0,1,0,1,2,3,1,1,2,1,1,1,0,2,2,1,20.5±2.5;12.5±1.5,,,,,,,,,,,,,,,0701,category,"Shopping (store, telephone, internet)",0.3981,54.1,Shopping,3.95,0.74,,"dur,money,rev",heuristic;observational,low,judgement;atus2014_2016;kahneman2004
buy-a-second-monitor,Buy a second monitor,canonical,purchases,"shopping,purchase,possessions",15,40,120,0,3,1,0,2,0,0,0,0,2,0,1,0,1,2,2,1,1,2,1,1,1,0,2,2,1,20.5±2.5;12.5±1.5,,,,,,,,,,,,,,,0701,category,"Shopping (store, telephone, internet)",0.3981,54.1,Shopping,3.95,0.74,,"dur,money,rev",heuristic;observational,low,judgement;atus2014_2016;kahneman2004
buy-an-external-hard-drive,Buy an external hard drive,canonical,purchases,"shopping,purchase,possessions",5,15,30,0,2,1,0,2,0,0,0,0,2,0,1,0,1,2,3,1,1,2,1,1,1,0,2,2,1,20.5±2.5;12.5±1.5,,,,,,,,,,,,,,,0701,category,"Shopping (store, telephone, internet)",0.3981,54.1,Shopping,3.95,0.74,,"dur,money,rev",heuristic;observational,low,judgement;atus2014_2016;kahneman2004
buy-a-router,Buy a router,canonical,purchases,"shopping,purchase,possessions",5,15,30,0,2,1,0,2,0,0,0,0,2,0,1,0,1,2,3,1,1,2,1,1,1,0,2,2,1,20.5±2.5;12.5±1.5,,,,,,,,,,,,,,,0701,category,"Shopping (store, telephone, internet)",0.3981,54.1,Shopping,3.95,0.74,,"dur,money,rev",heuristic;observational,low,judgement;atus2014_2016;kahneman2004
buy-software,Buy software,canonical,purchases,"shopping,purchase,possessions",5,15,30,0,2,1,0,2,0,0,0,0,2,0,1,0,1,2,3,1,1,2,1,1,1,0,2,2,1,20.5±2.5;12.5±1.5,,,,,,,,,,,,,,,0701,category,"Shopping (store, telephone, internet)",0.3981,54.1,Shopping,3.95,0.74,,"dur,money,rev",heuristic;observational,low,judgement;atus2014_2016;kahneman2004
buy-a-video-game,Buy a video game,canonical,purchases,"shopping,purchase,possessions",5,15,30,0,2,1,0,2,0,0,0,0,2,0,1,0,1,2,3,1,1,2,1,1,1,0,2,2,1,20.5±2.5;12.5±1.5,,,,,,,,,,,,,,,0701,category,"Shopping (store, telephone, internet)",0.3981,54.1,Shopping,3.95,0.74,,"dur,money,rev",heuristic;observational,low,judgement;atus2014_2016;kahneman2004
buy-a-new-outfit,Buy a new outfit,canonical,purchases,"shopping,purchase,possessions",5,15,30,0,2,1,0,2,0,0,0,0,2,0,1,0,1,2,3,1,1,2,1,1,1,0,2,2,1,20.5±2.5;12.5±1.5,,,,,,,,,,,,,,,0701,category,"Shopping (store, telephone, internet)",0.3981,54.1,Shopping,3.95,0.74,,"dur,money,rev",heuristic;observational,low,judgement;atus2014_2016;kahneman2004
buy-work-shoes,Buy work shoes,canonical,purchases,"shopping,purchase,possessions",15,40,120,0,3,1,0,2,0,0,0,0,2,0,1,0,1,2,2,1,1,2,1,1,1,0,2,2,1,20.5±2.5;12.5±1.5,,,,,,,,,,,,,,,0701,category,"Shopping (store, telephone, internet)",0.3981,54.1,Shopping,3.95,0.74,,"dur,money,rev",heuristic;observational,low,judgement;atus2014_2016;kahneman2004
buy-sandals,Buy sandals,canonical,purchases,"shopping,purchase,possessions",5,15,30,0,1,1,0,2,0,0,0,0,2,0,1,0,1,2,3,1,1,2,1,1,1,0,2,2,1,20.5±2.5;12.5±1.5,,,,,,,,,,,,,,,0701,category,"Shopping (store, telephone, internet)",0.3981,54.1,Shopping,3.95,0.74,,"dur,money,rev",heuristic;observational,low,judgement;atus2014_2016;kahneman2004
buy-a-winter-jacket-for-travel,Buy a winter jacket for travel,canonical,purchases,"shopping,purchase,possessions",15,40,120,0,3,1,0,2,0,0,0,0,2,0,1,0,1,2,2,1,1,2,1,1,1,0,2,2,1,20.5±2.5;12.5±1.5,,,,,,,,,,,,,,,0701,category,"Shopping (store, telephone, internet)",0.3981,54.1,Shopping,3.95,0.74,,"dur,money,rev",heuristic;observational,low,judgement;atus2014_2016;kahneman2004
buy-swimwear,Buy swimwear,canonical,purchases,"shopping,purchase,possessions",5,15,30,0,2,1,0,2,0,0,0,0,2,0,1,0,1,2,3,1,1,2,1,1,1,0,2,2,1,20.5±2.5;12.5±1.5,,,,,,,,,,,,,,,0701,category,"Shopping (store, telephone, internet)",0.3981,54.1,Shopping,3.95,0.74,,"dur,money,rev",heuristic;observational,low,judgement;atus2014_2016;kahneman2004
buy-sportswear,Buy sportswear,canonical,purchases,"shopping,purchase,possessions",5,15,30,0,2,1,0,2,0,0,0,0,2,0,1,0,1,2,3,1,1,2,1,1,1,0,2,2,1,20.5±2.5;12.5±1.5,,,,,,,,,,,,,,,0701,category,"Shopping (store, telephone, internet)",0.3981,54.1,Shopping,3.95,0.74,,"dur,money,rev",heuristic;observational,low,judgement;atus2014_2016;kahneman2004
buy-a-gift-for-your-parents,Buy a gift for your parents,canonical,purchases,"shopping,purchase,possessions",5,15,30,0,2,1,0,2,0,0,0,0,2,0,1,0,1,2,3,1,1,2,1,1,1,0,2,2,1,20.5±2.5;12.5±1.5,,,,,,,,,,,,,,,0701,category,"Shopping (store, telephone, internet)",0.3981,54.1,Shopping,3.95,0.74,,"dur,money,rev",heuristic;observational,low,judgement;atus2014_2016;kahneman2004
buy-a-birthday-present,Buy a birthday present,canonical,purchases,"shopping,purchase,possessions",5,15,30,0,2,1,0,2,0,0,0,0,2,0,1,0,1,2,3,1,1,2,1,1,1,0,2,2,1,20.5±2.5;12.5±1.5,,,,,,,,,,,,,,,0701,category,"Shopping (store, telephone, internet)",0.3981,54.1,Shopping,3.95,0.74,,"dur,money,rev",heuristic;observational,low,judgement;atus2014_2016;kahneman2004
buy-a-plant-stand,Buy a plant stand,canonical,purchases,"shopping,purchase,possessions",5,15,30,0,1,1,0,2,0,0,0,0,2,0,1,0,1,2,3,1,1,2,1,1,1,0,2,2,1,20.5±2.5;12.5±1.5,,,,,,,,,,,,,,,0701,category,"Shopping (store, telephone, internet)",0.3981,54.1,Shopping,3.95,0.74,,"dur,money,rev",heuristic;observational,low,judgement;atus2014_2016;kahneman2004
buy-pet-supplies,Buy pet supplies,canonical,purchases,"shopping,purchase,possessions",5,15,30,0,2,1,0,2,0,0,0,0,2,0,1,0,1,2,3,1,1,2,1,1,1,0,2,2,1,20.5±2.5;12.5±1.5,,,,,,,,,,,,,,,0701,category,"Shopping (store, telephone, internet)",0.3981,54.1,Shopping,3.95,0.74,,"dur,money,rev",heuristic;observational,low,judgement;atus2014_2016;kahneman2004
buy-a-pet-bed,Buy a pet bed,canonical,purchases,"shopping,purchase,possessions",5,15,30,0,2,1,0,2,0,0,0,0,2,0,1,0,1,2,3,1,1,2,1,1,1,0,2,2,1,20.5±2.5;12.5±1.5,,,,,,,,,,,,,,,0701,category,"Shopping (store, telephone, internet)",0.3981,54.1,Shopping,3.95,0.74,,"dur,money,rev",heuristic;observational,low,judgement;atus2014_2016;kahneman2004
buy-a-stroller,Buy a stroller,canonical,purchases,"shopping,purchase,possessions",15,40,120,0,4,1,0,2,0,0,0,0,2,0,1,0,1,2,2,1,1,2,1,1,1,0,2,2,1,20.5±2.5;12.5±1.5,,,,,,,,,,,,,,,0701,category,"Shopping (store, telephone, internet)",0.3981,54.1,Shopping,3.95,0.74,,"dur,money,rev",heuristic;observational,low,judgement;atus2014_2016;kahneman2004
buy-school-supplies,Buy school supplies,canonical,purchases,"shopping,purchase,possessions",5,15,30,0,1,1,0,2,0,0,0,0,2,0,1,0,1,2,3,1,1,2,1,1,1,0,2,2,1,20.5±2.5;12.5±1.5,,,,,,,,,,,,,,,0701,category,"Shopping (store, telephone, internet)",0.3981,54.1,Shopping,3.95,0.74,,"dur,money,rev",heuristic;observational,low,judgement;atus2014_2016;kahneman2004
buy-a-car-seat,Buy a car seat,canonical,purchases,"shopping,purchase,possessions",15,40,120,0,3,1,0,2,0,0,0,0,2,0,1,0,1,2,2,1,1,2,1,1,1,0,2,2,1,20.5±2.5;12.5±1.5,,,,,,,,,,,,,,,0701,category,"Shopping (store, telephone, internet)",0.3981,54.1,Shopping,3.95,0.74,,"dur,money,rev",heuristic;observational,low,judgement;atus2014_2016;kahneman2004
buy-a-travel-pillow,Buy a travel pillow,canonical,purchases,"shopping,purchase,possessions",5,15,30,0,1,1,0,2,0,0,0,0,2,0,1,0,1,2,3,1,1,2,1,1,1,0,2,2,1,20.5±2.5;12.5±1.5,,,,,,,,,,,,,,,0701,category,"Shopping (store, telephone, internet)",0.3981,54.1,Shopping,3.95,0.74,,"dur,money,rev",heuristic;observational,low,judgement;atus2014_2016;kahneman2004
buy-luggage-tags,Buy luggage tags,canonical,purchases,"shopping,purchase,possessions",5,15,30,0,1,1,0,2,0,0,0,0,2,0,1,0,1,2,3,1,1,2,1,1,1,0,2,2,1,20.5±2.5;12.5±1.5,,,,,,,,,,,,,,,0701,category,"Shopping (store, telephone, internet)",0.3981,54.1,Shopping,3.95,0.74,,"dur,money,rev",heuristic;observational,low,judgement;atus2014_2016;kahneman2004
buy-sunblock-and-insect-repellent,Buy sunblock and insect repellent,canonical,purchases,"shopping,purchase,possessions",5,15,30,0,1,1,0,2,0,0,0,0,2,0,1,0,1,2,3,1,1,2,1,1,1,0,2,2,1,20.5±2.5;12.5±1.5,,,,,,,,,,,,,,,0701,category,"Shopping (store, telephone, internet)",0.3981,54.1,Shopping,3.95,0.74,,"dur,money,rev",heuristic;observational,low,judgement;atus2014_2016;kahneman2004
buy-an-umbrella-for-the-rainy-season,Buy an umbrella for the rainy season,canonical,purchases,"shopping,purchase,possessions",5,15,30,0,1,1,0,2,0,0,0,0,2,0,1,0,1,2,3,1,1,2,1,1,1,0,2,2,1,20.5±2.5;12.5±1.5,,,,,,,,,,,,,,,0701,category,"Shopping (store, telephone, internet)",0.3981,54.1,Shopping,3.95,0.74,,"dur,money,rev",heuristic;observational,low,judgement;atus2014_2016;kahneman2004
buy-a-first-aid-kit,Buy a first aid kit,canonical,purchases,"shopping,purchase,possessions",5,15,30,0,1,1,0,2,0,0,0,0,2,0,1,0,1,2,3,1,1,2,1,1,1,0,2,2,1,20.5±2.5;12.5±1.5,,,,,,,,,,,,,,,0701,category,"Shopping (store, telephone, internet)",0.3981,54.1,Shopping,3.95,0.74,,"dur,money,rev",heuristic;observational,low,judgement;atus2014_2016;kahneman2004
buy-a-fire-extinguisher,Buy a fire extinguisher,canonical,purchases,"shopping,purchase,possessions",5,15,30,0,2,1,0,2,0,0,0,0,2,0,1,0,1,2,3,1,1,2,1,1,1,0,2,2,1,20.5±2.5;12.5±1.5,,,,,,,,,,,,,,,0701,category,"Shopping (store, telephone, internet)",0.3981,54.1,Shopping,3.95,0.74,,"dur,money,rev",heuristic;observational,low,judgement;atus2014_2016;kahneman2004
buy-a-smoke-detector,Buy a smoke detector,canonical,purchases,"shopping,purchase,possessions",5,15,30,0,1,1,0,2,0,0,0,0,2,0,1,0,1,2,3,1,1,2,1,1,1,0,2,2,1,20.5±2.5;12.5±1.5,,,,,,,,,,,,,,,0701,category,"Shopping (store, telephone, internet)",0.3981,54.1,Shopping,3.95,0.74,,"dur,money,rev",heuristic;observational,low,judgement;atus2014_2016;kahneman2004
buy-a-door-lock,Buy a door lock,canonical,purchases,"shopping,purchase,possessions",5,15,30,0,2,1,0,2,0,0,0,0,2,0,1,0,1,2,3,1,1,2,1,1,1,0,2,2,1,20.5±2.5;12.5±1.5,,,,,,,,,,,,,,,0701,category,"Shopping (store, telephone, internet)",0.3981,54.1,Shopping,3.95,0.74,,"dur,money,rev",heuristic;observational,low,judgement;atus2014_2016;kahneman2004
buy-a-cctv-camera,Buy a CCTV camera,canonical,purchases,"shopping,purchase,possessions",5,15,30,0,2,1,0,2,0,0,0,0,2,0,1,0,1,2,3,1,1,2,1,1,1,0,2,2,1,20.5±2.5;12.5±1.5,,,,,,,,,,,,,,,0701,category,"Shopping (store, telephone, internet)",0.3981,54.1,Shopping,3.95,0.74,,"dur,money,rev",heuristic;observational,low,judgement;atus2014_2016;kahneman2004
buy-a-coffee-grinder,Buy a coffee grinder,canonical,purchases,"shopping,purchase,possessions",5,15,30,0,2,1,0,2,0,0,0,0,2,0,1,0,1,2,3,1,1,2,1,1,1,0,2,2,1,20.5±2.5;12.5±1.5,,,,,,,,,,,,,,,0701,category,"Shopping (store, telephone, internet)",0.3981,54.1,Shopping,3.95,0.74,,"dur,money,rev",heuristic;observational,low,judgement;atus2014_2016;kahneman2004
buy-tea,Buy tea,canonical,purchases,"shopping,purchase,possessions",5,15,30,0,1,1,0,2,0,0,0,0,2,0,1,0,1,2,3,1,1,2,1,1,1,0,2,2,1,20.5±2.5;12.5±1.5,,,,,,,,,,,,,,,0701,category,"Shopping (store, telephone, internet)",0.3981,54.1,Shopping,3.95,0.74,,"dur,money,rev",heuristic;observational,low,judgement;atus2014_2016;kahneman2004
buy-wine,Buy wine,canonical,purchases,"shopping,purchase,possessions",5,15,30,0,2,1,0,2,0,0,0,0,2,0,1,0,1,2,3,1,1,2,1,1,1,0,2,2,1,20.5±2.5;12.5±1.5,,,,,,,,,,,,,,,0701,category,"Shopping (store, telephone, internet)",0.3981,54.1,Shopping,3.95,0.74,,"dur,money,rev",heuristic;observational,low,judgement;atus2014_2016;kahneman2004
buy-a-cake,Buy a cake,canonical,purchases,"shopping,purchase,possessions",5,15,30,0,2,1,0,2,0,0,0,0,2,0,1,0,1,2,3,1,1,2,1,1,1,0,2,2,1,20.5±2.5;12.5±1.5,,,,,,,,,,,,,,,0701,category,"Shopping (store, telephone, internet)",0.3981,54.1,Shopping,3.95,0.74,,"dur,money,rev",heuristic;observational,low,judgement;atus2014_2016;kahneman2004
buy-a-book-for-a-friend,Buy a book for a friend,canonical,purchases,"shopping,purchase,possessions",5,15,30,0,1,1,0,2,0,0,0,0,2,0,1,0,1,2,3,1,1,2,1,1,1,0,2,2,1,20.5±2.5;12.5±1.5,,,,,,,,,,,,,,,0701,category,"Shopping (store, telephone, internet)",0.3981,54.1,Shopping,3.95,0.74,,"dur,money,rev",heuristic;observational,low,judgement;atus2014_2016;kahneman2004
buy-a-houseplant-for-a-friend,Buy a houseplant for a friend,canonical,purchases,"shopping,purchase,possessions",5,15,30,0,1,1,0,2,0,0,0,0,2,0,1,0,1,2,3,1,1,2,1,1,1,0,2,2,1,20.5±2.5;12.5±1.5,,,,,,,,,,,,,,,0701,category,"Shopping (store, telephone, internet)",0.3981,54.1,Shopping,3.95,0.74,,"dur,money,rev",heuristic;observational,low,judgement;atus2014_2016;kahneman2004
play-badminton,Play badminton,canonical,exercise,"fitness,exercise,connection",45,75,120,20,0,3,3,1,4,0,0,3,4,2,0,0,4,1,4,1,2,1,2,1,2,0,1,1,3,7±1.5;18±2,17.5±2.5,1,,,7-23,,,,,,,,,,130120,action,Playing racquet sports,0.0023,109.2,Exercising,4.31,0.5,,"atus,dn,dur,joy,nov,open,phys,setup,soc",heuristic;observational,low,judgement;singapore;atus2014_2016;kahneman2004
play-tennis,Play tennis,canonical,exercise,"fitness,exercise,connection",45,75,120,20,0,3,3,1,4,0,0,3,4,2,0,0,4,1,4,1,2,1,2,1,2,0,1,1,3,7±1.5;18±2,17.5±2.5,1,1,,7-22,,,,,,,,,,130120,action,Playing racquet sports,0.0023,109.2,Exercising,4.31,0.5,,"atus,dn,dur,joy,nov,open,out,phys,setup,soc",heuristic;observational,low,judgement;singapore;atus2014_2016;kahneman2004
play-squash,Play squash,canonical,exercise,"fitness,exercise,connection",45,75,120,20,0,3,3,1,4,0,0,3,4,2,0,0,4,1,4,1,2,1,2,1,2,0,1,1,3,7±1.5;18±2,17.5±2.5,1,,,,,,,,,,,,,130120,action,Playing racquet sports,0.0023,109.2,Exercising,4.31,0.5,,"atus,dn,dur,joy,nov,phys,setup,soc",heuristic;observational,low,judgement;atus2014_2016;kahneman2004
play-table-tennis,Play table tennis,canonical,exercise,"fitness,exercise,connection",45,75,120,20,0,3,3,1,4,0,0,3,4,2,0,0,4,1,4,1,2,1,2,1,2,0,1,1,3,7±1.5;18±2,17.5±2.5,1,,,,,,,,,,,,,130120,action,Playing racquet sports,0.0023,109.2,Exercising,4.31,0.5,,"atus,dn,dur,joy,nov,phys,setup,soc",heuristic;observational,low,judgement;atus2014_2016;kahneman2004
play-football,Play football,canonical,exercise,"fitness,exercise,connection",45,75,120,20,0,3,3,1,4,0,0,3,4,2,0,0,4,1,4,1,2,1,2,1,2,0,1,1,3,7±1.5;18±2,17.5±2.5,1,1,,7-23,,,,,,,,,,130126,action,Playing soccer,0.0029,112.7,Exercising,4.31,0.5,,"atus,dn,dur,joy,nov,open,out,phys,setup,soc",heuristic;observational,low,judgement;singapore;atus2014_2016;kahneman2004
play-basketball,Play basketball,canonical,exercise,"fitness,exercise,connection",45,75,120,20,0,3,3,1,4,0,0,3,4,2,0,0,4,1,4,1,2,1,2,1,2,0,1,1,3,7±1.5;18±2,17.5±2.5,1,,,,,,,,,,,,,130103,action,Playing basketball,0.005,127.2,Exercising,4.31,0.5,,"atus,dn,dur,joy,nov,phys,setup,soc",heuristic;observational,low,judgement;atus2014_2016;kahneman2004
play-volleyball,Play volleyball,canonical,exercise,"fitness,exercise,connection",45,75,120,20,0,3,3,1,4,0,0,3,4,2,0,0,4,1,4,1,2,1,2,1,2,0,1,1,3,7±1.5;18±2,17.5±2.5,1,,,,,,,,,,,,,130130,action,Playing volleyball,0.001,155.3,Exercising,4.31,0.5,,"atus,dn,dur,joy,nov,phys,setup,soc",heuristic;observational,low,judgement;atus2014_2016;kahneman2004
play-golf,Play golf,canonical,exercise,"fitness,exercise,connection",45,75,120,20,0,3,3,1,4,0,0,3,4,2,0,0,4,1,4,1,2,1,2,1,2,0,1,1,3,7±1.5;18±2,17.5±2.5,1,1,1,7-19,,,,,,,,,,130114,action,Golfing,0.0052,204.4,Exercising,4.31,0.5,,"atus,day,dn,dur,joy,nov,open,out,phys,setup,soc",heuristic;observational,low,judgement;singapore;atus2014_2016;kahneman2004
play-frisbee,Play frisbee,canonical,exercise,"fitness,exercise,connection",45,75,120,20,0,3,3,1,4,0,0,3,4,2,0,0,4,1,4,1,2,1,2,1,2,0,1,1,3,7±1.5;18±2,17.5±2.5,1,1,,,,,,,,,,,,1301,action,"Participating in sports, exercise or recreation",0.2014,90.8,Exercising,4.31,0.5,,"atus,dn,dur,joy,nov,out,phys,setup,soc",heuristic;observational,low,judgement;singapore;atus2014_2016;kahneman2004
play-pickleball,Play pickleball,canonical,exercise,"fitness,exercise,connection",45,75,120,20,0,3,3,1,4,0,0,3,4,2,0,0,4,1,4,1,2,1,2,1,2,0,1,1,3,7±1.5;18±2,17.5±2.5,1,,,7-23,,,,,,,,,,130120,action,Playing racquet sports,0.0023,109.2,Exercising,4.31,0.5,,"atus,dn,dur,joy,nov,open,phys,setup,soc",heuristic;observational,low,judgement;singapore;atus2014_2016;kahneman2004
play-netball,Play netball,canonical,exercise,"fitness,exercise,connection",45,75,120,20,0,3,3,1,4,0,0,3,4,2,0,0,4,1,4,1,2,1,2,1,2,0,1,1,3,7±1.5;18±2,17.5±2.5,1,,,,,,,,,,,,,1301,action,"Participating in sports, exercise or recreation",0.2014,90.8,Exercising,4.31,0.5,,"atus,dn,dur,joy,nov,phys,setup,soc",heuristic;observational,low,judgement;atus2014_2016;kahneman2004
play-hockey,Play hockey,canonical,exercise,"fitness,exercise,connection",45,75,120,20,0,3,3,1,4,0,0,3,4,2,0,0,4,1,4,1,2,1,2,1,2,0,1,1,3,7±1.5;18±2,17.5±2.5,1,,,,,,,,,,,,,1301,action,"Participating in sports, exercise or recreation",0.2014,90.8,Exercising,4.31,0.5,,"atus,dn,dur,joy,nov,phys,setup,soc",heuristic;observational,low,judgement;atus2014_2016;kahneman2004
play-cricket,Play cricket,canonical,exercise,"fitness,exercise,connection",45,75,120,20,0,3,3,1,4,0,0,3,4,2,0,0,4,1,4,1,2,1,2,1,2,0,1,1,3,7±1.5;18±2,17.5±2.5,1,,,,,,,,,,,,,1301,action,"Participating in sports, exercise or recreation",0.2014,90.8,Exercising,4.31,0.5,,"atus,dn,dur,joy,nov,phys,setup,soc",heuristic;observational,low,judgement;atus2014_2016;kahneman2004
play-rugby,Play rugby,canonical,exercise,"fitness,exercise,connection",45,75,120,20,0,3,3,1,4,0,0,3,4,2,0,0,4,1,4,1,2,1,2,1,2,0,1,1,3,7±1.5;18±2,17.5±2.5,1,,,,injury,low,3,3,yes,tackles,,,,1301,action,"Participating in sports, exercise or recreation",0.2014,90.8,Exercising,4.31,0.5,,"atus,dn,dur,joy,nov,phys,setup,soc",heuristic;observational,low,judgement;atus2014_2016;kahneman2004
play-futsal,Play futsal,canonical,exercise,"fitness,exercise,connection",45,75,120,20,0,3,3,1,4,0,0,3,4,2,0,0,4,1,4,1,2,1,2,1,2,0,1,1,3,7±1.5;18±2,17.5±2.5,1,,,,,,,,,,,,,130126,action,Playing soccer,0.0029,112.7,Exercising,4.31,0.5,,"atus,dn,dur,joy,nov,phys,setup,soc",heuristic;observational,low,judgement;atus2014_2016;kahneman2004
play-baseball,Play baseball,canonical,exercise,"fitness,exercise,connection",45,75,120,20,0,3,3,1,4,0,0,3,4,2,0,0,4,1,4,1,2,1,2,1,2,0,1,1,3,7±1.5;18±2,17.5±2.5,1,,,,,,,,,,,,,1301,action,"Participating in sports, exercise or recreation",0.2014,90.8,Exercising,4.31,0.5,,"atus,dn,dur,joy,nov,phys,setup,soc",heuristic;observational,low,judgement;atus2014_2016;kahneman2004
play-softball,Play softball,canonical,exercise,"fitness,exercise,connection",45,75,120,20,0,3,3,1,4,0,0,3,4,2,0,0,4,1,4,1,2,1,2,1,2,0,1,1,3,7±1.5;18±2,17.5±2.5,1,,,,,,,,,,,,,1301,action,"Participating in sports, exercise or recreation",0.2014,90.8,Exercising,4.31,0.5,,"atus,dn,dur,joy,nov,phys,setup,soc",heuristic;observational,low,judgement;atus2014_2016;kahneman2004
play-water-polo,Play water polo,canonical,exercise,"fitness,exercise,connection",45,75,120,20,0,3,3,1,4,0,0,3,4,2,0,0,4,1,4,1,2,1,2,1,2,0,1,1,3,7±1.5;18±2,17.5±2.5,1,,,,,,,,,,,,,1301,action,"Participating in sports, exercise or recreation",0.2014,90.8,Exercising,4.31,0.5,,"atus,dn,dur,joy,nov,phys,setup,soc",heuristic;observational,low,judgement;atus2014_2016;kahneman2004
play-handball,Play handball,canonical,exercise,"fitness,exercise,connection",45,75,120,20,0,3,3,1,4,0,0,3,4,2,0,0,4,1,4,1,2,1,2,1,2,0,1,1,3,7±1.5;18±2,17.5±2.5,1,,,,,,,,,,,,,1301,action,"Participating in sports, exercise or recreation",0.2014,90.8,Exercising,4.31,0.5,,"atus,dn,dur,joy,nov,phys,setup,soc",heuristic;observational,low,judgement;atus2014_2016;kahneman2004
play-floorball,Play floorball,canonical,exercise,"fitness,exercise,connection",45,75,120,20,0,3,3,1,4,0,0,3,4,2,0,0,4,1,4,1,2,1,2,1,2,0,1,1,3,7±1.5;18±2,17.5±2.5,1,,,,,,,,,,,,,1301,action,"Participating in sports, exercise or recreation",0.2014,90.8,Exercising,4.31,0.5,,"atus,dn,dur,joy,nov,phys,setup,soc",heuristic;observational,low,judgement;atus2014_2016;kahneman2004
play-dodgeball,Play dodgeball,canonical,exercise,"fitness,exercise,connection",45,75,120,20,0,3,3,1,4,0,0,3,4,2,0,0,4,1,4,1,2,1,2,1,2,0,1,1,3,7±1.5;18±2,17.5±2.5,1,,,,,,,,,,,,,1301,action,"Participating in sports, exercise or recreation",0.2014,90.8,Exercising,4.31,0.5,,"atus,dn,dur,joy,nov,phys,setup,soc",heuristic;observational,low,judgement;atus2014_2016;kahneman2004
play-sepak-takraw,Play sepak takraw,canonical,exercise,"fitness,exercise,connection",45,75,120,20,0,3,3,1,4,0,0,3,4,2,0,0,4,1,4,1,2,1,2,1,2,0,1,1,3,7±1.5;18±2,17.5±2.5,1,,,,,,,,,,,,,1301,action,"Participating in sports, exercise or recreation",0.2014,90.8,Exercising,4.31,0.5,,"atus,dn,dur,joy,nov,phys,setup,soc",heuristic;observational,low,judgement;atus2014_2016;kahneman2004
play-touch-rugby,Play touch rugby,canonical,exercise,"fitness,exercise,connection",45,75,120,20,0,3,3,1,4,0,0,3,4,2,0,0,4,1,4,1,2,1,2,1,2,0,1,1,3,7±1.5;18±2,17.5±2.5,1,,,,,,,,,,,,,1301,action,"Participating in sports, exercise or recreation",0.2014,90.8,Exercising,4.31,0.5,,"atus,dn,dur,joy,nov,phys,setup,soc",heuristic;observational,low,judgement;atus2014_2016;kahneman2004
play-beach-volleyball,Play beach volleyball,canonical,exercise,"fitness,exercise,connection",45,75,120,20,0,3,3,1,4,0,0,3,4,2,0,0,4,1,4,1,2,1,2,1,2,0,1,1,3,7±1.5;18±2,17.5±2.5,1,,,,,,,,,,,,,130130,action,Playing volleyball,0.001,155.3,Exercising,4.31,0.5,,"atus,dn,dur,joy,nov,phys,setup,soc",heuristic;observational,low,judgement;atus2014_2016;kahneman2004
play-padel,Play padel,canonical,exercise,"fitness,exercise,connection",45,75,120,20,0,3,3,1,4,0,0,3,4,2,0,0,4,1,4,1,2,1,2,1,2,0,1,1,3,7±1.5;18±2,17.5±2.5,1,,,,,,,,,,,,,130120,action,Playing racquet sports,0.0023,109.2,Exercising,4.31,0.5,,"atus,dn,dur,joy,nov,phys,setup,soc",heuristic;observational,low,judgement;atus2014_2016;kahneman2004
play-tchoukball,Play tchoukball,canonical,exercise,"fitness,exercise,connection",45,75,120,20,0,3,3,1,4,0,0,3,4,2,0,0,4,1,4,1,2,1,2,1,2,0,1,1,3,7±1.5;18±2,17.5±2.5,1,,,,,,,,,,,,,1301,action,"Participating in sports, exercise or recreation",0.2014,90.8,Exercising,4.31,0.5,,"atus,dn,dur,joy,nov,phys,setup,soc",heuristic;observational,low,judgement;atus2014_2016;kahneman2004
play-lacrosse,Play lacrosse,canonical,exercise,"fitness,exercise,connection",45,75,120,20,0,3,3,1,4,0,0,3,4,2,0,0,4,1,4,1,2,1,2,1,2,0,1,1,3,7±1.5;18±2,17.5±2.5,1,,,,,,,,,,,,,1301,action,"Participating in sports, exercise or recreation",0.2014,90.8,Exercising,4.31,0.5,,"atus,dn,dur,joy,nov,phys,setup,soc",heuristic;observational,low,judgement;atus2014_2016;kahneman2004
play-futsal-with-colleagues,Play futsal with colleagues,canonical,exercise,"fitness,exercise,connection",45,75,120,20,0,3,3,1,4,0,0,3,4,2,0,0,4,1,4,1,2,1,2,1,2,0,1,1,3,7±1.5;18±2,17.5±2.5,1,,,,,,,,,,,,,130126,action,Playing soccer,0.0029,112.7,Exercising,4.31,0.5,,"atus,dn,dur,joy,nov,phys,setup,soc",heuristic;observational,low,judgement;atus2014_2016;kahneman2004
play-5-a-side-football,Play 5-a-side football,canonical,exercise,"fitness,exercise,connection",45,75,120,20,0,3,3,1,4,0,0,3,4,2,0,0,4,1,4,1,2,1,2,1,2,0,1,1,3,7±1.5;18±2,17.5±2.5,1,,,,,,,,,,,,,130126,action,Playing soccer,0.0029,112.7,Exercising,4.31,0.5,,"atus,dn,dur,joy,nov,phys,setup,soc",heuristic;observational,low,judgement;atus2014_2016;kahneman2004
play-cricket-in-the-park,Play cricket in the park,canonical,exercise,"fitness,exercise,connection",45,75,120,20,0,3,3,1,4,0,0,3,4,2,0,0,4,1,4,1,2,1,2,1,2,0,1,1,3,7±1.5;18±2,17.5±2.5,1,,,,,,,,,,,,,1301,action,"Participating in sports, exercise or recreation",0.2014,90.8,Exercising,4.31,0.5,,"atus,dn,dur,joy,nov,phys,setup,soc",heuristic;observational,low,judgement;atus2014_2016;kahneman2004
study-statistics,Study statistics,canonical,learning,"learning,skill,understanding",20,60,120,5,0,3,0,4,0,2,4,0,2,0,0,0,4,2,4,1,3,4,1,2,0,2,2,1,2,20±3,,,,,,,,,,,,,,,0603,category,Research and homework,0.0578,173.4,,,,,,heuristic;observational,low,judgement;atus2014_2016
study-programming,Study programming,canonical,learning,"learning,skill,understanding",20,60,120,5,0,3,0,4,0,2,4,0,2,0,0,0,4,2,4,1,3,4,1,2,0,2,2,1,2,20±3,,,,,,,,,,,,,,,0603,category,Research and homework,0.0578,173.4,,,,,,heuristic;observational,low,judgement;atus2014_2016
study-history,Study history,canonical,learning,"learning,skill,understanding",20,60,120,5,0,3,0,4,0,2,4,0,2,0,0,0,4,2,4,1,3,4,1,2,0,2,2,1,2,20±3,,,,,,,,,,,,,,,0603,category,Research and homework,0.0578,173.4,,,,,,heuristic;observational,low,judgement;atus2014_2016
study-economics,Study economics,canonical,learning,"learning,skill,understanding",20,60,120,5,0,3,0,4,0,2,4,0,2,0,0,0,4,2,4,1,3,4,1,2,0,2,2,1,2,20±3,,,,,,,,,,,,,,,0603,category,Research and homework,0.0578,173.4,,,,,,heuristic;observational,low,judgement;atus2014_2016
study-physics,Study physics,canonical,learning,"learning,skill,understanding",20,60,120,5,0,3,0,4,0,2,4,0,2,0,0,0,4,2,4,1,3,4,1,2,0,2,2,1,2,20±3,,,,,,,,,,,,,,,0603,category,Research and homework,0.0578,173.4,,,,,,heuristic;observational,low,judgement;atus2014_2016
study-chemistry,Study chemistry,canonical,learning,"learning,skill,understanding",20,60,120,5,0,3,0,4,0,2,4,0,2,0,0,0,4,2,4,1,3,4,1,2,0,2,2,1,2,20±3,,,,,,,,,,,,,,,0603,category,Research and homework,0.0578,173.4,,,,,,heuristic;observational,low,judgement;atus2014_2016
study-biology,Study biology,canonical,learning,"learning,skill,understanding",20,60,120,5,0,3,0,4,0,2,4,0,2,0,0,0,4,2,4,1,3,4,1,2,0,2,2,1,2,20±3,,,,,,,,,,,,,,,0603,category,Research and homework,0.0578,173.4,,,,,,heuristic;observational,low,judgement;atus2014_2016
study-philosophy,Study philosophy,canonical,learning,"learning,skill,understanding",20,60,120,5,0,3,0,4,0,2,4,0,2,0,0,0,4,2,4,1,3,4,1,2,0,2,2,1,2,20±3,,,,,,,,,,,,,,,0603,category,Research and homework,0.0578,173.4,,,,,,heuristic;observational,low,judgement;atus2014_2016
study-psychology,Study psychology,canonical,learning,"learning,skill,understanding",20,60,120,5,0,3,0,4,0,2,4,0,2,0,0,0,4,2,4,1,3,4,1,2,0,2,2,1,2,20±3,,,,,,,,,,,,,,,0603,category,Research and homework,0.0578,173.4,,,,,,heuristic;observational,low,judgement;atus2014_2016
study-design,Study design,canonical,learning,"learning,skill,understanding",20,60,120,5,0,3,0,4,0,2,4,0,2,0,0,0,4,2,4,1,3,4,1,2,0,2,2,1,2,20±3,,,,,,,,,,,,,,,0603,category,Research and homework,0.0578,173.4,,,,,,heuristic;observational,low,judgement;atus2014_2016
study-writing,Study writing,canonical,learning,"learning,skill,understanding",20,60,120,5,0,3,0,4,0,2,4,0,2,0,0,0,4,2,4,1,3,4,1,2,0,2,2,1,2,20±3,,,,,,,,,,,,,,,0603,category,Research and homework,0.0578,173.4,,,,,,heuristic;observational,low,judgement;atus2014_2016
study-machine-learning,Study machine learning,canonical,learning,"learning,skill,understanding",20,60,120,5,0,3,0,4,0,2,4,0,2,0,0,0,4,2,4,1,3,4,1,2,0,2,2,1,2,20±3,,,,,,,,,,,,,,,0603,category,Research and homework,0.0578,173.4,,,,,,heuristic;observational,low,judgement;atus2014_2016
study-finance,Study finance,canonical,learning,"learning,skill,understanding",20,60,120,5,0,3,0,4,0,2,4,0,2,0,0,0,4,2,4,1,3,4,1,2,0,2,2,1,2,20±3,,,,,,,,,,,,,,,0603,category,Research and homework,0.0578,173.4,,,,,,heuristic;observational,low,judgement;atus2014_2016
study-law,Study law,canonical,learning,"learning,skill,understanding",20,60,120,5,0,3,0,4,0,2,4,0,2,0,0,0,4,2,4,1,3,4,1,2,0,2,2,1,2,20±3,,,,,,,,,,,,,,,0603,category,Research and homework,0.0578,173.4,,,,,,heuristic;observational,low,judgement;atus2014_2016
study-music-theory,Study music theory,canonical,learning,"learning,skill,understanding",20,60,120,5,0,3,0,4,0,2,4,0,2,0,0,0,4,2,4,1,3,4,1,2,0,2,2,1,2,20±3,,,,,,,,,,,,,,,0603,category,Research and homework,0.0578,173.4,,,,,,heuristic;observational,low,judgement;atus2014_2016
study-art-history,Study art history,canonical,learning,"learning,skill,understanding",20,60,120,5,0,3,0,4,0,2,4,0,2,0,0,0,4,2,4,1,3,4,1,2,0,2,2,1,2,20±3,,,,,,,,,,,,,,,0603,category,Research and homework,0.0578,173.4,,,,,,heuristic;observational,low,judgement;atus2014_2016
study-a-new-language,Study a new language,canonical,learning,"learning,skill,understanding",20,60,120,5,0,3,0,4,0,2,4,0,2,0,0,0,4,2,4,1,3,4,1,2,0,2,2,1,2,20±3,,,,,,,,,,,,,,,0603,category,Research and homework,0.0578,173.4,,,,,,heuristic;observational,low,judgement;atus2014_2016
study-linear-algebra,Study linear algebra,canonical,learning,"learning,skill,understanding",20,60,120,5,0,3,0,4,0,2,4,0,2,0,0,0,4,2,4,1,3,4,1,2,0,2,2,1,2,20±3,,,,,,,,,,,,,,,0603,category,Research and homework,0.0578,173.4,,,,,,heuristic;observational,low,judgement;atus2014_2016
study-calculus,Study calculus,canonical,learning,"learning,skill,understanding",20,60,120,5,0,3,0,4,0,2,4,0,2,0,0,0,4,2,4,1,3,4,1,2,0,2,2,1,2,20±3,,,,,,,,,,,,,,,0603,category,Research and homework,0.0578,173.4,,,,,,heuristic;observational,low,judgement;atus2014_2016
study-probability,Study probability,canonical,learning,"learning,skill,understanding",20,60,120,5,0,3,0,4,0,2,4,0,2,0,0,0,4,2,4,1,3,4,1,2,0,2,2,1,2,20±3,,,,,,,,,,,,,,,0603,category,Research and homework,0.0578,173.4,,,,,,heuristic;observational,low,judgement;atus2014_2016
study-accounting,Study accounting,canonical,learning,"learning,skill,understanding",20,60,120,5,0,3,0,4,0,2,4,0,2,0,0,0,4,2,4,1,3,4,1,2,0,2,2,1,2,20±3,,,,,,,,,,,,,,,0603,category,Research and homework,0.0578,173.4,,,,,,heuristic;observational,low,judgement;atus2014_2016
study-marketing,Study marketing,canonical,learning,"learning,skill,understanding",20,60,120,5,0,3,0,4,0,2,4,0,2,0,0,0,4,2,4,1,3,4,1,2,0,2,2,1,2,20±3,,,,,,,,,,,,,,,0603,category,Research and homework,0.0578,173.4,,,,,,heuristic;observational,low,judgement;atus2014_2016
study-cooking-theory,Study cooking theory,canonical,learning,"learning,skill,understanding",20,60,120,5,0,3,0,4,0,2,4,0,2,0,0,0,4,2,4,1,3,4,1,2,0,2,2,1,2,20±3,,,,,,,,,,,,,,,0603,category,Research and homework,0.0578,173.4,,,,,,heuristic;observational,low,judgement;atus2014_2016
study-public-speaking,Study public speaking,canonical,learning,"learning,skill,understanding",20,60,120,5,0,3,0,4,0,2,4,0,2,0,0,0,4,2,4,1,3,4,1,2,0,2,2,1,2,20±3,,,,,,,,,,,,,,,0603,category,Research and homework,0.0578,173.4,,,,,,heuristic;observational,low,judgement;atus2014_2016
study-negotiation,Study negotiation,canonical,learning,"learning,skill,understanding",20,60,120,5,0,3,0,4,0,2,4,0,2,0,0,0,4,2,4,1,3,4,1,2,0,2,2,1,2,20±3,,,,,,,,,,,,,,,0603,category,Research and homework,0.0578,173.4,,,,,,heuristic;observational,low,judgement;atus2014_2016
study-nutrition,Study nutrition,canonical,learning,"learning,skill,understanding",20,60,120,5,0,3,0,4,0,2,4,0,2,0,0,0,4,2,4,1,3,4,1,2,0,2,2,1,2,20±3,,,,,,,,,,,,,,,0603,category,Research and homework,0.0578,173.4,,,,,,heuristic;observational,low,judgement;atus2014_2016
study-first-aid,Study first aid,canonical,learning,"learning,skill,understanding",20,60,120,5,0,3,0,4,0,2,4,0,2,0,0,0,4,2,4,1,3,4,1,2,0,2,2,1,2,20±3,,,,,,,,,,,,,,,0603,category,Research and homework,0.0578,173.4,,,,,,heuristic;observational,low,judgement;atus2014_2016
study-photography,Study photography,canonical,learning,"learning,skill,understanding",20,60,120,5,0,3,0,4,0,2,4,0,2,0,0,0,4,2,4,1,3,4,1,2,0,2,2,1,2,20±3,,,,,,,,,,,,,,,0603,category,Research and homework,0.0578,173.4,,,,,,heuristic;observational,low,judgement;atus2014_2016
study-geography,Study geography,canonical,learning,"learning,skill,understanding",20,60,120,5,0,3,0,4,0,2,4,0,2,0,0,0,4,2,4,1,3,4,1,2,0,2,2,1,2,20±3,,,,,,,,,,,,,,,0603,category,Research and homework,0.0578,173.4,,,,,,heuristic;observational,low,judgement;atus2014_2016
study-astronomy,Study astronomy,canonical,learning,"learning,skill,understanding",20,60,120,5,0,3,0,4,0,2,4,0,2,0,0,0,4,2,4,1,3,4,1,2,0,2,2,1,2,20±3,,,,,,,,,,,,,,,0603,category,Research and homework,0.0578,173.4,,,,,,heuristic;observational,low,judgement;atus2014_2016
study-data-science,Study data science,canonical,learning,"learning,skill,understanding",20,60,120,5,0,3,0,4,0,2,4,0,2,0,0,0,4,2,4,1,3,4,1,2,0,2,2,1,2,20±3,,,,,,,,,,,,,,,0603,category,Research and homework,0.0578,173.4,,,,,,heuristic;observational,low,judgement;atus2014_2016
study-writing-proofs,Study writing proofs,canonical,learning,"learning,skill,understanding",20,60,120,5,0,3,0,4,0,2,4,0,2,0,0,0,4,2,4,1,3,4,1,2,0,2,2,1,2,20±3,,,,,,,,,,,,,,,0603,category,Research and homework,0.0578,173.4,,,,,,heuristic;observational,low,judgement;atus2014_2016
study-number-theory,Study number theory,canonical,learning,"learning,skill,understanding",20,60,120,5,0,3,0,4,0,2,4,0,2,0,0,0,4,2,4,1,3,4,1,2,0,2,2,1,2,20±3,,,,,,,,,,,,,,,0603,category,Research and homework,0.0578,173.4,,,,,,heuristic;observational,low,judgement;atus2014_2016
study-topology,Study topology,canonical,learning,"learning,skill,understanding",20,60,120,5,0,3,0,4,0,2,4,0,2,0,0,0,4,2,4,1,3,4,1,2,0,2,2,1,2,20±3,,,,,,,,,,,,,,,0603,category,Research and homework,0.0578,173.4,,,,,,heuristic;observational,low,judgement;atus2014_2016
study-algebra,Study algebra,canonical,learning,"learning,skill,understanding",20,60,120,5,0,3,0,4,0,2,4,0,2,0,0,0,4,2,4,1,3,4,1,2,0,2,2,1,2,20±3,,,,,,,,,,,,,,,0603,category,Research and homework,0.0578,173.4,,,,,,heuristic;observational,low,judgement;atus2014_2016
study-geometry,Study geometry,canonical,learning,"learning,skill,understanding",20,60,120,5,0,3,0,4,0,2,4,0,2,0,0,0,4,2,4,1,3,4,1,2,0,2,2,1,2,20±3,,,,,,,,,,,,,,,0603,category,Research and homework,0.0578,173.4,,,,,,heuristic;observational,low,judgement;atus2014_2016
study-game-theory,Study game theory,canonical,learning,"learning,skill,understanding",20,60,120,5,0,3,0,4,0,2,4,0,2,0,0,0,4,2,4,1,3,4,1,2,0,2,2,1,2,20±3,,,,,,,,,,,,,,,0603,category,Research and homework,0.0578,173.4,,,,,,heuristic;observational,low,judgement;atus2014_2016
study-decision-theory,Study decision theory,canonical,learning,"learning,skill,understanding",20,60,120,5,0,3,0,4,0,2,4,0,2,0,0,0,4,2,4,1,3,4,1,2,0,2,2,1,2,20±3,,,,,,,,,,,,,,,0603,category,Research and homework,0.0578,173.4,,,,,,heuristic;observational,low,judgement;atus2014_2016
study-microeconomics,Study microeconomics,canonical,learning,"learning,skill,understanding",20,60,120,5,0,3,0,4,0,2,4,0,2,0,0,0,4,2,4,1,3,4,1,2,0,2,2,1,2,20±3,,,,,,,,,,,,,,,0603,category,Research and homework,0.0578,173.4,,,,,,heuristic;observational,low,judgement;atus2014_2016
study-macroeconomics,Study macroeconomics,canonical,learning,"learning,skill,understanding",20,60,120,5,0,3,0,4,0,2,4,0,2,0,0,0,4,2,4,1,3,4,1,2,0,2,2,1,2,20±3,,,,,,,,,,,,,,,0603,category,Research and homework,0.0578,173.4,,,,,,heuristic;observational,low,judgement;atus2014_2016
study-sociology,Study sociology,canonical,learning,"learning,skill,understanding",20,60,120,5,0,3,0,4,0,2,4,0,2,0,0,0,4,2,4,1,3,4,1,2,0,2,2,1,2,20±3,,,,,,,,,,,,,,,0603,category,Research and homework,0.0578,173.4,,,,,,heuristic;observational,low,judgement;atus2014_2016
study-anthropology,Study anthropology,canonical,learning,"learning,skill,understanding",20,60,120,5,0,3,0,4,0,2,4,0,2,0,0,0,4,2,4,1,3,4,1,2,0,2,2,1,2,20±3,,,,,,,,,,,,,,,0603,category,Research and homework,0.0578,173.4,,,,,,heuristic;observational,low,judgement;atus2014_2016
study-linguistics,Study linguistics,canonical,learning,"learning,skill,understanding",20,60,120,5,0,3,0,4,0,2,4,0,2,0,0,0,4,2,4,1,3,4,1,2,0,2,2,1,2,20±3,,,,,,,,,,,,,,,0603,category,Research and homework,0.0578,173.4,,,,,,heuristic;observational,low,judgement;atus2014_2016
study-neuroscience,Study neuroscience,canonical,learning,"learning,skill,understanding",20,60,120,5,0,3,0,4,0,2,4,0,2,0,0,0,4,2,4,1,3,4,1,2,0,2,2,1,2,20±3,,,,,,,,,,,,,,,0603,category,Research and homework,0.0578,173.4,,,,,,heuristic;observational,low,judgement;atus2014_2016
study-genetics,Study genetics,canonical,learning,"learning,skill,understanding",20,60,120,5,0,3,0,4,0,2,4,0,2,0,0,0,4,2,4,1,3,4,1,2,0,2,2,1,2,20±3,,,,,,,,,,,,,,,0603,category,Research and homework,0.0578,173.4,,,,,,heuristic;observational,low,judgement;atus2014_2016
study-climate-science,Study climate science,canonical,learning,"learning,skill,understanding",20,60,120,5,0,3,0,4,0,2,4,0,2,0,0,0,4,2,4,1,3,4,1,2,0,2,2,1,2,20±3,,,,,,,,,,,,,,,0603,category,Research and homework,0.0578,173.4,,,,,,heuristic;observational,low,judgement;atus2014_2016
study-urban-planning,Study urban planning,canonical,learning,"learning,skill,understanding",20,60,120,5,0,3,0,4,0,2,4,0,2,0,0,0,4,2,4,1,3,4,1,2,0,2,2,1,2,20±3,,,,,,,,,,,,,,,0603,category,Research and homework,0.0578,173.4,,,,,,heuristic;observational,low,judgement;atus2014_2016
study-architecture,Study architecture,canonical,learning,"learning,skill,understanding",20,60,120,5,0,3,0,4,0,2,4,0,2,0,0,0,4,2,4,1,3,4,1,2,0,2,2,1,2,20±3,,,,,,,,,,,,,,,0603,category,Research and homework,0.0578,173.4,,,,,,heuristic;observational,low,judgement;atus2014_2016
study-film-studies,Study film studies,canonical,learning,"learning,skill,understanding",20,60,120,5,0,3,0,4,0,2,4,0,2,0,0,0,4,2,4,1,3,4,1,2,0,2,2,1,2,20±3,,,,,,,,,,,,,,,0603,category,Research and homework,0.0578,173.4,,,,,,heuristic;observational,low,judgement;atus2014_2016
study-classics,Study classics,canonical,learning,"learning,skill,understanding",20,60,120,5,0,3,0,4,0,2,4,0,2,0,0,0,4,2,4,1,3,4,1,2,0,2,2,1,2,20±3,,,,,,,,,,,,,,,0603,category,Research and homework,0.0578,173.4,,,,,,heuristic;observational,low,judgement;atus2014_2016
study-music-production,Study music production,canonical,learning,"learning,skill,understanding",20,60,120,5,0,3,0,4,0,2,4,0,2,0,0,0,4,2,4,1,3,4,1,2,0,2,2,1,2,20±3,,,,,,,,,,,,,,,0603,category,Research and homework,0.0578,173.4,,,,,,heuristic;observational,low,judgement;atus2014_2016
study-cryptography,Study cryptography,canonical,learning,"learning,skill,understanding",20,60,120,5,0,3,0,4,0,2,4,0,2,0,0,0,4,2,4,1,3,4,1,2,0,2,2,1,2,20±3,,,,,,,,,,,,,,,0603,category,Research and homework,0.0578,173.4,,,,,,heuristic;observational,low,judgement;atus2014_2016
study-operating-systems,Study operating systems,canonical,learning,"learning,skill,understanding",20,60,120,5,0,3,0,4,0,2,4,0,2,0,0,0,4,2,4,1,3,4,1,2,0,2,2,1,2,20±3,,,,,,,,,,,,,,,0603,category,Research and homework,0.0578,173.4,,,,,,heuristic;observational,low,judgement;atus2014_2016
study-databases,Study databases,canonical,learning,"learning,skill,understanding",20,60,120,5,0,3,0,4,0,2,4,0,2,0,0,0,4,2,4,1,3,4,1,2,0,2,2,1,2,20±3,,,,,,,,,,,,,,,0603,category,Research and homework,0.0578,173.4,,,,,,heuristic;observational,low,judgement;atus2014_2016
study-web-development,Study web development,canonical,learning,"learning,skill,understanding",20,60,120,5,0,3,0,4,0,2,4,0,2,0,0,0,4,2,4,1,3,4,1,2,0,2,2,1,2,20±3,,,,,,,,,,,,,,,0603,category,Research and homework,0.0578,173.4,,,,,,heuristic;observational,low,judgement;atus2014_2016
study-singapore-history,Study Singapore history,canonical,learning,"learning,skill,understanding",20,60,120,5,0,3,0,4,0,2,4,0,2,0,0,0,4,2,4,1,3,4,1,2,0,2,2,1,2,20±3,,,,,,,,,,,,,,,0603,category,Research and homework,0.0578,173.4,,,,,,heuristic;observational,low,judgement;atus2014_2016
study-personal-finance,Study personal finance,canonical,learning,"learning,skill,understanding",20,60,120,5,0,3,0,4,0,2,4,0,2,0,0,0,4,2,4,1,3,4,1,2,0,2,2,1,2,20±3,,,,,,,,,,,,,,,0603,category,Research and homework,0.0578,173.4,,,,,,heuristic;observational,low,judgement;atus2014_2016
study-investing,Study investing,canonical,learning,"learning,skill,understanding",20,60,120,5,0,3,0,4,0,2,4,0,2,0,0,0,4,2,4,1,3,4,1,2,0,2,2,1,2,20±3,,,,,,,,,,,,,,,0603,category,Research and homework,0.0578,173.4,,,,,,heuristic;observational,low,judgement;atus2014_2016
study-negotiation-tactics,Study negotiation tactics,canonical,learning,"learning,skill,understanding",20,60,120,5,0,3,0,4,0,2,4,0,2,0,0,0,4,2,4,1,3,4,1,2,0,2,2,1,2,20±3,,,,,,,,,,,,,,,0603,category,Research and homework,0.0578,173.4,,,,,,heuristic;observational,low,judgement;atus2014_2016
study-project-management,Study project management,canonical,learning,"learning,skill,understanding",20,60,120,5,0,3,0,4,0,2,4,0,2,0,0,0,4,2,4,1,3,4,1,2,0,2,2,1,2,20±3,,,,,,,,,,,,,,,0603,category,Research and homework,0.0578,173.4,,,,,,heuristic;observational,low,judgement;atus2014_2016
study-mandarin,Study Mandarin,canonical,learning,"learning,skill,understanding",20,60,120,5,0,3,0,4,0,2,4,1,2,0,0,0,4,2,4,1,3,4,1,2,0,2,2,1,2,20±3,,,,,,,,,,,,,,,0603,category,Research and homework,0.0578,173.4,,,,,"freq,lt,nov,soc",heuristic;observational,low,judgement;atus2014_2016
study-malay,Study Malay,canonical,learning,"learning,skill,understanding",20,60,120,5,0,3,0,4,0,2,4,1,2,0,0,0,4,2,4,1,3,4,1,2,0,2,2,1,2,20±3,,,,,,,,,,,,,,,0603,category,Research and homework,0.0578,173.4,,,,,"freq,lt,nov,soc",heuristic;observational,low,judgement;atus2014_2016
study-tamil,Study Tamil,canonical,learning,"learning,skill,understanding",20,60,120,5,0,3,0,4,0,2,4,1,2,0,0,0,4,2,4,1,3,4,1,2,0,2,2,1,2,20±3,,,,,,,,,,,,,,,0603,category,Research and homework,0.0578,173.4,,,,,"freq,lt,nov,soc",heuristic;observational,low,judgement;atus2014_2016
study-japanese,Study Japanese,canonical,learning,"learning,skill,understanding",20,60,120,5,0,3,0,4,0,2,4,1,2,0,0,0,4,2,4,1,3,4,1,2,0,2,2,1,2,20±3,,,,,,,,,,,,,,,0603,category,Research and homework,0.0578,173.4,,,,,"freq,lt,nov,soc",heuristic;observational,low,judgement;atus2014_2016
study-korean,Study Korean,canonical,learning,"learning,skill,understanding",20,60,120,5,0,3,0,4,0,2,4,1,2,0,0,0,4,2,4,1,3,4,1,2,0,2,2,1,2,20±3,,,,,,,,,,,,,,,0603,category,Research and homework,0.0578,173.4,,,,,"freq,lt,nov,soc",heuristic;observational,low,judgement;atus2014_2016
study-spanish,Study Spanish,canonical,learning,"learning,skill,understanding",20,60,120,5,0,3,0,4,0,2,4,1,2,0,0,0,4,2,4,1,3,4,1,2,0,2,2,1,2,20±3,,,,,,,,,,,,,,,0603,category,Research and homework,0.0578,173.4,,,,,"freq,lt,nov,soc",heuristic;observational,low,judgement;atus2014_2016
study-french,Study French,canonical,learning,"learning,skill,understanding",20,60,120,5,0,3,0,4,0,2,4,1,2,0,0,0,4,2,4,1,3,4,1,2,0,2,2,1,2,20±3,,,,,,,,,,,,,,,0603,category,Research and homework,0.0578,173.4,,,,,"freq,lt,nov,soc",heuristic;observational,low,judgement;atus2014_2016
study-german,Study German,canonical,learning,"learning,skill,understanding",20,60,120,5,0,3,0,4,0,2,4,1,2,0,0,0,4,2,4,1,3,4,1,2,0,2,2,1,2,20±3,,,,,,,,,,,,,,,0603,category,Research and homework,0.0578,173.4,,,,,"freq,lt,nov,soc",heuristic;observational,low,judgement;atus2014_2016
study-italian,Study Italian,canonical,learning,"learning,skill,understanding",20,60,120,5,0,3,0,4,0,2,4,1,2,0,0,0,4,2,4,1,3,4,1,2,0,2,2,1,2,20±3,,,,,,,,,,,,,,,0603,category,Research and homework,0.0578,173.4,,,,,"freq,lt,nov,soc",heuristic;observational,low,judgement;atus2014_2016
study-arabic,Study Arabic,canonical,learning,"learning,skill,understanding",20,60,120,5,0,3,0,4,0,2,4,1,2,0,0,0,4,2,4,1,3,4,1,2,0,2,2,1,2,20±3,,,,,,,,,,,,,,,0603,category,Research and homework,0.0578,173.4,,,,,"freq,lt,nov,soc",heuristic;observational,low,judgement;atus2014_2016
study-hindi,Study Hindi,canonical,learning,"learning,skill,understanding",20,60,120,5,0,3,0,4,0,2,4,1,2,0,0,0,4,2,4,1,3,4,1,2,0,2,2,1,2,20±3,,,,,,,,,,,,,,,0603,category,Research and homework,0.0578,173.4,,,,,"freq,lt,nov,soc",heuristic;observational,low,judgement;atus2014_2016
study-indonesian,Study Indonesian,canonical,learning,"learning,skill,understanding",20,60,120,5,0,3,0,4,0,2,4,1,2,0,0,0,4,2,4,1,3,4,1,2,0,2,2,1,2,20±3,,,,,,,,,,,,,,,0603,category,Research and homework,0.0578,173.4,,,,,"freq,lt,nov,soc",heuristic;observational,low,judgement;atus2014_2016
study-thai,Study Thai,canonical,learning,"learning,skill,understanding",20,60,120,5,0,3,0,4,0,2,4,1,2,0,0,0,4,2,4,1,3,4,1,2,0,2,2,1,2,20±3,,,,,,,,,,,,,,,0603,category,Research and homework,0.0578,173.4,,,,,"freq,lt,nov,soc",heuristic;observational,low,judgement;atus2014_2016
study-vietnamese,Study Vietnamese,canonical,learning,"learning,skill,understanding",20,60,120,5,0,3,0,4,0,2,4,1,2,0,0,0,4,2,4,1,3,4,1,2,0,2,2,1,2,20±3,,,,,,,,,,,,,,,0603,category,Research and homework,0.0578,173.4,,,,,"freq,lt,nov,soc",heuristic;observational,low,judgement;atus2014_2016
study-cantonese,Study Cantonese,canonical,learning,"learning,skill,understanding",20,60,120,5,0,3,0,4,0,2,4,1,2,0,0,0,4,2,4,1,3,4,1,2,0,2,2,1,2,20±3,,,,,,,,,,,,,,,0603,category,Research and homework,0.0578,173.4,,,,,"freq,lt,nov,soc",heuristic;observational,low,judgement;atus2014_2016
study-hokkien,Study Hokkien,canonical,learning,"learning,skill,understanding",20,60,120,5,0,3,0,4,0,2,4,1,2,0,0,0,4,2,4,1,3,4,1,2,0,2,2,1,2,20±3,,,,,,,,,,,,,,,0603,category,Research and homework,0.0578,173.4,,,,,"freq,lt,nov,soc",heuristic;observational,low,judgement;atus2014_2016
study-portuguese,Study Portuguese,canonical,learning,"learning,skill,understanding",20,60,120,5,0,3,0,4,0,2,4,1,2,0,0,0,4,2,4,1,3,4,1,2,0,2,2,1,2,20±3,,,,,,,,,,,,,,,0603,category,Research and homework,0.0578,173.4,,,,,"freq,lt,nov,soc",heuristic;observational,low,judgement;atus2014_2016
study-russian,Study Russian,canonical,learning,"learning,skill,understanding",20,60,120,5,0,3,0,4,0,2,4,1,2,0,0,0,4,2,4,1,3,4,1,2,0,2,2,1,2,20±3,,,,,,,,,,,,,,,0603,category,Research and homework,0.0578,173.4,,,,,"freq,lt,nov,soc",heuristic;observational,low,judgement;atus2014_2016
practise-the-piano,Practise the piano,canonical,learning,"music,skill,learning",20,60,120,5,0,3,0,3,0,2,4,0,3,0,0,0,4,2,4,1,3,4,1,2,0,2,2,1,2,20±3,,,,,,,,,,,,,,,120306,action,Listening to or playing music (not radio),0.0248,82.5,,,,,"atus,cog,joy,lrn,lt",heuristic;observational,low,judgement;atus2014_2016
practise-the-guitar,Practise the guitar,canonical,learning,"music,skill,learning",20,60,120,5,0,3,0,3,0,2,4,0,3,0,0,0,4,2,4,1,3,4,1,2,0,2,2,1,2,20±3,,,,,,,,,,,,,,,120306,action,Listening to or playing music (not radio),0.0248,82.5,,,,,"atus,cog,joy,lrn,lt",heuristic;observational,low,judgement;atus2014_2016
practise-the-violin,Practise the violin,canonical,learning,"music,skill,learning",20,60,120,5,0,3,0,3,0,2,4,0,3,0,0,0,4,2,4,1,3,4,1,2,0,2,2,1,2,20±3,,,,,,,,,,,,,,,120306,action,Listening to or playing music (not radio),0.0248,82.5,,,,,"atus,cog,joy,lrn,lt",heuristic;observational,low,judgement;atus2014_2016
practise-the-drums,Practise the drums,canonical,learning,"music,skill,learning",20,60,120,5,0,3,0,3,0,2,4,0,3,0,0,0,4,2,4,1,3,4,1,2,0,2,2,1,2,20±3,,,,,,,,,,,,,,,120306,action,Listening to or playing music (not radio),0.0248,82.5,,,,,"atus,cog,joy,lrn,lt",heuristic;observational,low,judgement;atus2014_2016
practise-the-ukulele,Practise the ukulele,canonical,learning,"music,skill,learning",20,60,120,5,0,3,0,3,0,2,4,0,3,0,0,0,4,2,4,1,3,4,1,2,0,2,2,1,2,20±3,,,,,,,,,,,,,,,120306,action,Listening to or playing music (not radio),0.0248,82.5,,,,,"atus,cog,joy,lrn,lt",heuristic;observational,low,judgement;atus2014_2016
practise-the-cello,Practise the cello,canonical,learning,"music,skill,learning",20,60,120,5,0,3,0,3,0,2,4,0,3,0,0,0,4,2,4,1,3,4,1,2,0,2,2,1,2,20±3,,,,,,,,,,,,,,,120306,action,Listening to or playing music (not radio),0.0248,82.5,,,,,"atus,cog,joy,lrn,lt",heuristic;observational,low,judgement;atus2014_2016
practise-the-flute,Practise the flute,canonical,learning,"music,skill,learning",20,60,120,5,0,3,0,3,0,2,4,0,3,0,0,0,4,2,4,1,3,4,1,2,0,2,2,1,2,20±3,,,,,,,,,,,,,,,120306,action,Listening to or playing music (not radio),0.0248,82.5,,,,,"atus,cog,joy,lrn,lt",heuristic;observational,low,judgement;atus2014_2016
practise-the-saxophone,Practise the saxophone,canonical,learning,"music,skill,learning",20,60,120,5,0,3,0,3,0,2,4,0,3,0,0,0,4,2,4,1,3,4,1,2,0,2,2,1,2,20±3,,,,,,,,,,,,,,,120306,action,Listening to or playing music (not radio),0.0248,82.5,,,,,"atus,cog,joy,lrn,lt",heuristic;observational,low,judgement;atus2014_2016
practise-the-bass-guitar,Practise the bass guitar,canonical,learning,"music,skill,learning",20,60,120,5,0,3,0,3,0,2,4,0,3,0,0,0,4,2,4,1,3,4,1,2,0,2,2,1,2,20±3,,,,,,,,,,,,,,,120306,action,Listening to or playing music (not radio),0.0248,82.5,,,,,"atus,cog,joy,lrn,lt",heuristic;observational,low,judgement;atus2014_2016
practise-the-erhu,Practise the erhu,canonical,learning,"music,skill,learning",20,60,120,5,0,3,0,3,0,2,4,0,3,0,0,0,4,2,4,1,3,4,1,2,0,2,2,1,2,20±3,,,,,,,,,,,,,,,120306,action,Listening to or playing music (not radio),0.0248,82.5,,,,,"atus,cog,joy,lrn,lt",heuristic;observational,low,judgement;atus2014_2016
practise-the-guzheng,Practise the guzheng,canonical,learning,"music,skill,learning",20,60,120,5,0,3,0,3,0,2,4,0,3,0,0,0,4,2,4,1,3,4,1,2,0,2,2,1,2,20±3,,,,,,,,,,,,,,,120306,action,Listening to or playing music (not radio),0.0248,82.5,,,,,"atus,cog,joy,lrn,lt",heuristic;observational,low,judgement;atus2014_2016
practise-the-trumpet,Practise the trumpet,canonical,learning,"music,skill,learning",20,60,120,5,0,3,0,3,0,2,4,0,3,0,0,0,4,2,4,1,3,4,1,2,0,2,2,1,2,20±3,,,,,,,,,,,,,,,120306,action,Listening to or playing music (not radio),0.0248,82.5,,,,,"atus,cog,joy,lrn,lt",heuristic;observational,low,judgement;atus2014_2016
practise-the-harmonica,Practise the harmonica,canonical,learning,"music,skill,learning",20,60,120,5,0,3,0,3,0,2,4,0,3,0,0,0,4,2,4,1,3,4,1,2,0,2,2,1,2,20±3,,,,,,,,,,,,,,,120306,action,Listening to or playing music (not radio),0.0248,82.5,,,,,"atus,cog,joy,lrn,lt",heuristic;observational,low,judgement;atus2014_2016
learn-to-swim,Learn to swim,canonical,exercise,"fitness,health,stress-reduction,exercise",20,45,90,10,0,3,3,1,4,0,4,0,2,2,0,0,4,1,4,1,3,3,2,1,1,0,3,0,3,7±1.5;18±2,17.5±2.5,1,,,,drowning,very low (supervised lessons),4,4,yes,unsupervised practice,,,,1301,category,"Participating in sports, exercise or recreation",0.2014,90.8,Exercising,4.31,0.5,,"act,freq,info,lrn,lt,nov,opt",heuristic;observational,low,judgement;atus2014_2016;kahneman2004
learn-to-drive,Learn to drive,canonical,learning,"learning,skill,understanding",20,60,120,5,0,3,0,4,0,2,4,0,2,0,0,0,4,2,4,1,3,3,1,2,0,2,3,0,2,20±3,,,,,,road traffic injury,low,4,4,yes,inexperience,,,,0603,category,Research and homework,0.0578,173.4,,,,,"act,freq,info,lrn,lt,nov,opt",heuristic;observational,low,judgement;atus2014_2016
learn-to-ride-a-motorcycle,Learn to ride a motorcycle,canonical,learning,"learning,skill,understanding",20,60,120,5,0,3,0,4,0,2,4,0,2,0,0,0,4,2,4,1,3,3,1,2,0,2,3,0,2,20±3,,,,,,road traffic injury,low per trip; higher than a car,4,4,yes,"inexperience, traffic, no protective gear",,,,0603,category,Research and homework,0.0578,173.4,,,,,"act,freq,info,lrn,lt,nov,opt",heuristic;observational,low,judgement;atus2014_2016
learn-to-code,Learn to code,canonical,learning,"learning,skill,understanding",20,60,120,5,0,3,0,4,0,2,4,0,2,0,0,0,4,2,4,1,3,3,1,2,0,2,3,0,2,20±3,,,,,,,,,,,,,,,0603,category,Research and homework,0.0578,173.4,,,,,"act,freq,info,lrn,lt,nov,opt",heuristic;observational,low,judgement;atus2014_2016
learn-to-sew,Learn to sew,canonical,creative,"creativity,expression,skill",20,60,150,5,0,3,0,3,0,1,4,0,3,1,0,0,4,2,4,1,3,3,2,3,0,2,3,0,1,20.5±2.5,,,,,,,,,,,,,,,120309,category,Arts and crafts as a hobby,0.0131,130.5,,,,,"act,freq,info,lrn,lt,nov,opt",heuristic;observational,low,judgement;atus2014_2016
learn-to-knit,Learn to knit,canonical,creative,"creativity,expression,skill",20,60,150,5,0,3,0,3,0,1,4,0,3,1,0,0,4,2,4,1,3,3,2,3,0,2,3,0,1,20.5±2.5,,,,,,,,,,,,,,,120309,category,Arts and crafts as a hobby,0.0131,130.5,,,,,"act,freq,info,lrn,lt,nov,opt",heuristic;observational,low,judgement;atus2014_2016
learn-to-ski,Learn to ski,canonical,exercise,"fitness,health,stress-reduction,exercise",20,45,90,10,0,3,3,1,4,0,4,0,2,2,0,0,4,1,4,1,3,3,2,1,1,0,3,0,3,7±1.5;18±2,17.5±2.5,1,,,,,,,,,,,,,1301,category,"Participating in sports, exercise or recreation",0.2014,90.8,Exercising,4.31,0.5,,"act,freq,info,lrn,lt,nov,opt",heuristic;observational,low,judgement;atus2014_2016;kahneman2004
learn-to-surf,Learn to surf,canonical,exercise,"fitness,health,stress-reduction,exercise",20,45,90,10,0,3,3,1,4,0,4,0,2,2,0,0,4,1,4,1,3,3,2,1,1,0,3,0,3,7±1.5;18±2,17.5±2.5,1,,,,,,,,,,,,,1301,category,"Participating in sports, exercise or recreation",0.2014,90.8,Exercising,4.31,0.5,,"act,freq,info,lrn,lt,nov,opt",heuristic;observational,low,judgement;atus2014_2016;kahneman2004
learn-to-juggle,Learn to juggle,canonical,leisure,"enjoyment,relaxation,leisure",20,60,180,0,0,3,0,1,0,0,4,0,3,3,0,0,4,1,4,0,3,3,0,1,0,0,3,0,1,21±2,,,,,,,,,,,,,,,1203,category,Relaxing and leisure,0.9101,257.7,,,,,"act,freq,info,lrn,lt,nov,opt",heuristic;observational,low,judgement;atus2014_2016
learn-to-cook-a-signature-dish,Learn to cook a signature dish,canonical,cooking,"nutrition,food,saving-money",20,45,120,5,1,3,1,1,3,0,4,1,2,1,2,2,4,1,3,2,3,3,1,2,0,0,3,0,2,12±1;18.5±1.2,,,,,,,,,,,,,,,020201,category,Food and drink preparation,0.5327,51.2,Preparing food,3.93,0.69,,"act,freq,info,lrn,lt,nov,opt",heuristic;observational,low,judgement;atus2014_2016;kahneman2004
learn-to-bake-bread,Learn to bake bread,canonical,cooking,"nutrition,food,saving-money",20,45,120,5,1,3,1,1,3,0,4,1,2,1,2,2,4,1,3,2,3,3,1,2,0,0,3,0,2,12±1;18.5±1.2,,,,,,,,,,,,,,,020201,category,Food and drink preparation,0.5327,51.2,Preparing food,3.93,0.69,,"act,freq,info,lrn,lt,nov,opt",heuristic;observational,low,judgement;atus2014_2016;kahneman2004
learn-to-use-a-spreadsheet-properly,Learn to use a spreadsheet properly,canonical,learning,"learning,skill,understanding",20,60,120,5,0,3,0,4,0,2,4,0,2,0,0,0,4,2,4,1,3,3,1,2,0,2,3,0,2,20±3,,,,,,,,,,,,,,,0603,category,Research and homework,0.0578,173.4,,,,,"act,freq,info,lrn,lt,nov,opt",heuristic;observational,low,judgement;atus2014_2016
learn-to-speak-in-public,Learn to speak in public,canonical,learning,"learning,skill,understanding",20,60,120,5,0,3,0,4,0,2,4,0,2,0,0,0,4,2,4,1,3,3,1,2,0,2,3,0,2,20±3,,,,,,,,,,,,,,,0603,category,Research and homework,0.0578,173.4,,,,,"act,freq,info,lrn,lt,nov,opt",heuristic;observational,low,judgement;atus2014_2016
learn-to-draw-portraits,Learn to draw portraits,canonical,creative,"creativity,expression,skill",20,60,150,5,0,3,0,3,0,1,4,0,3,1,0,0,4,2,4,1,3,3,2,3,0,2,3,0,1,20.5±2.5,,,,,,,,,,,,,,,120309,category,Arts and crafts as a hobby,0.0131,130.5,,,,,"act,freq,info,lrn,lt,nov,opt",heuristic;observational,low,judgement;atus2014_2016
learn-to-paint-with-watercolour,Learn to paint with watercolour,canonical,creative,"creativity,expression,skill",20,60,150,5,0,3,0,3,0,1,4,0,3,1,0,0,4,2,4,1,3,3,2,3,0,2,3,0,1,20.5±2.5,,,,,,,,,,,,,,,120309,category,Arts and crafts as a hobby,0.0131,130.5,,,,,"act,freq,info,lrn,lt,nov,opt",heuristic;observational,low,judgement;atus2014_2016
learn-to-sing-in-tune,Learn to sing in tune,canonical,creative,"creativity,expression,skill",20,60,150,5,0,3,0,3,0,1,4,0,3,1,0,0,4,2,4,1,3,3,2,3,0,2,3,0,1,20.5±2.5,,,,,,,,,,,,,,,120309,category,Arts and crafts as a hobby,0.0131,130.5,,,,,"act,freq,info,lrn,lt,nov,opt",heuristic;observational,low,judgement;atus2014_2016
learn-to-do-a-handstand,Learn to do a handstand,canonical,exercise,"fitness,health,stress-reduction,exercise",20,45,90,10,0,3,3,1,4,0,4,0,2,2,0,0,4,1,4,1,3,3,2,1,1,0,3,0,3,7±1.5;18±2,17.5±2.5,1,,,,,,,,,,,,,1301,category,"Participating in sports, exercise or recreation",0.2014,90.8,Exercising,4.31,0.5,,"act,freq,info,lrn,lt,nov,opt",heuristic;observational,low,judgement;atus2014_2016;kahneman2004
learn-to-do-a-pull-up,Learn to do a pull-up,canonical,exercise,"fitness,health,stress-reduction,exercise",20,45,90,10,0,3,3,1,4,0,4,0,2,2,0,0,4,1,4,1,3,3,2,1,1,0,3,0,3,7±1.5;18±2,17.5±2.5,1,,,,,,,,,,,,,1301,category,"Participating in sports, exercise or recreation",0.2014,90.8,Exercising,4.31,0.5,,"act,freq,info,lrn,lt,nov,opt",heuristic;observational,low,judgement;atus2014_2016;kahneman2004
learn-to-fix-a-bike,Learn to fix a bike,canonical,household,"home,order,chores",10,30,90,0,0,3,2,0,1,0,4,0,0,0,4,0,4,0,4,1,3,3,1,1,0,0,3,0,1,10.5±2.5;19.5±1.5,,,,,,,,,,,,,,,0201,category,Housework,0.3565,95.4,Housework,3.73,0.77,,"act,freq,info,lrn,lt,nov,opt",heuristic;observational,low,judgement;atus2014_2016;kahneman2004
learn-to-change-a-tyre,Learn to change a tyre,canonical,household,"home,order,chores",10,30,90,0,0,3,2,0,1,0,4,0,0,0,4,0,4,0,4,1,3,3,1,1,0,0,3,0,1,10.5±2.5;19.5±1.5,,,,,,,,,,,,,,,0201,category,Housework,0.3565,95.4,Housework,3.73,0.77,,"act,freq,info,lrn,lt,nov,opt",heuristic;observational,low,judgement;atus2014_2016;kahneman2004
learn-to-do-basic-first-aid,Learn to do basic first aid,canonical,health,"health,self-care",5,20,60,0,0,3,1,1,3,0,4,0,1,2,0,0,4,1,4,2,3,3,2,1,0,0,3,0,2,8±2;21±2,,,,,,,,,,,,,,,0103,category,Health-related self care,0.0665,71.3,,,,,"act,freq,info,lrn,lt,nov,opt",heuristic;observational,low,judgement;atus2014_2016
learn-to-do-cpr,Learn to do CPR,canonical,health,"health,self-care",5,20,60,0,0,3,1,1,3,0,4,0,1,2,0,0,4,1,4,2,3,3,2,1,0,0,3,0,2,8±2;21±2,,,,,,,,,,,,,,,0103,category,Health-related self care,0.0665,71.3,,,,,"act,freq,info,lrn,lt,nov,opt",heuristic;observational,low,judgement;atus2014_2016
learn-to-meditate,Learn to meditate,canonical,mind,"clarity,stress-reduction,reflection",5,15,45,0,0,3,0,1,2,0,4,0,1,3,0,0,4,1,4,1,3,3,1,1,0,1,3,0,2,7.5±1.5;22±1.5,,,,,,,,,,,,,,,120301,category,"Relaxing, thinking",0.1972,90.2,,,,,"act,freq,info,lrn,lt,nov,opt",heuristic;observational,low,judgement;atus2014_2016
learn-to-type-faster,Learn to type faster,canonical,learning,"learning,skill,understanding",20,60,120,5,0,3,0,4,0,2,4,0,2,0,0,0,4,2,4,1,3,3,1,2,0,2,3,0,2,20±3,,,,,,,,,,,,,,,0603,category,Research and homework,0.0578,173.4,,,,,"act,freq,info,lrn,lt,nov,opt",heuristic;observational,low,judgement;atus2014_2016
learn-to-invest,Learn to invest,canonical,admin,"admin,money,security",10,30,90,0,0,3,0,2,0,1,4,0,0,0,2,3,4,1,3,3,3,3,3,2,0,0,3,0,1,10.5±2;20.5±1.5,,,,,,,,,,,,,,,0209,category,Household management,0.2513,42.7,,,,,"act,freq,info,lrn,lt,nov,opt",heuristic;observational,low,judgement;atus2014_2016
learn-to-budget,Learn to budget,canonical,admin,"admin,money,security",10,30,90,0,0,3,0,2,0,1,4,0,0,0,2,3,4,1,3,3,3,3,3,2,0,0,3,0,1,10.5±2;20.5±1.5,,,,,,,,,,,,,,,0209,category,Household management,0.2513,42.7,,,,,"act,freq,info,lrn,lt,nov,opt",heuristic;observational,low,judgement;atus2014_2016
learn-to-negotiate,Learn to negotiate,canonical,learning,"learning,skill,understanding",20,60,120,5,0,3,0,4,0,2,4,0,2,0,0,0,4,2,4,1,3,3,1,2,0,2,3,0,2,20±3,,,,,,,,,,,,,,,0603,category,Research and homework,0.0578,173.4,,,,,"act,freq,info,lrn,lt,nov,opt",heuristic;observational,low,judgement;atus2014_2016
learn-to-edit-video,Learn to edit video,canonical,creative,"creativity,expression,skill",20,60,150,5,0,3,0,3,0,1,4,0,3,1,0,0,4,2,4,1,3,3,2,3,0,2,3,0,1,20.5±2.5,,,,,,,,,,,,,,,120309,category,Arts and crafts as a hobby,0.0131,130.5,,,,,"act,freq,info,lrn,lt,nov,opt",heuristic;observational,low,judgement;atus2014_2016
learn-to-take-better-photos,Learn to take better photos,canonical,creative,"creativity,expression,skill",20,60,150,5,0,3,0,3,0,1,4,0,3,1,0,0,4,2,4,1,3,3,2,3,0,2,3,0,1,20.5±2.5,,,,,,,,,,,,,,,120309,category,Arts and crafts as a hobby,0.0131,130.5,,,,,"act,freq,info,lrn,lt,nov,opt",heuristic;observational,low,judgement;atus2014_2016
learn-to-garden,Learn to garden,canonical,household,"home,order,chores",10,30,90,0,0,3,2,0,1,0,4,0,0,0,4,0,4,0,4,1,3,3,1,1,0,0,3,0,1,10.5±2.5;19.5±1.5,,,,,,,,,,,,,,,0201,category,Housework,0.3565,95.4,Housework,3.73,0.77,,"act,freq,info,lrn,lt,nov,opt",heuristic;observational,low,judgement;atus2014_2016;kahneman2004
learn-to-cut-your-own-hair,Learn to cut your own hair,canonical,grooming,"self-care,appearance,hygiene",5,10,30,0,0,3,0,0,1,0,4,0,1,1,1,0,4,0,4,1,3,3,1,1,0,0,3,0,1,7.5±1;21.5±1.5,,,,,,,,,,,,,,,0102,category,Grooming,0.8103,50.9,,,,,"act,freq,info,lrn,lt,nov,opt",heuristic;observational,low,judgement;atus2014_2016
learn-to-sew-a-hem,Learn to sew a hem,canonical,household,"home,order,chores",10,30,90,0,0,3,2,0,1,0,4,0,0,0,4,0,4,0,4,1,3,3,1,1,0,0,3,0,1,10.5±2.5;19.5±1.5,,,,,,,,,,,,,,,0201,category,Housework,0.3565,95.4,Housework,3.73,0.77,,"act,freq,info,lrn,lt,nov,opt",heuristic;observational,low,judgement;atus2014_2016;kahneman2004
learn-to-play-chess-well,Learn to play chess well,canonical,leisure,"enjoyment,relaxation,leisure",20,60,180,0,0,3,0,1,0,0,4,0,3,3,0,0,4,1,4,0,3,3,0,1,0,0,3,0,1,21±2,,,,,,,,,,,,,,,1203,category,Relaxing and leisure,0.9101,257.7,,,,,"act,freq,info,lrn,lt,nov,opt",heuristic;observational,low,judgement;atus2014_2016
learn-to-solve-a-rubiks-cube,Learn to solve a Rubik's cube,canonical,leisure,"enjoyment,relaxation,leisure",20,60,180,0,0,3,0,1,0,0,4,0,3,3,0,0,4,1,4,0,3,3,0,1,0,0,3,0,1,21±2,,,,,,,,,,,,,,,1203,category,Relaxing and leisure,0.9101,257.7,,,,,"act,freq,info,lrn,lt,nov,opt",heuristic;observational,low,judgement;atus2014_2016
learn-to-dance-salsa,Learn to dance salsa,canonical,exercise,"fitness,health,stress-reduction,exercise",20,45,90,10,0,3,3,1,4,0,4,0,2,2,0,0,4,1,4,1,3,3,2,1,1,0,3,0,3,7±1.5;18±2,17.5±2.5,1,,,,,,,,,,,,,1301,category,"Participating in sports, exercise or recreation",0.2014,90.8,Exercising,4.31,0.5,,"act,freq,info,lrn,lt,nov,opt",heuristic;observational,low,judgement;atus2014_2016;kahneman2004
learn-to-rock-climb,Learn to rock climb,canonical,exercise,"fitness,health,stress-reduction,exercise",20,45,90,10,0,3,3,1,4,0,4,0,2,2,0,0,4,1,4,1,3,3,2,1,1,0,3,0,3,7±1.5;18±2,17.5±2.5,1,,,,,,,,,,,,,1301,category,"Participating in sports, exercise or recreation",0.2014,90.8,Exercising,4.31,0.5,,"act,freq,info,lrn,lt,nov,opt",heuristic;observational,low,judgement;atus2014_2016;kahneman2004
visit-fort-canning-park,Visit Fort Canning Park,canonical,travel,"exploration,leisure,singapore",60,120,180,30,1,3,2,1,1,0,2,2,3,3,0,0,2,2,2,2,2,3,2,2,1,2,3,1,1,10±2.5,,,1,1,,,,,,,,,,1,18,category,Traveling (all purposes),0.8542,82.8,,,,,"day,dur,joy,money,nov,out,rec,setup,sg",heuristic;observational,low,judgement;singapore;atus2014_2016
visit-labrador-nature-reserve,Visit Labrador Nature Reserve,canonical,travel,"exploration,leisure,singapore",60,120,180,30,1,3,2,1,1,0,2,2,3,3,0,0,2,2,2,2,2,3,2,2,1,2,3,1,1,10±2.5,,,1,1,,,,,,,,,,1,18,category,Traveling (all purposes),0.8542,82.8,,,,,"day,dur,joy,money,nov,out,rec,setup,sg",heuristic;observational,low,judgement;singapore;atus2014_2016
visit-jurong-lake-gardens,Visit Jurong Lake Gardens,canonical,travel,"exploration,leisure,singapore",60,120,180,30,1,3,2,1,1,0,2,2,3,3,0,0,2,2,2,2,2,3,2,2,1,2,3,1,1,10±2.5,,,1,1,,,,,,,,,,1,18,category,Traveling (all purposes),0.8542,82.8,,,,,"day,dur,joy,money,nov,out,rec,setup,sg",heuristic;observational,low,judgement;singapore;atus2014_2016
visit-chinese-garden,Visit Chinese Garden,canonical,travel,"exploration,leisure,singapore",60,120,180,30,1,3,2,1,1,0,2,2,3,3,0,0,2,2,2,2,2,3,2,2,1,2,3,1,1,10±2.5,,,1,1,,,,,,,,,,1,18,category,Traveling (all purposes),0.8542,82.8,,,,,"day,dur,joy,money,nov,out,rec,setup,sg",heuristic;observational,low,judgement;singapore;atus2014_2016
visit-punggol-waterway-park,Visit Punggol Waterway Park,canonical,travel,"exploration,leisure,singapore",60,120,180,30,1,3,2,1,1,0,2,2,3,3,0,0,2,2,2,2,2,3,2,2,1,2,3,1,1,10±2.5,,,1,0,,,,,,,,,,1,18,category,Traveling (all purposes),0.8542,82.8,,,,,"day,dur,joy,money,nov,out,rec,setup,sg",heuristic;observational,low,judgement;singapore;atus2014_2016
visit-coney-island,Visit Coney Island,canonical,travel,"exploration,leisure,singapore",60,120,180,30,1,3,2,1,1,0,2,2,3,3,0,0,2,2,2,2,2,3,2,2,1,2,3,1,1,10±2.5,,,1,1,,,,,,,,,,1,18,category,Traveling (all purposes),0.8542,82.8,,,,,"day,dur,joy,money,nov,out,rec,setup,sg",heuristic;observational,low,judgement;singapore;atus2014_2016
visit-sungei-buloh-wetland-reserve,Visit Sungei Buloh Wetland Reserve,canonical,travel,"exploration,leisure,singapore",60,120,180,30,1,3,2,1,1,0,2,2,3,3,0,0,2,2,2,2,2,3,2,2,1,2,3,1,1,10±2.5,,,1,1,,,,,,,,,,1,18,category,Traveling (all purposes),0.8542,82.8,,,,,"day,dur,joy,money,nov,out,rec,setup,sg",heuristic;observational,low,judgement;singapore;atus2014_2016
visit-kent-ridge-park,Visit Kent Ridge Park,canonical,travel,"exploration,leisure,singapore",60,120,180,30,1,3,2,1,1,0,2,2,3,3,0,0,2,2,2,2,2,3,2,2,1,2,3,1,1,10±2.5,,,1,1,,,,,,,,,,1,18,category,Traveling (all purposes),0.8542,82.8,,,,,"day,dur,joy,money,nov,out,rec,setup,sg",heuristic;observational,low,judgement;singapore;atus2014_2016
visit-bishan-ang-mo-kio-park,Visit Bishan-Ang Mo Kio Park,canonical,travel,"exploration,leisure,singapore",60,120,180,30,1,3,2,1,1,0,2,2,3,3,0,0,2,2,2,2,2,3,2,2,1,2,3,1,1,10±2.5,,,1,0,,,,,,,,,,1,18,category,Traveling (all purposes),0.8542,82.8,,,,,"day,dur,joy,money,nov,out,rec,setup,sg",heuristic;observational,low,judgement;singapore;atus2014_2016
visit-changi-beach,Visit Changi Beach,canonical,travel,"exploration,leisure,singapore",60,120,180,30,1,3,2,1,1,0,2,2,3,3,0,0,2,2,2,2,2,3,2,2,1,2,3,1,1,10±2.5,,,1,1,,,,,,,,,,1,18,category,Traveling (all purposes),0.8542,82.8,,,,,"day,dur,joy,money,nov,out,rec,setup,sg",heuristic;observational,low,judgement;singapore;atus2014_2016
visit-haw-par-villa,Visit Haw Par Villa,canonical,travel,"exploration,leisure,singapore",60,120,180,30,1,3,2,1,1,0,2,2,3,3,0,0,2,2,2,2,2,3,2,2,1,2,3,1,1,10±2.5,,,1,1,,,,,,,,,,1,18,category,Traveling (all purposes),0.8542,82.8,,,,,"day,dur,joy,money,nov,out,rec,setup,sg",heuristic;observational,low,judgement;singapore;atus2014_2016
visit-the-national-museum,Visit the National Museum,canonical,travel,"exploration,leisure,singapore",60,120,180,30,1,3,2,1,1,0,2,2,3,3,0,0,2,2,2,2,2,3,2,2,1,2,3,1,1,10±2.5,,,0,0,10-19,,,,,,,,,1,18,category,Traveling (all purposes),0.8542,82.8,,,,,"day,dur,joy,money,nov,open,out,rec,setup,sg",heuristic;observational,low,judgement;singapore;atus2014_2016
visit-the-asian-civilisations-museum,Visit the Asian Civilisations Museum,canonical,travel,"exploration,leisure,singapore",60,120,180,30,1,3,2,1,1,0,2,2,3,3,0,0,2,2,2,2,2,3,2,2,1,2,3,1,1,10±2.5,,,0,0,10-19,,,,,,,,,1,18,category,Traveling (all purposes),0.8542,82.8,,,,,"day,dur,joy,money,nov,open,out,rec,setup,sg",heuristic;observational,low,judgement;singapore;atus2014_2016
visit-the-peranakan-museum,Visit the Peranakan Museum,canonical,travel,"exploration,leisure,singapore",60,120,180,30,1,3,2,1,1,0,2,2,3,3,0,0,2,2,2,2,2,3,2,2,1,2,3,1,1,10±2.5,,,0,0,10-19,,,,,,,,,1,18,category,Traveling (all purposes),0.8542,82.8,,,,,"day,dur,joy,money,nov,open,out,rec,setup,sg",heuristic;observational,low,judgement;singapore;atus2014_2016
visit-the-science-centre,Visit the Science Centre,canonical,travel,"exploration,leisure,singapore",60,120,180,30,1,3,2,1,1,0,2,2,3,3,0,0,2,2,2,2,2,3,2,2,1,2,3,1,1,10±2.5,,,0,0,10-19,,,,,,,,,1,18,category,Traveling (all purposes),0.8542,82.8,,,,,"day,dur,joy,money,nov,open,out,rec,setup,sg",heuristic;observational,low,judgement;singapore;atus2014_2016
visit-the-esplanade,Visit the Esplanade,canonical,travel,"exploration,leisure,singapore",60,120,180,30,1,3,2,1,1,0,2,2,3,3,0,0,2,2,2,2,2,3,2,2,1,2,3,1,1,10±2.5,,,0,0,10-22,,,,,,,,,1,18,category,Traveling (all purposes),0.8542,82.8,,,,,"day,dur,joy,money,nov,open,out,rec,setup,sg",heuristic;observational,low,judgement;singapore;atus2014_2016
visit-tiong-bahru,Visit Tiong Bahru,canonical,travel,"exploration,leisure,singapore",60,120,180,30,1,3,2,1,1,0,2,2,3,3,0,0,2,2,2,2,2,3,2,2,1,2,3,1,1,10±2.5,,,1,0,,,,,,,,,,1,18,category,Traveling (all purposes),0.8542,82.8,,,,,"day,dur,joy,money,nov,out,rec,setup,sg",heuristic;observational,low,judgement;singapore;atus2014_2016
visit-joo-chiat,Visit Joo Chiat,canonical,travel,"exploration,leisure,singapore",60,120,180,30,1,3,2,1,1,0,2,2,3,3,0,0,2,2,2,2,2,3,2,2,1,2,3,1,1,10±2.5,,,1,0,,,,,,,,,,1,18,category,Traveling (all purposes),0.8542,82.8,,,,,"day,dur,joy,money,nov,out,rec,setup,sg",heuristic;observational,low,judgement;singapore;atus2014_2016
visit-holland-village,Visit Holland Village,canonical,travel,"exploration,leisure,singapore",60,120,180,30,1,3,2,1,1,0,2,2,3,3,0,0,2,2,2,2,2,3,2,2,1,2,3,1,1,10±2.5,,,1,0,,,,,,,,,,1,18,category,Traveling (all purposes),0.8542,82.8,,,,,"day,dur,joy,money,nov,out,rec,setup,sg",heuristic;observational,low,judgement;singapore;atus2014_2016
visit-dempsey-hill,Visit Dempsey Hill,canonical,travel,"exploration,leisure,singapore",60,120,180,30,1,3,2,1,1,0,2,2,3,3,0,0,2,2,2,2,2,3,2,2,1,2,3,1,1,10±2.5,,,1,0,,,,,,,,,,1,18,category,Traveling (all purposes),0.8542,82.8,,,,,"day,dur,joy,money,nov,out,rec,setup,sg",heuristic;observational,low,judgement;singapore;atus2014_2016
visit-clarke-quay,Visit Clarke Quay,canonical,travel,"exploration,leisure,singapore",60,120,180,30,1,3,2,1,1,0,2,2,3,3,0,0,2,2,2,2,2,3,2,2,1,2,3,1,1,10±2.5,,,1,0,,,,,,,,,,1,18,category,Traveling (all purposes),0.8542,82.8,,,,,"day,dur,joy,money,nov,out,rec,setup,sg",heuristic;observational,low,judgement;singapore;atus2014_2016
visit-orchard-road,Visit Orchard Road,canonical,travel,"exploration,leisure,singapore",60,120,180,30,1,3,2,1,1,0,2,2,3,3,0,0,2,2,2,2,2,3,2,2,1,2,3,1,1,10±2.5,,,0,0,10-22,,,,,,,,,1,18,category,Traveling (all purposes),0.8542,82.8,,,,,"day,dur,joy,money,nov,open,out,rec,setup,sg",heuristic;observational,low,judgement;singapore;atus2014_2016
visit-bugis-street,Visit Bugis Street,canonical,travel,"exploration,leisure,singapore",60,120,180,30,1,3,2,1,1,0,2,2,3,3,0,0,2,2,2,2,2,3,2,2,1,2,3,1,1,10±2.5,,,0,0,10-22,,,,,,,,,1,18,category,Traveling (all purposes),0.8542,82.8,,,,,"day,dur,joy,money,nov,open,out,rec,setup,sg",heuristic;observational,low,judgement;singapore;atus2014_2016
visit-lower-peirce-reservoir,Visit Lower Peirce Reservoir,canonical,travel,"exploration,leisure,singapore",60,120,180,30,1,3,2,1,1,0,2,2,3,3,0,0,2,2,2,2,2,3,2,2,1,2,3,1,1,10±2.5,,,1,1,,,,,,,,,,1,18,category,Traveling (all purposes),0.8542,82.8,,,,,"day,dur,joy,money,nov,out,rec,setup,sg",heuristic;observational,low,judgement;singapore;atus2014_2016
visit-pasir-ris-park,Visit Pasir Ris Park,canonical,travel,"exploration,leisure,singapore",60,120,180,30,1,3,2,1,1,0,2,2,3,3,0,0,2,2,2,2,2,3,2,2,1,2,3,1,1,10±2.5,,,1,1,,,,,,,,,,1,18,category,Traveling (all purposes),0.8542,82.8,,,,,"day,dur,joy,money,nov,out,rec,setup,sg",heuristic;observational,low,judgement;singapore;atus2014_2016
visit-west-coast-park,Visit West Coast Park,canonical,travel,"exploration,leisure,singapore",60,120,180,30,1,3,2,1,1,0,2,2,3,3,0,0,2,2,2,2,2,3,2,2,1,2,3,1,1,10±2.5,,,1,1,,,,,,,,,,1,18,category,Traveling (all purposes),0.8542,82.8,,,,,"day,dur,joy,money,nov,out,rec,setup,sg",heuristic;observational,low,judgement;singapore;atus2014_2016
visit-lazarus-island,Visit Lazarus Island,canonical,travel,"exploration,leisure,singapore",60,120,180,30,1,3,2,1,1,0,2,2,3,3,0,0,2,2,2,2,2,3,2,2,1,2,3,1,1,10±2.5,,,1,1,,,,,,,,,,1,18,category,Traveling (all purposes),0.8542,82.8,,,,,"day,dur,joy,money,nov,out,rec,setup,sg",heuristic;observational,low,judgement;singapore;atus2014_2016
visit-kusu-island,Visit Kusu Island,canonical,travel,"exploration,leisure,singapore",60,120,180,30,1,3,2,1,1,0,2,2,3,3,0,0,2,2,2,2,2,3,2,2,1,2,3,1,1,10±2.5,,,1,1,,,,,,,,,,1,18,category,Traveling (all purposes),0.8542,82.8,,,,,"day,dur,joy,money,nov,out,rec,setup,sg",heuristic;observational,low,judgement;singapore;atus2014_2016
visit-the-singapore-botanic-gardens,Visit the Singapore Botanic Gardens,canonical,travel,"exploration,leisure,singapore",60,120,180,30,1,3,2,1,1,0,2,2,3,3,0,0,2,2,2,2,2,3,2,2,1,2,3,1,1,10±2.5,,,1,1,,,,,,,,,,1,18,category,Traveling (all purposes),0.8542,82.8,,,,,"day,dur,joy,money,nov,out,rec,setup,sg",heuristic;observational,low,judgement;singapore;atus2014_2016
visit-chinatown-complex-hawker-centre,Visit Chinatown Complex hawker centre,canonical,travel,"exploration,leisure,singapore",60,120,180,30,1,3,2,1,1,0,2,2,3,3,0,0,2,2,2,2,2,3,2,2,1,2,3,1,1,10±2.5,,,0,0,10-22,,,,,,,,,1,18,category,Traveling (all purposes),0.8542,82.8,,,,,"day,dur,joy,money,nov,open,out,rec,setup,sg",heuristic;observational,low,judgement;singapore;atus2014_2016
cook-chicken-rice,Cook chicken rice,canonical,cooking,"nutrition,food,saving-money",20,45,120,5,1,2,1,1,3,0,1,1,3,1,2,2,2,1,3,2,1,1,1,2,0,0,1,3,2,12±1;18.5±1.2,,,,,,,,,,,,,,,020201,category,Food and drink preparation,0.5327,51.2,Preparing food,3.93,0.69,,"joy,lrn",heuristic;observational,low,judgement;atus2014_2016;kahneman2004
cook-laksa,Cook laksa,canonical,cooking,"nutrition,food,saving-money",20,45,120,5,1,2,1,1,3,0,1,1,3,1,2,2,2,1,3,2,1,1,1,2,0,0,1,3,2,12±1;18.5±1.2,,,,,,,,,,,,,,,020201,category,Food and drink preparation,0.5327,51.2,Preparing food,3.93,0.69,,"joy,lrn",heuristic;observational,low,judgement;atus2014_2016;kahneman2004
cook-mee-goreng,Cook mee goreng,canonical,cooking,"nutrition,food,saving-money",20,45,120,5,1,2,1,1,3,0,1,1,3,1,2,2,2,1,3,2,1,1,1,2,0,0,1,3,2,12±1;18.5±1.2,,,,,,,,,,,,,,,020201,category,Food and drink preparation,0.5327,51.2,Preparing food,3.93,0.69,,"joy,lrn",heuristic;observational,low,judgement;atus2014_2016;kahneman2004
cook-nasi-goreng,Cook nasi goreng,canonical,cooking,"nutrition,food,saving-money",20,45,120,5,1,2,1,1,3,0,1,1,3,1,2,2,2,1,3,2,1,1,1,2,0,0,1,3,2,12±1;18.5±1.2,,,,,,,,,,,,,,,020201,category,Food and drink preparation,0.5327,51.2,Preparing food,3.93,0.69,,"joy,lrn",heuristic;observational,low,judgement;atus2014_2016;kahneman2004
cook-a-stir-fry,Cook a stir fry,canonical,cooking,"nutrition,food,saving-money",20,45,120,5,1,2,1,1,3,0,1,1,3,1,2,2,2,1,3,2,1,1,1,2,0,0,1,3,2,12±1;18.5±1.2,,,,,,,,,,,,,,,020201,category,Food and drink preparation,0.5327,51.2,Preparing food,3.93,0.69,,"joy,lrn",heuristic;observational,low,judgement;atus2014_2016;kahneman2004
cook-dal,Cook dal,canonical,cooking,"nutrition,food,saving-money",20,45,120,5,1,2,1,1,3,0,1,1,3,1,2,2,2,1,3,2,1,1,1,2,0,0,1,3,2,12±1;18.5±1.2,,,,,,,,,,,,,,,020201,category,Food and drink preparation,0.5327,51.2,Preparing food,3.93,0.69,,"joy,lrn",heuristic;observational,low,judgement;atus2014_2016;kahneman2004
cook-a-traybake,Cook a traybake,canonical,cooking,"nutrition,food,saving-money",20,45,120,5,1,2,1,1,3,0,1,1,3,1,2,2,2,1,3,2,1,1,1,2,0,0,1,3,2,12±1;18.5±1.2,,,,,,,,,,,,,,,020201,category,Food and drink preparation,0.5327,51.2,Preparing food,3.93,0.69,,"joy,lrn",heuristic;observational,low,judgement;atus2014_2016;kahneman2004
cook-sambal,Cook sambal,canonical,cooking,"nutrition,food,saving-money",20,45,120,5,1,2,1,1,3,0,1,1,3,1,2,2,2,1,3,2,1,1,1,2,0,0,1,3,2,12±1;18.5±1.2,,,,,,,,,,,,,,,020201,category,Food and drink preparation,0.5327,51.2,Preparing food,3.93,0.69,,"joy,lrn",heuristic;observational,low,judgement;atus2014_2016;kahneman2004
cook-congee,Cook congee,canonical,cooking,"nutrition,food,saving-money",20,45,120,5,1,2,1,1,3,0,1,1,3,1,2,2,2,1,3,2,1,1,1,2,0,0,1,3,2,12±1;18.5±1.2,,,,,,,,,,,,,,,020201,category,Food and drink preparation,0.5327,51.2,Preparing food,3.93,0.69,,"joy,lrn",heuristic;observational,low,judgement;atus2014_2016;kahneman2004
cook-ramen-from-scratch,Cook ramen from scratch,canonical,cooking,"nutrition,food,saving-money",20,45,120,5,1,2,1,1,3,0,1,1,3,1,2,2,2,1,3,2,1,1,1,2,0,0,1,3,2,12±1;18.5±1.2,,,,,,,,,,,,,,,020201,category,Food and drink preparation,0.5327,51.2,Preparing food,3.93,0.69,,"joy,lrn",heuristic;observational,low,judgement;atus2014_2016;kahneman2004
cook-dumplings,Cook dumplings,canonical,cooking,"nutrition,food,saving-money",20,45,120,5,1,2,1,1,3,0,1,1,3,1,2,2,2,1,3,2,1,1,1,2,0,0,1,3,2,12±1;18.5±1.2,,,,,,,,,,,,,,,020201,category,Food and drink preparation,0.5327,51.2,Preparing food,3.93,0.69,,"joy,lrn",heuristic;observational,low,judgement;atus2014_2016;kahneman2004
cook-a-roast-chicken,Cook a roast chicken,canonical,cooking,"nutrition,food,saving-money",20,45,120,5,1,2,1,1,3,0,1,1,3,1,2,2,2,1,3,2,1,1,1,2,0,0,1,3,2,12±1;18.5±1.2,,,,,,,,,,,,,,,020201,category,Food and drink preparation,0.5327,51.2,Preparing food,3.93,0.69,,"joy,lrn",heuristic;observational,low,judgement;atus2014_2016;kahneman2004
cook-fish-curry,Cook fish curry,canonical,cooking,"nutrition,food,saving-money",20,45,120,5,1,2,1,1,3,0,1,1,3,1,2,2,2,1,3,2,1,1,1,2,0,0,1,3,2,12±1;18.5±1.2,,,,,,,,,,,,,,,020201,category,Food and drink preparation,0.5327,51.2,Preparing food,3.93,0.69,,"joy,lrn",heuristic;observational,low,judgement;atus2014_2016;kahneman2004
cook-pad-thai,Cook pad thai,canonical,cooking,"nutrition,food,saving-money",20,45,120,5,1,2,1,1,3,0,1,1,3,1,2,2,2,1,3,2,1,1,1,2,0,0,1,3,2,12±1;18.5±1.2,,,,,,,,,,,,,,,020201,category,Food and drink preparation,0.5327,51.2,Preparing food,3.93,0.69,,"joy,lrn",heuristic;observational,low,judgement;atus2014_2016;kahneman2004
cook-bibimbap,Cook bibimbap,canonical,cooking,"nutrition,food,saving-money",20,45,120,5,1,2,1,1,3,0,1,1,3,1,2,2,2,1,3,2,1,1,1,2,0,0,1,3,2,12±1;18.5±1.2,,,,,,,,,,,,,,,020201,category,Food and drink preparation,0.5327,51.2,Preparing food,3.93,0.69,,"joy,lrn",heuristic;observational,low,judgement;atus2014_2016;kahneman2004
cook-tacos,Cook tacos,canonical,cooking,"nutrition,food,saving-money",20,45,120,5,1,2,1,1,3,0,1,1,3,1,2,2,2,1,3,2,1,1,1,2,0,0,1,3,2,12±1;18.5±1.2,,,,,,,,,,,,,,,020201,category,Food and drink preparation,0.5327,51.2,Preparing food,3.93,0.69,,"joy,lrn",heuristic;observational,low,judgement;atus2014_2016;kahneman2004
cook-risotto,Cook risotto,canonical,cooking,"nutrition,food,saving-money",20,45,120,5,1,2,1,1,3,0,1,1,3,1,2,2,2,1,3,2,1,1,1,2,0,0,1,3,2,12±1;18.5±1.2,,,,,,,,,,,,,,,020201,category,Food and drink preparation,0.5327,51.2,Preparing food,3.93,0.69,,"joy,lrn",heuristic;observational,low,judgement;atus2014_2016;kahneman2004
cook-a-frittata,Cook a frittata,canonical,cooking,"nutrition,food,saving-money",20,45,120,5,1,2,1,1,3,0,1,1,3,1,2,2,2,1,3,2,1,1,1,2,0,0,1,3,2,12±1;18.5±1.2,,,,,,,,,,,,,,,020201,category,Food and drink preparation,0.5327,51.2,Preparing food,3.93,0.69,,"joy,lrn",heuristic;observational,low,judgement;atus2014_2016;kahneman2004
cook-a-lentil-soup,Cook a lentil soup,canonical,cooking,"nutrition,food,saving-money",20,45,120,5,1,2,1,1,3,0,1,1,3,1,2,2,2,1,3,2,1,1,1,2,0,0,1,3,2,12±1;18.5±1.2,,,,,,,,,,,,,,,020201,category,Food and drink preparation,0.5327,51.2,Preparing food,3.93,0.69,,"joy,lrn",heuristic;observational,low,judgement;atus2014_2016;kahneman2004
cook-banana-bread,Cook banana bread,canonical,cooking,"nutrition,food,saving-money",20,45,120,5,1,2,1,1,3,0,1,1,3,1,2,2,2,1,3,2,1,1,1,2,0,0,1,3,2,12±1;18.5±1.2,,,,,,,,,,,,,,,020201,category,Food and drink preparation,0.5327,51.2,Preparing food,3.93,0.69,,"joy,lrn",heuristic;observational,low,judgement;atus2014_2016;kahneman2004
take-a-trip-to-japan,Take a trip to Japan,canonical,travel,"adventure,novelty,enjoyment,travel",2880,7200,14400,240,4,3,1,1,1,0,2,2,4,4,0,0,2,2,2,2,2,3,2,2,1,2,4,1,1,10±2.5,,,,,,,,,,,,,,,18,category,Traveling (all purposes),0.8542,82.8,,,,,"dur,info,joy,money,nov,phys,rec,setup,tail",heuristic;observational,low,judgement;atus2014_2016
take-a-trip-to-south-korea,Take a trip to South Korea,canonical,travel,"adventure,novelty,enjoyment,travel",2880,7200,14400,240,4,3,1,1,1,0,2,2,4,4,0,0,2,2,2,2,2,3,2,2,1,2,4,1,1,10±2.5,,,,,,,,,,,,,,,18,category,Traveling (all purposes),0.8542,82.8,,,,,"dur,info,joy,money,nov,phys,rec,setup,tail",heuristic;observational,low,judgement;atus2014_2016
take-a-trip-to-taiwan,Take a trip to Taiwan,canonical,travel,"adventure,novelty,enjoyment,travel",2880,7200,14400,240,4,3,1,1,1,0,2,2,4,4,0,0,2,2,2,2,2,3,2,2,1,2,4,1,1,10±2.5,,,,,,,,,,,,,,,18,category,Traveling (all purposes),0.8542,82.8,,,,,"dur,info,joy,money,nov,phys,rec,setup,tail",heuristic;observational,low,judgement;atus2014_2016
take-a-trip-to-thailand,Take a trip to Thailand,canonical,travel,"adventure,novelty,enjoyment,travel",2880,7200,14400,240,4,3,1,1,1,0,2,2,4,4,0,0,2,2,2,2,2,3,2,2,1,2,4,1,1,10±2.5,,,,,,,,,,,,,,,18,category,Traveling (all purposes),0.8542,82.8,,,,,"dur,info,joy,money,nov,phys,rec,setup,tail",heuristic;observational,low,judgement;atus2014_2016
take-a-trip-to-bali,Take a trip to Bali,canonical,travel,"adventure,novelty,enjoyment,travel",2880,7200,14400,240,4,3,1,1,1,0,2,2,4,4,0,0,2,2,2,2,2,3,2,2,1,2,4,1,1,10±2.5,,,,,,,,,,,,,,,18,category,Traveling (all purposes),0.8542,82.8,,,,,"dur,info,joy,money,nov,phys,rec,setup,tail",heuristic;observational,low,judgement;atus2014_2016
take-a-trip-to-vietnam,Take a trip to Vietnam,canonical,travel,"adventure,novelty,enjoyment,travel",2880,7200,14400,240,4,3,1,1,1,0,2,2,4,4,0,0,2,2,2,2,2,3,2,2,1,2,4,1,1,10±2.5,,,,,,,,,,,,,,,18,category,Traveling (all purposes),0.8542,82.8,,,,,"dur,info,joy,money,nov,phys,rec,setup,tail",heuristic;observational,low,judgement;atus2014_2016
take-a-trip-to-malaysia,Take a trip to Malaysia,canonical,travel,"adventure,novelty,enjoyment,travel",2880,7200,14400,240,4,3,1,1,1,0,2,2,4,4,0,0,2,2,2,2,2,3,2,2,1,2,4,1,1,10±2.5,,,,,,,,,,,,,,,18,category,Traveling (all purposes),0.8542,82.8,,,,,"dur,info,joy,money,nov,phys,rec,setup,tail",heuristic;observational,low,judgement;atus2014_2016
take-a-trip-to-hong-kong,Take a trip to Hong Kong,canonical,travel,"adventure,novelty,enjoyment,travel",2880,7200,14400,240,4,3,1,1,1,0,2,2,4,4,0,0,2,2,2,2,2,3,2,2,1,2,4,1,1,10±2.5,,,,,,,,,,,,,,,18,category,Traveling (all purposes),0.8542,82.8,,,,,"dur,info,joy,money,nov,phys,rec,setup,tail",heuristic;observational,low,judgement;atus2014_2016
take-a-trip-to-australia,Take a trip to Australia,canonical,travel,"adventure,novelty,enjoyment,travel",2880,7200,14400,240,4,3,1,1,1,0,2,2,4,4,0,0,2,2,2,2,2,3,2,2,1,2,4,1,1,10±2.5,,,,,,,,,,,,,,,18,category,Traveling (all purposes),0.8542,82.8,,,,,"dur,info,joy,money,nov,phys,rec,setup,tail",heuristic;observational,low,judgement;atus2014_2016
take-a-trip-to-new-zealand,Take a trip to New Zealand,canonical,travel,"adventure,novelty,enjoyment,travel",2880,7200,14400,240,4,3,1,1,1,0,2,2,4,4,0,0,2,2,2,2,2,3,2,2,1,2,4,1,1,10±2.5,,,,,,,,,,,,,,,18,category,Traveling (all purposes),0.8542,82.8,,,,,"dur,info,joy,money,nov,phys,rec,setup,tail",heuristic;observational,low,judgement;atus2014_2016
take-a-trip-to-europe,Take a trip to Europe,canonical,travel,"adventure,novelty,enjoyment,travel",2880,7200,14400,240,4,3,1,1,1,0,2,2,4,4,0,0,2,2,2,2,2,3,2,2,1,2,4,1,1,10±2.5,,,,,,,,,,,,,,,18,category,Traveling (all purposes),0.8542,82.8,,,,,"dur,info,joy,money,nov,phys,rec,setup,tail",heuristic;observational,low,judgement;atus2014_2016
take-a-trip-to-the-philippines,Take a trip to the Philippines,canonical,travel,"adventure,novelty,enjoyment,travel",2880,7200,14400,240,4,3,1,1,1,0,2,2,4,4,0,0,2,2,2,2,2,3,2,2,1,2,4,1,1,10±2.5,,,,,,,,,,,,,,,18,category,Traveling (all purposes),0.8542,82.8,,,,,"dur,info,joy,money,nov,phys,rec,setup,tail",heuristic;observational,low,judgement;atus2014_2016
take-a-trip-to-sri-lanka,Take a trip to Sri Lanka,canonical,travel,"adventure,novelty,enjoyment,travel",2880,7200,14400,240,4,3,1,1,1,0,2,2,4,4,0,0,2,2,2,2,2,3,2,2,1,2,4,1,1,10±2.5,,,,,,,,,,,,,,,18,category,Traveling (all purposes),0.8542,82.8,,,,,"dur,info,joy,money,nov,phys,rec,setup,tail",heuristic;observational,low,judgement;atus2014_2016
take-a-trip-to-india,Take a trip to India,canonical,travel,"adventure,novelty,enjoyment,travel",2880,7200,14400,240,4,3,1,1,1,0,2,2,4,4,0,0,2,2,2,2,2,3,2,2,1,2,4,1,1,10±2.5,,,,,,,,,,,,,,,18,category,Traveling (all purposes),0.8542,82.8,,,,,"dur,info,joy,money,nov,phys,rec,setup,tail",heuristic;observational,low,judgement;atus2014_2016
take-a-trip-to-china,Take a trip to China,canonical,travel,"adventure,novelty,enjoyment,travel",2880,7200,14400,240,4,3,1,1,1,0,2,2,4,4,0,0,2,2,2,2,2,3,2,2,1,2,4,1,1,10±2.5,,,,,,,,,,,,,,,18,category,Traveling (all purposes),0.8542,82.8,,,,,"dur,info,joy,money,nov,phys,rec,setup,tail",heuristic;observational,low,judgement;atus2014_2016
go-birdwatching,Go birdwatching,canonical,leisure,"enjoyment,relaxation,leisure",20,60,180,20,0,1,1,1,0,0,2,0,3,3,0,0,1,1,4,0,1,1,0,1,0,0,3,3,1,21±2,,,1,1,,,,,,,,,,,1203,category,Relaxing and leisure,0.9101,257.7,,,,,"day,lrn,nov,out,phys,setup",heuristic;observational,low,judgement;singapore;atus2014_2016
go-fishing,Go fishing,canonical,leisure,"enjoyment,relaxation,leisure",20,60,180,30,0,1,0,1,0,0,1,0,3,4,0,0,1,1,4,0,1,1,0,1,0,0,2,3,1,21±2,,,1,1,,,,,,,,,,,130112,action,Fishing,0.0035,256.0,,,,,"atus,day,joy,nov,out,rec,setup",heuristic;observational,low,judgement;singapore;atus2014_2016
play-chess-online,Play chess online,canonical,leisure,"enjoyment,relaxation,leisure",20,60,180,0,0,1,0,3,0,0,2,0,3,3,0,0,1,1,4,0,1,1,0,1,0,0,1,3,1,21±2,,,,,,,,,,,,,,,1203,category,Relaxing and leisure,0.9101,257.7,,,,,"cog,joy,lrn",heuristic;observational,low,judgement;atus2014_2016
visit-a-library,Visit a library,canonical,learning,"learning,skill,understanding",20,60,120,20,0,3,0,4,0,2,3,0,2,0,0,0,4,2,4,1,3,4,1,2,0,2,1,1,2,20±3,,,,,10-21,,,,,,,,,,0603,category,Research and homework,0.0578,173.4,,,,,"joy,lrn,nov,open,setup",heuristic;observational,low,judgement;singapore;atus2014_2016
go-to-a-farmers-market,Go to a farmers' market,canonical,errands,"errands,chores,admin",15,40,90,15,1,2,1,1,2,0,0,1,3,0,3,1,2,1,3,2,1,0,2,1,0,0,2,2,1,11±2.5;17.5±1.5,,,,,6-12,,,,,,,,,,0701,category,"Shopping (store, telephone, internet)",0.3981,54.1,Shopping,3.95,0.74,,"hea,joy,nov,open,soc",heuristic;observational,low,judgement;singapore;atus2014_2016;kahneman2004
go-ice-skating,Go ice skating,canonical,exercise,"fitness,health,stress-reduction,exercise",20,45,90,10,2,3,3,1,4,0,0,0,4,2,0,0,4,1,4,1,2,1,2,1,3,0,3,1,3,7±1.5;18±2,17.5±2.5,1,,,10-22,fall injury,low,3,2,yes,falls,,,,1301,category,"Participating in sports, exercise or recreation",0.2014,90.8,Exercising,4.31,0.5,,"dn,joy,money,nov,open",heuristic;observational,low,judgement;singapore;atus2014_2016;kahneman2004
go-kayaking,Go kayaking,canonical,exercise,"fitness,health,stress-reduction,exercise",20,45,90,40,2,3,3,1,4,0,0,0,4,2,0,0,4,1,4,1,2,1,2,1,2,0,3,1,3,7±1.5;18±2,17.5±2.5,1,1,1,8-18.5,drowning or capsizing,low,4,4,yes,"no buoyancy aid, squalls",,,,130132,action,Participating in water sports,0.0142,104.7,Exercising,4.31,0.5,,"atus,day,dn,joy,money,nov,open,out,setup",heuristic;observational,low,judgement;singapore;atus2014_2016;kahneman2004
go-to-a-sauna,Go to a sauna,canonical,health,"health,self-care",20,40,60,20,2,1,1,1,3,0,0,0,3,4,0,0,3,1,4,2,1,1,2,1,0,0,0,2,2,8±2;21±2,,,,,10-22,,,,,,,,,,0103,category,Health-related self care,0.0665,71.3,,,,,"dur,joy,money,open,rec,setup",heuristic;observational,low,judgement;singapore;atus2014_2016
go-to-a-cafe-alone,Go to a café alone,canonical,leisure,"enjoyment,relaxation,leisure",20,60,180,15,1,1,0,1,0,0,1,0,3,3,0,0,1,1,4,0,1,1,0,1,0,0,1,3,1,21±2,,,,,8-22,,,,,,,,,,1203,category,Relaxing and leisure,0.9101,257.7,,,,,"joy,money,open,rec,setup",heuristic;observational,low,judgement;singapore;atus2014_2016
visit-a-friend-in-hospital,Visit a friend in hospital,canonical,relationships,"connection,relationships,belonging",20,60,180,10,1,3,0,1,1,0,0,4,1,2,0,0,3,2,3,2,2,1,4,2,0,2,1,2,3,19.5±2,,,,,,,,,,,,,,,1201,category,Socializing and communicating,0.3584,102.7,Socializing,4.59,0.57,,"act,joy,reg,soc",heuristic;observational,low,judgement;atus2014_2016;kahneman2004
attend-a-religious-service,Attend a religious service,canonical,mind,"clarity,stress-reduction,reflection",45,60,120,20,0,1,0,1,2,0,1,3,1,3,0,0,3,1,4,1,2,2,1,1,0,1,1,1,2,7.5±1.5;22±1.5,,,,,,,,,,,,,,,140101,action,Attending religious services,0.0461,114.1,Pray/worship/meditate,4.35,0.59,,"atus,drm,dur,rec,setup,soc",heuristic;observational,low,judgement;atus2014_2016;kahneman2004
go-to-a-comedy-show,Go to a comedy show,canonical,leisure,"enjoyment,relaxation,leisure",20,60,180,30,2,1,0,1,0,0,1,2,4,3,0,0,1,1,4,3,1,1,0,1,0,0,3,3,1,21±2,,,,,19.5-23.5,,,,,,,,,,1203,category,Relaxing and leisure,0.9101,257.7,,,,,"decay,joy,money,nov,open,setup,soc",heuristic;observational,low,judgement;singapore;atus2014_2016
go-to-the-theatre,Go to the theatre,canonical,leisure,"enjoyment,relaxation,leisure",120,150,180,30,3,1,0,1,0,0,1,0,4,3,0,0,1,1,4,4,1,1,0,1,0,0,3,3,1,21±2,,,,,19-23,,,,,,,,,,120401,action,Attending performing arts,0.0051,160.5,,,,,"atus,decay,dur,joy,money,nov,open,setup",heuristic;observational,low,judgement;singapore;atus2014_2016
have-a-bath,Have a bath,canonical,health,"health,self-care",20,30,45,0,0,1,1,1,3,0,0,0,3,4,0,0,3,1,4,2,1,1,2,1,0,0,0,2,2,8±2;21±2,,,,,,,,,,,,,,,0103,category,Health-related self care,0.0665,71.3,,,,,"dur,joy,rec",heuristic;observational,low,judgement;atus2014_2016
sit-in-the-sun,Sit in the sun,canonical,leisure,"enjoyment,relaxation,leisure",20,60,180,0,0,1,0,1,1,0,1,0,3,3,0,0,1,1,4,0,1,1,0,1,0,0,1,3,1,21±2,,,,,,,,,,,,,,,1203,category,Relaxing and leisure,0.9101,257.7,,,,,"hea,joy,rec",heuristic;observational,low,judgement;atus2014_2016
go-to-a-hackathon,Go to a hackathon,canonical,work,"work,progress,focus",240,480,720,30,0,3,0,4,0,4,4,3,1,0,0,2,3,2,4,2,3,2,2,3,0,4,4,3,1,10±2;14.5±2,,,,,,,,,,,,,,,0501,category,Working,0.4243,458.2,Working,3.62,0.97,,"dur,lrn,nov,setup,soc,tail",heuristic;observational,low,judgement;atus2014_2016;kahneman2004
tidy-your-desk,Tidy your desk,canonical,household,"home,order,chores",5,10,15,0,0,2,2,0,1,1,0,0,0,0,3,0,2,0,4,1,1,0,1,1,0,0,0,3,1,10.5±2.5;19.5±1.5,,,,,,,,,,,,,,,0201,category,Housework,0.3565,95.4,Housework,3.73,0.77,,"car,dur,hom",heuristic;observational,low,judgement;atus2014_2016;kahneman2004
go-for-a-swim-in-the-sea,Go for a swim in the sea,canonical,exercise,"fitness,health,stress-reduction,exercise",20,45,90,40,0,3,3,1,4,0,0,0,4,2,0,0,4,1,4,1,2,1,2,1,3,0,3,1,3,7±1.5;18±2,17.5±2.5,1,1,1,,drowning,low; unknown for a given spot,4,4,yes,"currents, swimming alone, storms",,,,130132,action,Participating in water sports,0.0142,104.7,Exercising,4.31,0.5,,"atus,day,dn,joy,nov,out,setup",heuristic;observational,low,judgement;singapore;atus2014_2016;kahneman2004
walk-in-nature,Walk in nature,canonical,exercise,"fitness,health,stress-reduction,exercise",20,45,90,20,0,1,1,1,3,0,0,0,2,4,0,0,4,1,4,1,2,1,2,1,1,0,1,1,2,7±1.5;18±2,17.5±2.5,1,1,1,,,,,,,,,,,130116,action,Hiking,0.0025,143.4,Exercising,4.31,0.5,,"act,atus,day,ev,hea,out,phys,rec,setup",heuristic;observational,low,judgement;singapore;atus2014_2016;kahneman2004
go-for-a-drive,Go for a drive,canonical,travel,"adventure,novelty,enjoyment,travel",45,90,180,5,2,3,0,1,1,0,2,2,3,2,0,0,2,2,2,2,2,3,2,2,2,2,3,1,1,10±2.5,,,,,,road traffic injury,low,4,4,yes,"fatigue, alcohol, phone use",,,,18,category,Traveling (all purposes),0.8542,82.8,,,,,"dn,dur,joy,money,phys,rec,setup",heuristic;observational,low,judgement;atus2014_2016
swim-alone-in-open-water,Swim alone in open water,avoid,avoid,avoid,5,30,90,0,0,1,0,0,3,0,0,0,3,0,0,0,0,3,1,0,0,0,0,0,1,0,1,1,1,,,,,,,drowning,unknown; materially higher than a supervised pool,4,4,yes,"no one to raise the alarm, currents","swim,go-for-a-swim-in-the-sea,go-for-a-swim-at-the-beach,go-snorkelling",swim,,,,,,,,,,,"act,decay,dn,dur,ev,freq,hea,info,joy,lt,nov,opt,rec,reg,rev,tail,unc",heuristic,low,judgement
swim-after-drinking,Swim after drinking,avoid,avoid,avoid,5,30,90,0,0,1,0,0,0,0,0,0,3,0,0,0,0,3,1,0,0,0,0,0,2,0,1,1,1,,,,,,,drowning,unknown; alcohol raises it,4,4,yes,alcohol impairs judgement and coordination,"swim,have-a-drink",rest,,,,,,,,,,,"act,decay,dn,dur,ev,freq,hea,info,joy,lt,nov,opt,rec,reg,rev,tail,unc",heuristic,low,judgement
drive-after-drinking,Drive after drinking,avoid,avoid,avoid,5,30,90,0,0,1,0,0,0,0,0,0,1,0,0,0,0,3,1,0,0,0,0,0,3,0,1,1,1,,,,,,,"road death, legal",low per trip; repeated exposure,4,4,yes,any alcohol before driving,"have-a-drink,go-for-a-drive,drive-to-work,go-on-a-road-trip",take-a-taxi,,,,,,,,,,,"act,decay,dn,dur,ev,freq,info,joy,lt,nov,opt,rec,reg,rev,tail,unc",heuristic,low,judgement
text-while-driving,Text while driving,avoid,avoid,avoid,5,30,90,0,0,1,0,0,0,0,0,1,1,0,0,0,0,3,1,0,0,0,0,0,2,0,1,1,1,,,,,,,road death,low per trip; repeated exposure,4,4,yes,eyes off the road,"go-for-a-drive,drive-to-work,send-a-text-message",take-public-transport,,,,,,,,,,,"act,decay,dn,dur,ev,freq,info,joy,lt,nov,opt,rec,reg,rev,soc,tail,unc",heuristic,low,judgement
drive-while-exhausted,Drive while exhausted,avoid,avoid,avoid,5,30,90,0,0,1,0,0,0,0,0,0,1,0,0,0,0,3,1,0,0,0,0,0,2,0,1,1,1,,,,,,,road death,low per trip; higher when sleep-deprived,4,4,yes,micro-sleeps,"go-for-a-drive,go-on-a-road-trip,stay-up-late",take-a-taxi,,,,,,,,,,,"act,decay,dn,dur,ev,freq,info,lt,nov,opt,rec,reg,rev,tail,unc",heuristic,low,judgement
cycle-on-roads-at-night-without-lights,Cycle on roads at night without lights,avoid,avoid,avoid,5,30,90,0,0,1,0,0,3,0,0,0,2,0,0,0,0,3,1,0,0,0,0,0,2,0,1,1,1,,,,,,,road traffic injury,unknown; higher than daytime with lights,4,4,yes,drivers cannot see you,"cycle,cycle-to-work,take-a-bike-share-bike",cycle,,,,,,,,,,,"act,decay,dn,dur,ev,freq,hea,info,joy,lt,nov,opt,rec,reg,rev,tail,unc",heuristic,low,judgement
run-hard-in-the-midday-heat,Run hard in the midday heat,avoid,avoid,avoid,5,30,90,0,0,1,0,0,3,0,0,0,1,0,0,0,0,3,1,0,0,0,0,0,2,0,1,1,1,,,,,,,heat stroke,low; higher in tropical midday heat,4,3,yes,"high heat and humidity, dehydration","go-for-a-run,go-for-a-long-run,go-hiking",go-for-a-run,,,,,,,,,,,"act,decay,dn,dur,ev,freq,hea,info,lt,nov,opt,rec,reg,rev,tail,unc",heuristic,low,judgement
hike-alone-without-telling-anyone,Hike alone without telling anyone,avoid,avoid,avoid,5,30,90,0,0,1,0,0,3,0,0,0,3,0,0,0,0,3,1,0,0,0,0,0,1,0,1,1,1,,,,,,,injury with no rescue,low; unknown,4,3,yes,a fall with no one knowing where you are,"go-hiking,walk-in-nature,go-rock-climbing-outdoors",walk-in-nature,,,,,,,,,,,"act,decay,dn,dur,ev,freq,hea,info,joy,lt,nov,opt,rec,reg,rev,tail,unc",heuristic,low,judgement
swim-in-the-sea-during-a-thunderstorm,Swim in the sea during a thunderstorm,avoid,avoid,avoid,5,30,90,0,0,1,0,0,0,0,0,0,2,0,0,0,0,3,1,0,0,0,0,0,2,0,1,1,1,,,,,,,"lightning strike, drowning",low; Singapore has frequent lightning,4,4,yes,"storms, which in Singapore are often afternoon","go-for-a-swim-in-the-sea,go-to-the-beach,swim",stay-home,,,,,,,,,,,"act,decay,dn,dur,ev,freq,info,joy,lt,nov,opt,rec,reg,rev,tail,unc",heuristic,low,judgement
lift-heavy-without-warming-up,Lift heavy without warming up,avoid,avoid,avoid,5,30,90,0,0,1,0,0,3,0,0,0,1,0,0,0,0,3,1,0,0,0,0,0,2,0,1,1,1,,,,,,,musculoskeletal injury,unknown,3,2,yes,"cold tissue, poor form, fatigue","strength-training,go-to-the-gym",do-mobility-work,,,,,,,,,,,"act,decay,dn,dur,ev,freq,hea,info,lt,nov,opt,rec,reg,rev,tail,unc",heuristic,low,judgement
exercise-through-sharp-pain,Exercise through sharp pain,avoid,avoid,avoid,5,30,90,0,0,1,0,0,1,0,0,0,1,0,0,0,0,3,1,0,0,0,0,0,3,0,1,1,1,,,,,,,injury,unknown,3,3,yes,sharp or unusual pain,"go-to-the-gym,go-for-a-run,strength-training",rest,,,,,,,,,,,"act,decay,dn,dur,ev,freq,hea,info,lt,nov,opt,rec,reg,rev,tail,unc",heuristic,low,judgement
ignore-chest-pain,Ignore chest pain,avoid,avoid,avoid,5,30,90,0,0,1,0,0,0,0,0,0,1,0,0,0,0,3,1,0,0,0,0,0,3,0,1,1,1,,,,,,,severe health event,unknown,4,4,no,"chest pain, breathlessness, sudden weakness","rest,book-a-doctors-appointment",seek-urgent-medical-care,,,,,,,,,,,"act,decay,dn,dur,ev,freq,info,lt,nov,opt,rec,reg,rev,tail,unc",heuristic,low,judgement
skip-your-medication,Skip your medication,avoid,avoid,avoid,5,30,90,0,0,1,0,0,0,0,0,0,1,0,0,0,0,3,1,0,0,0,0,0,2,0,1,1,1,,,,,,,health deterioration,depends on the medicine,3,3,yes,prescribed daily medicine,take-your-medication,take-your-medication,,,,,,,,,,,"act,decay,dn,dur,ev,freq,info,lt,nov,opt,rec,reg,rev,tail,unc",heuristic,low,judgement
mix-medication-with-alcohol,Mix medication with alcohol,avoid,avoid,avoid,5,30,90,0,0,1,0,0,0,0,0,0,2,0,0,0,0,3,1,0,0,0,0,0,2,0,1,1,1,,,,,,,adverse interaction,unknown; depends on the medicine,4,3,yes,"sedatives, painkillers, some antibiotics","have-a-drink,take-your-medication",drink-water,,,,,,,,,,,"act,decay,dn,dur,ev,freq,info,joy,lt,nov,opt,rec,reg,rev,tail,unc",heuristic,low,judgement
leave-the-stove-on-and-go-out,Leave the stove on and go out,avoid,avoid,avoid,5,30,90,0,0,1,0,0,0,0,0,0,1,0,0,0,0,3,1,0,0,0,0,0,1,0,1,1,1,,,,,,,fire,very low; repeated,4,4,yes,unattended heat,"cook-dinner,cook-lunch",cook-dinner,,,,,,,,,,,"act,decay,dn,dur,ev,freq,info,lt,nov,opt,rec,reg,rev,tail,unc",heuristic,low,judgement
send-an-angry-email,Send an angry email,avoid,avoid,avoid,5,30,90,0,0,1,0,0,0,0,0,0,1,0,0,0,0,3,1,0,0,0,0,0,3,0,1,1,1,,,,,,,relationship and reputational harm,moderate,3,3,yes,writing while angry; cannot be unsent,"reply-to-email,write-a-difficult-email",write-in-a-journal,,,,,,,,,,,"act,car,decay,dn,dur,ev,freq,info,lt,nov,opt,rec,reg,rev,soc,tail,unc",heuristic,low,judgement
post-something-inflammatory-online,Post something inflammatory online,avoid,avoid,avoid,5,30,90,0,0,1,0,0,0,0,0,0,1,0,0,0,0,3,1,0,0,0,0,0,3,0,1,1,1,,,,,,,permanent reputational harm,low to moderate,3,4,yes,screenshots persist,"post-an-update-online,scroll-social-media",write-in-a-journal,,,,,,,,,,,"act,decay,dn,dur,ev,freq,info,joy,lt,nov,opt,rec,reg,rev,tail,unc",heuristic,low,judgement
invest-borrowed-money-in-a-speculative-asset,Invest borrowed money in a speculative asset,avoid,avoid,avoid,5,30,90,0,0,1,0,0,0,0,0,0,1,0,0,1,0,3,1,0,0,0,0,0,4,3,1,1,1,,,,,,,catastrophic financial loss,unknown,4,3,no,leverage turns a drawdown into a debt,"invest,buy-a-lottery-ticket",set-up-a-savings-plan,,,,,,,,,,,"act,decay,dn,dur,ev,fin,freq,info,lt,nov,opt,rec,reg,rev,tail,unc",heuristic,low,judgement
gamble-to-win-back-losses,Gamble to win back losses,avoid,avoid,avoid,5,30,90,0,0,1,0,0,0,0,0,0,1,0,0,0,0,3,1,0,0,0,0,0,4,1,1,1,1,,,,,,,escalating financial loss,moderate once chasing starts,4,3,yes,chasing,buy-a-lottery-ticket,save-the-money,,,,,,,,,,,"act,decay,dn,dur,ev,freq,info,joy,lt,nov,opt,rec,reg,rev,tail,unc",heuristic,low,judgement
take-on-high-interest-debt-for-a-purchase,Take on high-interest debt for a purchase,avoid,avoid,avoid,5,30,90,0,0,1,0,0,0,0,0,0,2,0,0,0,0,3,1,0,0,0,0,0,3,0,1,1,1,,,,,,,compounding debt,moderate if the balance rolls over,3,2,yes,interest compounding against you,"buy-this,buy-a-new-phone,buy-a-car,buy-a-laptop",wait-24-hours-before-buying,,,,,,,,,,,"act,decay,dn,dur,ev,freq,info,joy,lt,nov,opt,rec,reg,rev,tail,unc",heuristic,low,judgement
sign-a-contract-without-reading-it,Sign a contract without reading it,avoid,avoid,avoid,5,30,90,0,0,1,0,0,0,0,0,0,1,0,0,0,0,3,1,0,0,0,0,0,2,0,1,1,1,,,,,,,legal or financial lock-in,low,3,3,yes,"auto-renewals, penalties, liability clauses","fill-in-a-form,buy-furniture,subscribe-to-a-service",read-the-contract-carefully,,,,,,,,,,,"act,decay,dn,dur,ev,freq,info,lt,nov,opt,rec,reg,rev,tail,unc",heuristic,low,judgement
click-a-suspicious-link,Click a suspicious link,avoid,avoid,avoid,5,30,90,0,0,1,0,0,0,0,0,0,1,0,0,0,0,3,1,0,0,0,0,0,2,0,1,1,1,,,,,,,"account takeover, financial loss",low per message; repeated,3,2,yes,urgent messages asking you to log in or pay,"check-your-phone,reply-to-email,reply-to-messages",change-your-password,,,,,,,,,,,"act,decay,dn,dur,ev,freq,info,lt,nov,opt,rec,reg,rev,tail,unc",heuristic,low,judgement
quit-your-job-impulsively,Quit your job impulsively,avoid,avoid,avoid,5,30,90,0,0,1,0,0,0,1,0,0,1,0,0,0,0,3,1,0,0,0,0,0,3,2,1,1,1,,,,,,,income loss,high if no plan,3,3,no,a bad day,"apply-for-a-job,stop-working-for-the-day",apply-for-a-job,,,,,,,,,,,"act,car,decay,dn,dur,ev,freq,info,lt,nov,opt,rec,reg,rev,tail,unc",heuristic,low,judgement
make-a-major-decision-while-exhausted-or-angry,Make a major decision while exhausted or angry,avoid,avoid,avoid,5,30,90,0,0,1,0,0,0,0,0,0,1,0,0,0,0,3,1,0,0,0,0,0,2,0,1,1,1,,,,,,,irreversible commitment,moderate,3,3,yes,"fatigue, anger","make-a-decision,resolve-a-conflict",sleep-on-it,,,,,,,,,,,"act,decay,dn,dur,ev,freq,info,lt,nov,opt,rec,reg,rev,tail,unc",heuristic,low,judgement
doomscroll-past-midnight,Doomscroll past midnight,avoid,avoid,avoid,5,30,90,0,0,1,0,0,0,0,0,0,1,0,0,0,0,3,1,0,0,0,0,0,1,0,1,1,1,,,,,,,sleep loss (not ruin),high,1,1,yes,phone in bed,"scroll-social-media,stay-up-late",wind-down-for-bed,,,,,,,,,,,"act,decay,dn,dur,ev,freq,hea,info,joy,lt,nov,opt,rec,reg,rev,tail,unc",heuristic,low,judgement
stay-up-all-night-before-a-big-day,Stay up all night before a big day,avoid,avoid,avoid,5,30,90,0,0,1,0,0,0,1,0,0,1,0,0,0,0,3,1,0,0,0,0,0,2,0,1,1,1,,,,,,,performance collapse (not ruin),high,2,1,no,the big day itself,"stay-up-late,study-for-an-exam",go-to-bed-early,,,,,,,,,,,"act,car,decay,dn,dur,ev,freq,info,lt,nov,opt,rec,reg,rev,tail,unc",heuristic,low,judgement
