alias,action_id
10 minute nap,nap
10000 steps,walk-10-000-steps
10k,run-a-race
1:1,have-a-one-to-one
1password,set-up-a-password-manager
2.4km run,do-a-fitness-test
20 20 20,stretch-your-eyes
20 minute walk,take-a-20-minute-walk
25 minutes focus,work-in-a-pomodoro
2fa,change-your-password
2fa,turn-on-two-factor-authentication
30 minutes earlier,go-to-bed-early
4d,buy-a-lottery-ticket
5-a-side football,play-5-a-side-football
5-a-side football game,play-5-a-side-football
5k,run-a-race
a and e,seek-urgent-medical-care
a frittata,cook-a-frittata
a lentil soup,cook-a-lentil-soup
a new language,study-a-new-language
a roast chicken,cook-a-roast-chicken
a stir fry,cook-a-stir-fry
a traybake,cook-a-traybake
a/b test,run-an-experiment
ab test,run-an-experiment
abs,do-a-plank
acai,drink-a-smoothie-bowl
accept invitation,say-yes-to-an-invitation
accept offer,respond-to-a-job-offer-before-it-expires
accompany to doctor,take-a-parent-to-the-doctor
accounting,study-accounting
act now,implement-the-idea
active commute,walk-to-work
active listening,listen-properly-to-someone
active recovery day,take-a-rest-day
activewear,buy-running-gear
adapter,buy-a-travel-adapter
add to cart,buy-this
admin block,batch-small-tasks-together
admit a mistake at work,admit-a-mistake-at-work
admit mistake,admit-a-mistake-at-work
adopt a cat,adopt-a-pet
adopt a dog,adopt-a-pet
adopt a pet,adopt-a-pet
adult colouring,colour-in
aerobics,do-an-aerobics-class
afternoon tea,have-afternoon-tea
air conditioner,service-the-air-con
air cooler,buy-a-fan-or-air-cooler
air filter,change-the-air-con-filter
air fryer,buy-an-air-fryer
air purifier,buy-an-air-purifier
airbnb,book-accommodation
aircon,buy-a-fan
aircon,service-the-air-con
aircon filter,change-the-air-con-filter
aircon servicing,service-the-air-con
airpods,buy-headphones
airport,go-to-the-airport
album,listen-to-an-album-start-to-finish
alcohol and meds,mix-medication-with-alcohol
algebra,study-algebra
aligners,clean-your-retainer
all nighter,stay-up-all-night-before-a-big-day
all-nighter,stay-up-all-night-before-a-big-day
alone time,spend-time-alone
alterations,get-clothes-altered
alumni,go-to-a-reunion
amusement park,go-to-a-theme-park
analyse the data,analyse-the-data
analyze data,analyse-the-data
anc headphones,buy-noise-cancelling-headphones
android update,update-your-phone
angry email,send-an-angry-email
anki,review-flashcards
anki review,do-a-spaced-repetition-review
another paper,read-another-paper
answer an old message,reply-to-a-message-you-have-been-putting-off
answer email,reply-to-email
answer support tickets,answer-support-tickets
anthropology,study-anthropology
anywheel,take-a-bike-share-bike
apologise,apologise-to-someone
apologise first,say-sorry-first
apologise to someone,apologise-to-someone
apologize,apologise-to-someone
app limits,set-app-time-limits
app subscription,buy-software
apple,eat-fruit
apple watch,buy-a-smartwatch
application form,fill-in-a-form
apply,apply-what-you-know
apply bto,apply-for-a-bto-flat
apply for a bto flat,apply-for-a-bto-flat
apply for a government grant or scheme,apply-for-a-government-grant-or-scheme
apply for a job,apply-for-a-job
apply for a visa,apply-for-a-visa
apply job,apply-for-a-job
apply sunscreen,use-sunscreen
apply what you know,apply-what-you-know
appraisal,write-a-performance-review
aqua aerobics,do-aqua-aerobics
aquarium,clean-the-fish-tank
aquarium,go-to-the-zoo
arab street,visit-kampong-glam
arabic,study-arabic
arabic lesson,study-arabic
arcade,go-to-an-arcade
architecture,study-architecture
archive email,archive-old-emails
archive old emails,archive-old-emails
arduino,tinker-with-a-gadget
arrange childcare,arrange-childcare
arrange to meet,plan-the-next-meetup
art class,take-a-painting-class
art gallery,visit-an-art-gallery
art history,study-art-history
art supplies,buy-art-supplies
artscience,visit-the-artscience-museum
arxiv,browse-arxiv
asian civilisations museum,visit-the-asian-civilisations-museum
ask a clarifying question,ask-a-clarifying-question
ask a colleague for help,ask-a-colleague-for-help
ask a deeper question,ask-a-deeper-question
ask a friend a deeper question,ask-a-deeper-question
ask a friend for help,ask-for-help
ask a question,ask-a-clarifying-question
ask an expert,ask-an-expert-a-question
ask an expert a question,ask-an-expert-a-question
ask coworker,ask-a-colleague-for-help
ask for a promotion,ask-for-a-promotion
ask for a raise,negotiate-your-salary
ask for feedback,ask-for-feedback
ask for help,ask-for-help
ask out,ask-someone-on-a-date
ask someone on a date,ask-someone-on-a-date
ask someone out,ask-someone-on-a-date
ask the author,email-the-author
ask what would have to be true,ask-what-would-have-to-be-true
ask your bank to waive a fee,ask-your-bank-to-waive-a-fee
ask your manager,ask-a-clarifying-question
assemble,assemble-furniture
assemble furniture,assemble-furniture
assign task,delegate-a-task
astronomy,study-astronomy
astronomy night,go-stargazing
atm,go-to-the-bank
attend a birthday party,attend-a-birthday-party
attend a book launch,attend-a-book-launch
attend a community class,attend-a-community-class
attend a conference talk,attend-a-conference-talk
attend a funeral or wake,attend-a-funeral-or-wake
attend a job interview,attend-a-job-interview
attend a lecture,sit-in-on-a-lecture
attend a meet-the-people session,attend-a-meet-the-people-session
attend a meeting,attend-a-meeting
attend a religious service,attend-a-religious-service
attend a residents' committee event,attend-a-residents-committee-event
attend a wedding,attend-a-wedding
attend a workshop,attend-a-workshop
audible,listen-to-an-audiobook
audio,listen-to-a-podcast
audiobook,listen-to-an-audiobook
audiologist,get-a-hearing-test
audit a class,sit-in-on-a-lecture
australia,take-a-trip-to-australia
author talk,attend-a-book-launch
auto save,set-up-a-savings-plan
automate,automate-a-repetitive-task
automate a repetitive task,automate-a-repetitive-task
automatic savings,set-up-a-savings-plan
avoid peak hour,leave-early-to-beat-traffic
avoid traffic,leave-early-to-beat-traffic
axs,pay-at-the-axs-machine
axs machine,pay-at-the-axs-machine
baby visit,visit-a-friends-new-baby
babysit,babysit-for-a-friend
babysit for a friend,babysit-for-a-friend
back stretch,stretch-your-back
back up,back-up-your-files
back up your files,back-up-your-files
back up your laptop,back-up-your-laptop
back up your phone photos,back-up-your-phone-photos
background music,put-on-music
backpack,buy-a-backpack
backup,back-up-your-files
backup drive,buy-an-external-hard-drive
backups,back-up-your-files
backyard birds,birdwatch-in-your-garden
badminton,play-a-sport
badminton,play-badminton
badminton game,play-badminton
bag,buy-a-backpack
bake,bake
bake a cake,bake
bake bread,bake
bake bread lessons,learn-to-bake-bread
bake cookies,bake-cookies
baking,bake
balance,check-your-bank-account
balance,practise-balance-exercises
balance sheet,check-your-net-worth
balance training,practise-balance-exercises
balcony,mop-the-balcony
balcony,sit-and-do-nothing-on-the-balcony
balcony plants,buy-plants-for-the-balcony
bali,take-a-trip-to-bali
ballot,apply-for-a-bto-flat
banana,eat-fruit
banana bread,cook-banana-bread
band practice,play-a-musical-instrument-with-others
bands,do-resistance-band-exercises
bank,go-to-the-bank
bank balance,check-your-bank-account
barbecue,grill-or-barbecue
barber,get-a-haircut
baseball,play-baseball
baseball game,play-baseball
basketball,play-a-sport
basketball,play-basketball
basketball game,play-basketball
bass guitar,practise-the-bass-guitar
bass guitar practice,practise-the-bass-guitar
batam,take-a-ferry-to-batam-or-bintan
batch cook,meal-prep
batch cooking,meal-prep
batch email,batch-your-messages
batch errands,batch-your-errands
batch messages,batch-your-messages
batch small tasks together,batch-small-tasks-together
batch tasks,batch-small-tasks-together
batch your errands,batch-your-errands
batch your messages,batch-your-messages
batching,batch-small-tasks-together
bath,have-a-bath
bath,take-a-shower
bath time,bathe-your-child
bath towels,buy-towels
bathe,take-a-shower
bathe your child,bathe-your-child
bathroom,clean-the-bathroom
battery,replace-a-battery
bbq,grill-or-barbecue
be a caregiver for a day,be-a-caregiver-for-a-day
be alone,spend-time-alone
be present,listen-properly-to-someone
beach,go-to-the-beach
beach cleanup,pick-up-litter
beach in lightning,swim-in-the-sea-during-a-thunderstorm
beach swim,go-for-a-swim-at-the-beach
beach volleyball,play-beach-volleyball
beach volleyball game,play-beach-volleyball
bed,sleep
bed earlier,go-to-bed-early
bed early,go-to-bed-early
bed frame,buy-furniture
bedding,buy-new-bedding
bedsheets,change-the-bed-sheets
bedtime,put-your-child-to-bed
bedtime reading,read-before-bed
bedtime routine,wind-down-for-bed
bedtime story,read-to-your-child
beer,have-a-drink
beginner lesson,watch-an-introductory-lesson
benchmark,benchmark-your-code
benchmark your code,benchmark-your-code
bento,pack-a-lunch
bib gourmand,try-a-michelin-bib-gourmand-stall
bibimbap,cook-bibimbap
bible,read-scripture
bicycle,buy-a-bike
big breakfast,cook-a-big-breakfast
bike,cycle
bike commute,cycle-to-work
bike helmet,buy-a-bicycle-helmet
bike ride,cycle
bike share,take-a-bike-share-bike
billiards,play-pool
billing,invoice-a-client
bills,pay-your-bills
binge,watch-tv
bins,take-out-the-rubbish
bintan,take-a-ferry-to-batam-or-bintan
biography,read-a-biography
biology,study-biology
bird park,go-to-the-zoo
birds,go-birdwatching
birdwatch in your garden,birdwatch-in-your-garden
birdwatching,go-birdwatching
birthday,attend-a-birthday-party
birthday cake,buy-a-cake
birthday gift,buy-a-birthday-present
birthday message,send-a-birthday-message
birthday wish,send-a-birthday-message
biscuits,bake-cookies
bishan-ang mo kio park,visit-bishan-ang-mo-kio-park
bitwarden,set-up-a-password-manager
bjj,martial-arts-class
black and white phone,turn-on-grayscale-on-your-phone
blackout,make-your-room-dark
blackout curtains,buy-and-hang-blackout-curtains
blender,buy-a-blender
blinds,buy-curtains
block calendar,block-your-calendar-for-focus
block your calendar for focus,block-your-calendar-for-focus
blocked sink,unclog-a-drain
blog,write-a-blog-post
blog,write-something
blog post,write-a-blog-post
blood pressure,measure-your-blood-pressure
blood test,get-a-health-check-up
blood test,go-for-a-blood-test
blue bin,drop-off-recycling
bluetooth speaker,buy-a-speaker
board game,play-a-board-game
board game night,have-a-games-night
boba,get-bubble-tea
body scan,do-a-body-scan
bodyweight,do-bodyweight-exercises
boil an egg,boil-an-egg
boil eggs,boil-an-egg
book,read-a-book
book a colonoscopy,book-a-colonoscopy
book a dental cleaning,see-a-dentist
book a doctor's appointment,book-a-doctors-appointment
book a fare sale that ends today,book-a-fare-sale-that-ends-today
book a holiday,book-a-holiday
book a mammogram,book-a-mammogram
book a slot,book-a-slot-online
book a slot,schedule-an-appointment
book a slot online,book-a-slot-online
book a therapy session,book-a-therapy-session
book a trip,book-a-holiday
book a vaccination,book-a-vaccination
book accommodation,book-accommodation
book appointment,schedule-an-appointment
book babysitter,arrange-childcare
book dentist,book-your-next-dentist-visit
book doctor,book-a-doctors-appointment
book flights,book-flights
book gift,buy-a-book-for-a-friend
book hotel,book-accommodation
book launch,attend-a-book-launch
book purchase,buy-a-book
book therapy,book-a-therapy-session
book your next dentist visit,book-your-next-dentist-visit
bookshelf,buy-a-bookshelf
bookshop,go-to-a-bookshop
bookstore,go-to-a-bookshop
booster,book-a-vaccination
borrow,borrow-it-instead
borrow it instead,borrow-it-instead
borrow to invest,invest-borrowed-money-in-a-speculative-asset
bottle,buy-a-water-bottle
bottle of wine,buy-wine
bouldering,climb
boundary,set-a-boundary
bouquet,buy-flowers
bowel screening,book-a-colonoscopy
bowling,go-bowling
box breathing,do-breathing-exercises
boxing,do-boxing-training
boxing,martial-arts-class
boxing class,do-boxing-training
bp,measure-your-blood-pressure
brain dump,write-down-a-plan-for-an-unfinished-task
brainstorm,brainstorm-ideas
brainstorm ideas,brainstorm-ideas
branch,go-to-the-bank
breach check,check-for-a-data-breach
bread,make-bread
break,take-a-short-break
break up,end-a-relationship-that-is-not-working
breakfast,eat-breakfast
breakfast out,eat-breakfast-out
breakup,end-a-relationship-that-is-not-working
breast screening,book-a-mammogram
breather,take-a-short-break
breathing,do-breathing-exercises
breathwork,do-breathing-exercises
brew coffee,make-coffee
bridge,play-cards
broadway,go-to-a-musical
broken lift,report-a-broken-streetlight-or-lift
browse,browse-the-internet
browse,consume-instead-of-create
browse arxiv,browse-arxiv
browse shops,go-shopping-for-fun
browse the internet,browse-the-internet
brunch,have-brunch
brush and floss,brush-and-floss
brush teeth,brush-and-floss
brush the cat,groom-your-pet
brush your hair,brush-your-hair
bt hill,climb-bukit-timah-hill
bto,apply-for-a-bto-flat
bto,buy-a-home
bubble bath,have-a-bath
bubble tea,get-bubble-tea
budget,make-a-budget
budget lessons,learn-to-budget
budgeting,make-a-budget
bugis street,visit-bugis-street
build a dashboard,build-a-dashboard
build a lego set,build-a-lego-set
build an emergency fund,build-an-emergency-fund
build it,implement-the-idea
build lego,build-a-lego-set
build something,build-something
build the feature,write-code
bukit timah,climb-bukit-timah-hill
bulb,change-a-light-bulb
bulk buy,buy-in-bulk
bus,take-public-transport
bus,take-the-bus
bus ride,take-a-long-bus-ride-to-nowhere
business,start-a-business
button,sew-on-a-button
buy a backpack,buy-a-backpack
buy a bicycle helmet,buy-a-bicycle-helmet
buy a bike,buy-a-bike
buy a birthday present,buy-a-birthday-present
buy a blender,buy-a-blender
buy a board game,buy-a-board-game
buy a book,buy-a-book
buy a book for a friend,buy-a-book-for-a-friend
buy a bookshelf,buy-a-bookshelf
buy a cake,buy-a-cake
buy a camera,buy-a-camera
buy a car,buy-a-car
buy a car seat,buy-a-car-seat
buy a cctv camera,buy-a-cctv-camera
buy a chair,buy-a-chair
buy a coffee grinder,buy-a-coffee-grinder
buy a coffee machine,buy-a-coffee-machine
buy a console,buy-a-console
buy a course,buy-a-course
buy a dehumidifier,buy-a-dehumidifier
buy a desk,buy-a-desk
buy a desk lamp,buy-a-desk-lamp
buy a digital piano,buy-a-digital-piano
buy a door lock,buy-a-door-lock
buy a drone,buy-a-drone
buy a fan,buy-a-fan
buy a fan or air cooler,buy-a-fan-or-air-cooler
buy a fire extinguisher,buy-a-fire-extinguisher
buy a first aid kit,buy-a-first-aid-kit
buy a fitness tracker,buy-a-fitness-tracker
buy a flat,buy-a-home
buy a fountain pen,buy-a-fountain-pen
buy a gadget,buy-a-gadget
buy a game,buy-a-game
buy a gift,buy-a-gift
buy a gift card,buy-a-gift-card
buy a gift for your parents,buy-a-gift-for-your-parents
buy a guitar,buy-a-guitar
buy a gym membership,buy-a-gym-membership
buy a home,buy-a-home
buy a house,buy-a-home
buy a houseplant,buy-a-houseplant
buy a houseplant for a friend,buy-a-houseplant-for-a-friend
buy a jigsaw puzzle,buy-a-jigsaw-puzzle
buy a kettle,buy-a-kettle
buy a keyboard,buy-a-keyboard
buy a kindle,buy-a-kindle
buy a knife set,buy-a-knife-set
buy a lamp,buy-a-lamp
buy a laptop,buy-a-laptop
buy a lottery ticket,buy-a-lottery-ticket
buy a lottery ticket at the kiosk,buy-a-lottery-ticket-at-the-kiosk
buy a mattress,buy-a-mattress
buy a microphone,buy-a-microphone
buy a monitor,buy-a-monitor
buy a new mattress topper,buy-a-new-mattress-topper
buy a new outfit,buy-a-new-outfit
buy a new pair of glasses,buy-a-new-pair-of-glasses
buy a new phone,buy-a-new-phone
buy a new sim card,buy-a-new-sim-card
buy a notebook,buy-a-notebook
buy a pet bed,buy-a-pet-bed
buy a phone,buy-a-phone
buy a phone case,buy-a-phone-case
buy a plant,buy-a-plant
buy a plant stand,buy-a-plant-stand
buy a policy,buy-insurance
buy a portable charger,buy-a-portable-charger
buy a pot or pan,buy-a-pot-or-pan
buy a present for a child,buy-a-present-for-a-child
buy a printer,buy-a-printer
buy a rice cooker,buy-a-rice-cooker
buy a router,buy-a-router
buy a rug,buy-a-rug
buy a second monitor,buy-a-second-monitor
buy a secondhand book,buy-a-secondhand-book
buy a smartwatch,buy-a-smartwatch
buy a smoke detector,buy-a-smoke-detector
buy a speaker,buy-a-speaker
buy a standing desk,buy-a-standing-desk
buy a stroller,buy-a-stroller
buy a suitcase,buy-a-suitcase
buy a tablet,buy-a-tablet
buy a thoughtful gift,buy-a-thoughtful-gift
buy a travel adapter,buy-a-travel-adapter
buy a travel pillow,buy-a-travel-pillow
buy a tv,buy-a-tv
buy a vacuum cleaner,buy-a-vacuum-cleaner
buy a video game,buy-a-video-game
buy a watch,buy-a-watch
buy a water bottle,buy-a-water-bottle
buy a water filter,buy-a-water-filter
buy a webcam,buy-a-webcam
buy a winter jacket for travel,buy-a-winter-jacket-for-travel
buy a yoga mat,buy-a-yoga-mat
buy an air fryer,buy-an-air-fryer
buy an air purifier,buy-an-air-purifier
buy an ergonomic chair,buy-an-ergonomic-chair
buy an expensive item on impulse,buy-an-expensive-item-on-impulse
buy an external hard drive,buy-an-external-hard-drive
buy an umbrella,buy-an-umbrella
buy an umbrella for the rainy season,buy-an-umbrella-for-the-rainy-season
buy and hang blackout curtains,buy-and-hang-blackout-curtains
buy art supplies,buy-art-supplies
buy bed sheets,buy-bed-sheets
buy board game,buy-board-games
buy board games,buy-board-games
buy clothes,buy-clothes
buy coffee,get-a-coffee
buy concert tickets,buy-concert-tickets
buy concert tickets before they sell out,buy-concert-tickets-before-they-sell-out
buy curtains,buy-curtains
buy dumbbells,buy-dumbbells
buy earbuds,buy-earbuds
buy flowers,buy-flowers
buy food,go-grocery-shopping
buy food containers,buy-food-containers
buy furniture,buy-furniture
buy groceries,go-grocery-shopping
buy groceries online,buy-groceries-online
buy headphones,buy-headphones
buy in bulk,buy-in-bulk
buy insurance,buy-insurance
buy it,buy-this
buy it second-hand,buy-it-second-hand
buy kitchen knives,buy-kitchen-knives
buy luggage tags,buy-luggage-tags
buy medicine,buy-medicine
buy new bedding,buy-new-bedding
buy noise-cancelling headphones,buy-noise-cancelling-headphones
buy now pay later,take-on-high-interest-debt-for-a-purchase
buy pet supplies,buy-pet-supplies
buy plants for the balcony,buy-plants-for-the-balcony
buy present,buy-a-gift
buy property,buy-a-home
buy running gear,buy-running-gear
buy running shoes,buy-running-shoes
buy sandals,buy-sandals
buy school supplies,buy-school-supplies
buy skincare products,buy-skincare-products
buy software,buy-software
buy someone a coffee,spend-a-small-amount-on-someone-else
buy something with a free-return window,buy-something-with-a-free-return-window
buy sportswear,buy-sportswear
buy stamps,buy-stamps
buy stocks,invest
buy sunblock and insect repellent,buy-sunblock-and-insect-repellent
buy sunglasses,buy-sunglasses
buy swimwear,buy-swimwear
buy tea,buy-tea
buy this,buy-this
buy tickets to a show that is about to sell out,buy-concert-tickets-before-they-sell-out
buy towels,buy-towels
buy wine,buy-wine
buy with returns,buy-something-with-a-free-return-window
buy work shoes,buy-work-shoes
cab,take-a-taxi
cable management,sort-out-the-cables
cafe,people-watch-at-a-cafe
cafe breakfast,eat-breakfast-out
cafe work,work-from-a-cafe
caffeine,drink-coffee
café,people-watch-at-a-cafe
cake,have-dessert
calculus,study-calculus
calendar reminder,set-a-reminder
calendar renewal,schedule-a-reminder-for-a-renewal
calisthenics,do-bodyweight-exercises
call,make-a-phone-call
call a company,call-a-company
call a family member,call-a-family-member
call a friend,call-a-friend
call a friend back,call-a-friend-back
call a handyman,call-a-handyman
call a plumber,call-a-plumber
call back,call-a-friend-back
call customer service,call-a-company
call dad,call-your-parents
call family,call-a-family-member
call friend,call-a-friend
call home,call-your-parents
call in sick,take-a-sick-day
call it a day,stop-working-for-the-day
call mom,call-your-parents
call mum,call-a-family-member
call mum,call-your-parents
call my brother,call-a-family-member
call my sister,call-a-family-member
call parents,call-your-parents
call support,call-a-company
call the bank,call-a-company
call the telco,call-a-company
call to check on a sick relative,call-to-check-on-a-sick-relative
call to negotiate a bill,negotiate-a-bill
call your parents,call-your-parents
calligraphy,do-calligraphy
calm,meditate
calm down,do-breathing-exercises
calorie counting,track-what-you-eat
camera,buy-a-camera
camp,go-camping
camping,go-camping
cancel,cancel-a-subscription
cancel a gym membership,cancel-a-gym-membership
cancel a subscription,cancel-a-subscription
cancel membership,cancel-a-gym-membership
cancel subscription,cancel-a-subscription
cantonese,study-cantonese
cantonese lesson,study-cantonese
car,buy-a-car
car inspection,get-your-car-inspected
car service,get-the-car-serviced
car wash,wash-the-car
card,write-a-card
card game,play-a-board-game
card trick,learn-a-card-trick
cards,play-a-board-game
cards,play-cards
care for someone,be-a-caregiver-for-a-day
care package,cook-for-a-sick-friend
career break,take-a-sabbatical
career change,change-careers
caregiving,be-a-caregiver-for-a-day
carousell,buy-it-second-hand
carousell listing,sell-something-online
carpentry,do-woodworking
carpet,buy-a-rug
carpool,carpool
carry on working,continue-working
case,buy-a-phone-case
cashback,use-a-coupon
cat food,buy-pet-supplies
cat litter,clean-the-litter-box
catch a flight,go-to-the-airport
catch up,meet-a-friend
catch up on messages,reply-to-messages
catch up with a friend,call-a-friend
caulk,re-caulk-the-bathroom
cc class,attend-a-community-class
cc event,attend-a-residents-committee-event
cctv,buy-a-cctv-camera
cdc vouchers,apply-for-a-government-grant-or-scheme
ceiling fan,clean-the-ceiling-fan
celebrate,celebrate-a-small-win
celebrate a small win,celebrate-a-small-win
cello,practise-the-cello
cello practice,practise-the-cello
ceramics,do-a-pottery-class
chair,buy-furniture
chair a meeting,run-a-meeting
change a light bulb,change-a-light-bulb
change a tyre lessons,learn-to-change-a-tyre
change careers,change-careers
change course,change-your-field-of-study
change hairstyle,try-a-different-haircut
change major,change-your-field-of-study
change of address,update-your-address
change of scenery,work-somewhere-new-for-the-afternoon
change sheets,change-the-bed-sheets
change the air-con filter,change-the-air-con-filter
change the bed sheets,change-the-bed-sheets
change your field of study,change-your-field-of-study
change your password,change-your-password
changi,go-to-jewel-changi
changi beach,visit-changi-beach
charge phone,charge-your-devices
charge your devices,charge-your-devices
charger,buy-a-portable-charger
charging,charge-your-devices
charity,donate-to-a-cause
charity work,volunteer
chart,build-a-dashboard
chase an unpaid invoice,chase-an-unpaid-invoice
chase application,follow-up-on-an-application
chase losses,gamble-to-win-back-losses
chase payment,chase-an-unpaid-invoice
chase reply,send-a-follow-up-email
chat,reply-to-messages
chat with someone new,talk-with-a-stranger
cheap flights,book-a-fare-sale-that-ends-today
cheaper,compare-prices
check a symptom,check-a-symptom
check account,check-your-bank-account
check cpf,check-your-cpf-statement
check email,check-your-inbox
check email at set times,check-email-at-set-times
check email at three set times,check-email-at-set-times
check for a data breach,check-for-a-data-breach
check in,check-in-on-a-friend
check in on a friend,check-in-on-a-friend
check in on an older relative,check-in-on-an-older-relative
check in online for a flight,check-in-online-for-a-flight
check locks,lock-up-properly
check on elderly parent,check-in-on-an-older-relative
check on grandparents,check-in-on-an-older-relative
check on someone ill,call-to-check-on-a-sick-relative
check phone,check-your-phone
check preprints,browse-arxiv
check slack,check-slack
check the news once,check-the-news-once
check the route,plan-your-route
check the smoke alarm,check-the-smoke-alarm
check the weather,check-the-weather
check transactions,check-your-bank-for-unusual-charges
check transactions,check-your-credit-card-statement
check up,get-a-health-check-up
check your bank account,check-your-bank-account
check your bank for unusual charges,check-your-bank-for-unusual-charges
check your cpf statement,check-your-cpf-statement
check your credit card statement,check-your-credit-card-statement
check your credit report,check-your-credit-report
check your inbox,check-your-inbox
check your insurance coverage,check-your-insurance-coverage
check your net worth,check-your-net-worth
check your phone,check-your-phone
check your posture,check-your-posture
check your weight,check-your-weight
checklist,write-a-checklist
checkout,buy-this
chef knife,buy-a-knife-set
chemist,go-to-the-pharmacy
chemistry,study-chemistry
chess,play-a-board-game
chess,play-chess
chess.com,play-chess-online
chest pain,ignore-chest-pain
chicken rice,cook-chicken-rice
chicken rice,eat-chicken-rice
child car seat,buy-a-car-seat
childcare,arrange-childcare
children,have-a-child
chill,rest
chin ups,do-pull-ups
china,take-a-trip-to-china
chinatown,visit-chinatown
chinatown complex hawker centre,visit-chinatown-complex-hawker-centre
chinese garden,visit-chinese-garden
choose,make-a-decision
chop vegetables,prep-vegetables
chore chart,set-up-a-cleaning-rota
chore schedule,set-up-a-cleaning-rota
church,attend-a-religious-service
cigarette,smoke-a-cigarette
cinema,go-to-the-cinema
claim an expense,claim-an-expense
claim insurance,claim-insurance
claim vouchers,apply-for-a-government-grant-or-scheme
clarify,ask-a-clarifying-question
clarify task,turn-a-vague-task-into-a-next-action
clarke quay,visit-clarke-quay
class,attend-a-workshop
class reunion,go-to-a-reunion
classic,read-a-classic-novel
classic literature,read-a-classic-novel
classics,study-classics
clean a wound,clean-a-wound
clean desk,tidy-your-desk
clean desktop,organise-your-files
clean keyboard,clean-your-phone-and-keyboard
clean out the fridge and use leftovers,clean-out-the-fridge-and-use-leftovers
clean room,clean-your-room
clean the bathroom,clean-the-bathroom
clean the ceiling fan,clean-the-ceiling-fan
clean the fish tank,clean-the-fish-tank
clean the fridge,clean-the-fridge
clean the kitchen,clean-the-kitchen
clean the litter box,clean-the-litter-box
clean the microwave,clean-the-microwave
clean the oven,clean-the-oven
clean the sofa,clean-the-sofa
clean the toilet,clean-the-toilet
clean the windows,clean-the-windows
clean toilet,clean-the-bathroom
clean up,pick-up-litter
clean up code,clean-up-your-codebase
clean up code,refactor-code
clean up computer,clear-your-downloads
clean up drive,declutter-your-digital-files
clean up your codebase,clean-up-your-codebase
clean up your photos,clean-up-your-photos
clean your phone and keyboard,clean-your-phone-and-keyboard
clean your retainer,clean-your-retainer
clean your room,clean-your-room
cleaner,hire-a-cleaner
cleaning rota,set-up-a-cleaning-rota
cleaning service,hire-a-cleaner
clear notifications,clear-your-notifications
clear table,clear-the-clutter-on-a-table
clear the clutter on a table,clear-the-clutter-on-a-table
clear the gutters,clear-the-gutters
clear your desk at the end of the day,clear-your-desk-at-the-end-of-the-day
clear your downloads,clear-your-downloads
clear your inbox,clear-your-inbox
clear your notifications,clear-your-notifications
clear your paper mail,clear-your-paper-mail
click a suspicious link,click-a-suspicious-link
click agree,sign-a-contract-without-reading-it
climate science,study-climate-science
climb,climb
climb bukit timah hill,climb-bukit-timah-hill
climb stairs,take-the-stairs
climb the stairs at home,climb-the-stairs-at-home
climbing,climb
clinic,book-a-doctors-appointment
clock out,stop-working-for-the-day
clogged drain,unclog-a-drain
close tabs,close-unnecessary-browser-tabs
close unnecessary browser tabs,close-unnecessary-browser-tabs
close your eyes,rest
closet,organise-your-wardrobe
clothes,buy-clothes
cloud forest,visit-gardens-by-the-bay
club,join-a-club
co-op game,play-a-video-game-with-friends
coat,buy-a-winter-jacket-for-travel
cobbler,get-shoes-repaired
cocktail,have-a-drink
code feedback,give-feedback-to-a-colleague
code lessons,learn-to-code
code review,review-a-pull-request
code reviews,do-code-review
coding,write-code
coffee,get-a-coffee
coffee break,make-coffee
coffee chat,go-for-coffee-with-a-colleague
coffee machine,buy-a-coffee-machine
coffee nap,nap
coffee shop work,work-from-a-cafe
coffee with colleague,go-for-coffee-with-a-colleague
coin karaoke,karaoke
coin toss,flip-a-coin-for-a-stuck-decision
cold compress,ice-an-injury
cold plunge,take-a-cold-shower
cold shower,take-a-cold-shower
collect a parcel from a locker,collect-a-parcel-from-a-locker
collect dry cleaning,pick-up-dry-cleaning
collect medicine,pick-up-a-prescription
collect package,pick-up-a-parcel
collect prescription,pick-up-a-prescription
collect takeaway,pick-up-takeaway
colonoscopy,book-a-colonoscopy
colour in,colour-in
colouring,colour-in
colouring book,colour-in
comb,brush-your-hair
combine errands,batch-your-errands
comedy,go-to-a-comedy-show
comedy special,watch-a-stand-up-special
comfort show,rewatch-a-favourite-show
comics,read-comics
community centre class,attend-a-community-class
community chat,join-a-neighbourhood-group
community event,attend-a-residents-committee-event
community garden,join-a-community-garden
community service,volunteer
commute by car,drive-to-work
commute by mrt,commute-by-mrt
compare phone plans,compare-phone-plans
compare prices,compare-prices
compare quotes,get-a-quote
competition,enter-a-competition
complain,write-a-complaint
complaint,write-a-complaint
compliment,give-a-sincere-compliment
compose,make-music
concentrate,deep-work
concept map,make-a-mind-map
concert,go-to-a-concert
concert tickets,buy-concert-tickets
condolence,send-a-condolence-note
condolences,send-a-condolence-note
coney island,visit-coney-island
conference,network
conference talk,attend-a-conference-talk
conference video,watch-a-conference-recording
congee,cook-congee
congee,make-porridge
congrats,congratulate-someone
congratulate,congratulate-someone
congratulate someone,congratulate-someone
connect two people,introduce-two-people
consistent bedtime,go-to-bed-at-the-same-time
consistent wake time,get-up-at-the-same-time-every-day
console,play-video-games
consult an expert,ask-an-expert-a-question
consume,consume-instead-of-create
consume instead of create,consume-instead-of-create
contact a researcher,email-the-author
contact old teacher,email-a-former-teacher-or-mentor
contact someone interesting,email-the-author
contact the author,email-the-author
contact your mp,write-to-your-mp
containers,buy-food-containers
contest,enter-a-competition
continue debugging,continue-debugging
continue work,continue-working
continue working,continue-working
conversation practice,practise-speaking-a-language
cook,cook-dinner
cook a big breakfast,cook-a-big-breakfast
cook a curry,cook-a-curry
cook a frittata,cook-a-frittata
cook a lentil soup,cook-a-lentil-soup
cook a one-pot meal,cook-a-one-pot-meal
cook a roast chicken,cook-a-roast-chicken
cook a signature dish lessons,learn-to-cook-a-signature-dish
cook a stir fry,cook-a-stir-fry
cook a traybake,cook-a-traybake
cook banana bread,cook-banana-bread
cook bibimbap,cook-bibimbap
cook chicken rice,cook-chicken-rice
cook congee,cook-congee
cook dal,cook-dal
cook dinner,cook-dinner
cook dumplings,cook-dumplings
cook eggs,boil-an-egg
cook fish curry,cook-fish-curry
cook for a friend,cook-for-someone
cook for a sick friend,cook-for-a-sick-friend
cook for partner,cook-for-someone
cook for someone,cook-for-someone
cook for the week,meal-prep
cook laksa,cook-laksa
cook lunch,cook-lunch
cook mee goreng,cook-mee-goreng
cook nasi goreng,cook-nasi-goreng
cook pad thai,cook-pad-thai
cook ramen from scratch,cook-ramen-from-scratch
cook risotto,cook-risotto
cook sambal,cook-sambal
cook something new,try-a-new-recipe
cook tacos,cook-tacos
cook with a new ingredient,cook-with-a-new-ingredient
cookies,bake-cookies
cooking,cook-dinner
cooking class,take-a-cooking-class
cooking theory,study-cooking-theory
cool down,cool-down-after-exercise
cool down after exercise,cool-down-after-exercise
cooldown,cool-down-after-exercise
cooling off,wait-24-hours-before-buying
core workout,do-a-plank
corridor drains,clear-the-gutters
costco,buy-in-bulk
cough syrup,buy-medicine
counseling,see-a-therapist
counselling,see-a-therapist
countdown,watch-fireworks
coupon,use-a-coupon
course,take-an-online-course
coursera,take-an-online-course
cover letter,write-a-cover-letter
cpf,check-your-cpf-statement
cpf nomination,update-your-will-or-nominations
cpf office,queue-at-a-government-office
cpf statement,check-your-cpf-statement
cpf top up,top-up-your-cpf
cracked screen,get-your-phone-repaired
craft,build-something
crafts,build-something
crag,go-rock-climbing-outdoors
creative writing,write-something
credit bureau,check-your-credit-report
credit card,check-your-credit-card-statement
credit card bill,pay-your-credit-card-in-full
credit card debt,take-on-high-interest-debt-for-a-purchase
credit report,check-your-credit-report
credit score,check-your-credit-report
cricket,play-cricket
cricket game,play-cricket
cricket in the park,play-cricket-in-the-park
cricket in the park game,play-cricket-in-the-park
crochet,knit-or-sew
crochet project,crochet-something
crochet something,crochet-something
cross trainer,use-the-elliptical
crossfit,do-crossfit
crossword,do-a-crossword
crossword,do-a-puzzle
crunch numbers,analyse-the-data
cry,sit-with-your-feelings
crypto on credit,invest-borrowed-money-in-a-speculative-asset
cryptography,study-cryptography
cuddle,hug-someone
cuddle the cat,spend-time-with-a-pet
cup of tea,make-tea
cup of tea and relax,relax-with-a-cup-of-tea
cupboard,organise-a-cupboard
curry,cook-a-curry
curry,cook-a-one-pot-meal
curtains,wash-the-curtains
customer support,answer-support-tickets
cut caffeine,drink-less-caffeine
cut down on alcohol,cut-down-on-alcohol
cut nails,trim-your-nails
cut your own hair lessons,learn-to-cut-your-own-hair
cv,update-your-cv
cycle,cycle
cycle at night,cycle-on-roads-at-night-without-lights
cycle commute,cycle-to-work
cycle east coast park,cycle-east-coast-park
cycle ecp,cycle-east-coast-park
cycle on roads at night without lights,cycle-on-roads-at-night-without-lights
cycle to work,cycle-to-work
cycling,cycle
dabao,pick-up-takeaway
daily drawing,start-a-sketchbook-page
daily intention,set-an-intention-for-the-day
dal,cook-dal
dance,dance
dance class,dance
dance class,take-a-dance-class
dance salsa lessons,learn-to-dance-salsa
dancing,dance
dark room,make-your-room-dark
darts,play-darts
dashboard,build-a-dashboard
data analysis,analyse-the-data
data science,study-data-science
databases,study-databases
date,go-on-a-date
date idea,plan-a-date
date night,go-on-a-date
date night in,have-a-date-night-at-home
day off,take-annual-leave
day out with kids,plan-a-family-outing
day trip,go-on-a-day-trip
day trip to jb,go-to-johor-bahru
daydream,daydream
daylight,get-sunlight
deathbed test,think-about-what-you-would-regret-not-doing
debug,continue-debugging
debugging,continue-debugging
decaf,drink-less-caffeine
decide,make-a-decision
decide angry,make-a-major-decision-while-exhausted-or-angry
decide by a deadline,decide-by-a-deadline
decide by friday,decide-by-a-deadline
decide tired,make-a-major-decision-while-exhausted-or-angry
decide tomorrow,sleep-on-it
decision,make-a-decision
decision deadline,decide-by-a-deadline
decision journal,journal-about-a-decision
decision theory,study-decision-theory
deck,prepare-a-presentation
decline a meeting that has no agenda,skip-the-meeting
decline an invitation,decline-an-invitation
decline meeting,skip-the-meeting
decline plans,decline-an-invitation
decline request,say-no-to-a-request
declutter,declutter
declutter room,clean-your-room
declutter your digital files,declutter-your-digital-files
decorate,decorate-your-room
decorate your room,decorate-your-room
deep breath,take-three-deep-breaths
deep clean,deep-clean-the-house
deep clean the house,deep-clean-the-house
deep conversation,ask-a-deeper-question
deep work,deep-work
defer,leave-it-for-now
defer the decision,sleep-on-it
defrost,defrost-the-freezer
defrost the freezer,defrost-the-freezer
dehumidifier,buy-a-dehumidifier
delegate,delegate-a-task
delegate a task,delegate-a-task
delete an app for a week,delete-an-app-for-a-week
delete app,delete-an-app-for-a-week
delete files,clear-your-downloads
delete one app from your phone for a week,delete-an-app-for-a-week
delete photos,clean-up-your-photos
delivery,order-takeaway
delivery instead,order-it-online
dempsey hill,visit-dempsey-hill
dental,see-a-dentist
dental check up,see-a-dentist
dental cleaning,see-a-dentist
dental hygiene,brush-and-floss
dentist,see-a-dentist
dentist appointment,book-your-next-dentist-visit
deploy,deploy-a-change
deploy a change,deploy-a-change
descale,descale-the-kettle
descale the kettle,descale-the-kettle
design,study-design
design a poster,design-a-poster
design doc,write-a-design-document
desk,buy-a-desk
desk,buy-furniture
desk,tidy-your-desk
desk stretch,stretch-at-your-desk
dessert,have-dessert
device,buy-a-gadget
diary,write-in-a-journal
different haircut,try-a-different-haircut
different route,take-a-different-route-to-work
difficult conversation,resolve-a-conflict
digestive walk,take-a-walk-after-eating
digital declutter,declutter-your-digital-files
digital detox,put-your-phone-away
digital lock,buy-a-door-lock
digital piano,buy-a-digital-piano
digital sabbath,do-a-digital-sabbath
digital wellbeing,review-your-screen-time
dim sum,have-dim-sum
dine out,eat-out
dining table clutter,clear-the-clutter-on-a-table
dinner,eat-dinner
dinner party,host-dinner
dishes,do-the-dishes
dishwasher,do-the-dishes
dishwasher,unload-the-dishwasher
disinfect phone,clean-your-phone-and-keyboard
display,buy-a-monitor
distract yourself,keep-busy
dive,go-scuba-diving
diving,go-scuba-diving
divorce,get-a-divorce
diy,fix-something-broken
diy gift,make-a-gift-by-hand
diy shop,go-to-the-hardware-store
dm,send-a-text-message
dnd,turn-off-notifications
do a body scan,do-a-body-scan
do a crossword,do-a-crossword
do a digital sabbath,do-a-digital-sabbath
do a face mask,do-a-face-mask
do a fitness test,do-a-fitness-test
do a five-minute workout,do-a-five-minute-workout
do a guided stretching video,do-a-guided-stretching-video
do a handstand lessons,learn-to-do-a-handstand
do a hiit workout,do-a-hiit-workout
do a home workout,do-a-home-workout
do a jigsaw puzzle,do-a-jigsaw-puzzle
do a kettlebell workout,do-a-kettlebell-workout
do a load of whites,do-a-load-of-whites
do a plank,do-a-plank
do a pottery class,do-a-pottery-class
do a pre-mortem,do-a-pre-mortem
do a pull-up lessons,learn-to-do-a-pull-up
do a puzzle,do-a-puzzle
do a skin check,do-a-skin-check
do a spaced-repetition review,do-a-spaced-repetition-review
do a spin class,do-a-spin-class
do a stretching routine,do-a-stretching-routine
do a ten-minute reset,do-a-ten-minute-reset
do a weekly review,do-a-weekly-review
do an aerobics class,do-an-aerobics-class
do an easy task,do-an-easy-task
do an outdoor fitness corner workout,do-an-outdoor-fitness-corner-workout
do aqua aerobics,do-aqua-aerobics
do basic first aid lessons,learn-to-do-basic-first-aid
do bodyweight exercises,do-bodyweight-exercises
do boxing training,do-boxing-training
do breathing exercises,do-breathing-exercises
do calligraphy,do-calligraphy
do code review,do-code-review
do cpr lessons,learn-to-do-cpr
do crossfit,do-crossfit
do freelance work,do-freelance-work
do gymnastics,do-gymnastics
do interval sprints,do-interval-sprints
do mathematics,do-mathematics
do mobility work,do-mobility-work
do not disturb,turn-off-notifications
do nothing,do-nothing
do nothing at all,do-nothing
do nothing yet,wait-and-see
do overtime,do-overtime
do past exam papers,do-past-exam-papers
do physiotherapy exercises,do-physiotherapy-exercises
do pilates reformer,do-pilates-reformer
do pull-ups,do-pull-ups
do resistance band exercises,do-resistance-band-exercises
do skincare,do-skincare
do something useful,do-something-useful
do something with your hands,do-something-with-your-hands
do squats,do-squats
do tai chi,do-tai-chi
do the dishes,do-the-dishes
do the hard task first,do-the-hard-task-first
do the laundry,do-the-laundry
do woodworking,do-woodworking
do yoga,do-yoga
do your ns reservist training,do-your-ns-reservist-training
do your taxes,do-your-taxes
doc,watch-a-documentary
docs,write-documentation
doctor,book-a-doctors-appointment
doctor visit,see-a-gp
document,write-documentation
documentary,watch-a-documentary
documents,sort-your-paperwork
dodgeball,play-dodgeball
dodgeball game,play-dodgeball
dog,play-with-your-dog
dog bed,buy-a-pet-bed
dog food,buy-pet-supplies
dog training,train-your-dog
dog walk,walk-the-dog
dollar cost average,put-savings-into-an-index-fund
don't buy,save-the-money
don't go,stay-home
donate,donate-to-a-cause
donate blood,donate-blood
donate clothes,donate-old-clothes
donate old clothes,donate-old-clothes
donate stuff,declutter
donate to a cause,donate-to-a-cause
donation,donate-to-a-cause
dont buy,save-the-money
dont drink,cut-down-on-alcohol
dont go out,stay-home
doodle,draw
doomscroll,scroll-social-media
doomscroll past midnight,doomscroll-past-midnight
doormat,wash-the-floor-mats
download offline maps,download-offline-maps
downloads,clear-your-downloads
draft,write-it-up
draw,draw
draw portraits lessons,learn-to-draw-portraits
drawing,draw
dress up,get-dressed-properly
drink a protein shake,drink-a-protein-shake
drink a smoothie bowl,drink-a-smoothie-bowl
drink alcohol,have-a-drink
drink and swim,swim-after-drinking
drink caffeine,drink-coffee
drink coffee,drink-coffee
drink driving,drive-after-drinking
drink less caffeine,drink-less-caffeine
drink on medication,mix-medication-with-alcohol
drink water,drink-water
drink water when you wake up,drink-water-when-you-wake-up
dripping tap,fix-a-leaking-tap
drive,drive-to-work
drive,go-for-a-drive
drive after drinking,drive-after-drinking
drive home after drinks,drive-after-drinking
drive lessons,learn-to-drive
drive tired,drive-while-exhausted
drive to work,drive-to-work
drive up to malaysia,go-on-a-road-trip
drive while exhausted,drive-while-exhausted
drone,buy-a-drone
drop off dry cleaning,drop-off-dry-cleaning
drop off kids,drop-your-child-at-school
drop off laundry at a laundromat,drop-off-laundry-at-a-laundromat
drop off recycling,drop-off-recycling
drop your child at school,drop-your-child-at-school
drowsy driving,drive-while-exhausted
drums,practise-the-drums
drums practice,practise-the-drums
drunk driving,drive-after-drinking
dry cleaning,drop-off-dry-cleaning
dry week,skip-alcohol-for-a-week
dumbbell set,buy-dumbbells
dumbbells,lift-weights-at-home
dumplings,cook-dumplings
duolingo,learn-a-language
durian,eat-durian
dust,wipe-down-surfaces
dusting,wipe-down-surfaces
duvet,buy-new-bedding
e-reader,buy-a-kindle
ear piercing,get-a-piercing
earbuds,buy-headphones
early night,go-to-bed-early
early swim,swim
earphones,buy-headphones
east coast,go-to-the-beach
east coast park,cycle-east-coast-park
eat a meal with someone,eat-a-meal-with-someone
eat a salad,eat-a-salad
eat a snack,eat-a-snack
eat an ice cream,eat-an-ice-cream
eat at a hawker centre,eat-at-a-hawker-centre
eat breakfast,eat-breakfast
eat breakfast out,eat-breakfast-out
eat chicken rice,eat-chicken-rice
eat dinner,eat-dinner
eat durian,eat-durian
eat fruit,eat-fruit
eat laksa,eat-laksa
eat leftovers,eat-leftovers
eat lunch,eat-lunch
eat more vegetables,eat-more-vegetables
eat nasi lemak,eat-nasi-lemak
eat out,eat-out
eat roti prata,eat-roti-prata
eat slowly,eat-slowly
eat somewhere new,try-a-new-restaurant
eat sushi,eat-sushi
eat the frog,do-the-hard-task-first
eat together,eat-a-meal-with-someone
eat with someone instead of alone,eat-a-meal-with-someone
eat without your phone,eat-without-your-phone
ebay,buy-it-second-hand
economics,study-economics
ecp,cycle-east-coast-park
edit a video,edit-a-video
edit video,edit-a-video
edit video lessons,learn-to-edit-video
edit wikipedia,write-a-wikipedia-edit
edit your photos,edit-your-photos
educational video,watch-a-lecture
eggs,boil-an-egg
ego lift,lift-heavy-without-warming-up
election,vote
elective surgery,have-elective-surgery
electric kettle,buy-a-kettle
electricity provider,switch-electricity-provider
electronics,tinker-with-a-gadget
elliptical,use-the-elliptical
email,reply-to-email
email a former teacher or mentor,email-a-former-teacher-or-mentor
email a researcher,email-the-author
email author,email-the-author
email cleanup,archive-old-emails
email mentor,email-a-former-teacher-or-mentor
email schedule,check-email-at-set-times
email the author,email-the-author
email windows,check-email-at-set-times
emails,reply-to-email
emergency,seek-urgent-medical-care
emergency department,go-to-the-a-e-for-a-serious-symptom
emergency fund,build-an-emergency-fund
emigrate,emigrate
encourage someone online,leave-a-kind-comment
end a relationship,end-a-relationship-that-is-not-working
end a relationship that is not working,end-a-relationship-that-is-not-working
end of day routine,clear-your-desk-at-the-end-of-the-day
engagement,propose-marriage
enough research,stop-researching
enrichment,take-your-child-to-a-class
enrol,enrol-in-a-course
enrol in a course,enrol-in-a-course
enroll,enrol-in-a-course
ensemble,play-a-musical-instrument-with-others
enter a competition,enter-a-competition
equestrian,go-horse-riding
ereader,buy-a-kindle
erg,row
ergonomic chair,buy-an-ergonomic-chair
ergonomics,check-your-posture
erhu,practise-the-erhu
erhu practice,practise-the-erhu
errand run,batch-your-errands
escape room,go-to-an-escape-room
esim,buy-a-new-sim-card
esplanade,visit-the-esplanade
esplanade concert,go-to-a-classical-concert
espresso,make-coffee
espresso machine,buy-a-coffee-machine
estate planning,write-a-will
estimate,estimate-how-long-a-task-will-take
estimate how long a task will take,estimate-how-long-a-task-will-take
etf,invest
etf,put-savings-into-an-index-fund
ethiopian,try-a-new-cuisine
europe,take-a-trip-to-europe
europe trip,take-a-long-haul-holiday
evening meal,eat-dinner
evening plan,plan-tomorrow
evening reset,do-a-ten-minute-reset
evening routine,wind-down-for-bed
evening walk,go-for-a-walk
event volunteer,help-at-a-community-event
exam prep,study-for-an-exam
excel,update-a-spreadsheet
excursion,go-on-a-day-trip
exercise,go-to-the-gym
exercise sheet,solve-a-practice-problem
exercise snack,do-a-five-minute-workout
exercise through sharp pain,exercise-through-sharp-pain
exhibition,visit-an-art-gallery
expense claim,claim-an-expense
expenses folder,organise-your-receipts
experiment,run-an-experiment
expired food,throw-out-expired-food
explain it in your own words,explain-it-in-your-own-words
explain the problem,rubber-duck-the-problem
explain to someone,teach-someone
explainer videos,learn-about-a-topic-on-youtube
explore,visit-a-new-neighbourhood
explore a heartland,explore-a-new-hdb-estate
explore a new hdb estate,explore-a-new-hdb-estate
explore the city,visit-a-new-neighbourhood
extinguisher,buy-a-fire-extinguisher
extra monitor,buy-a-second-monitor
eye break,stretch-your-eyes
eye exam,get-your-eyes-tested
eye mask,make-your-room-dark
eye test,get-your-eyes-tested
eyebrows,get-your-eyebrows-done
ez-link,top-up-your-transport-card
fab lab,visit-a-makerspace
face mask,wear-a-mask
face mask skincare,do-a-face-mask
facebook,scroll-social-media
facetime,video-call-your-family
facilitate,run-a-meeting
fairprice online,buy-groceries-online
family dinner,have-a-family-dinner
family group photo,send-a-photo-to-your-family
family outing,plan-a-family-outing
family time,play-with-your-kids
famous stall,queue-for-a-famous-stall
fan,buy-a-fan
fare sale,book-a-fare-sale-that-ends-today
farmers market,go-to-a-farmers-market
fast,skip-this-meal
fasting,skip-this-meal
faucet,fix-a-leaking-tap
fee waiver,ask-your-bank-to-waive-a-fee
feed cat,feed-the-pet
feed dog,feed-the-pet
feed the pet,feed-the-pet
feedback,give-feedback-to-a-colleague
feedback form,write-a-complaint
feel it,sit-with-your-feelings
feelings,sit-with-your-feelings
ferry,take-a-ferry-to-batam-or-bintan
festival,go-to-a-festival
feynman technique,explain-it-in-your-own-words
fiction,read-a-novel
file management,organise-your-files
file taxes,do-your-taxes
file your income tax,file-your-income-tax
filing,sort-your-paperwork
fill in a form,fill-in-a-form
fill one bag of things to give away,donate-old-clothes
fill up petrol,fill-up-petrol
film,watch-a-film
film something,make-a-video
film studies,study-film-studies
filter jug,buy-a-water-filter
finance,study-finance
finance a gadget,take-on-high-interest-debt-for-a-purchase
find a therapist,book-a-therapy-session
find the bug,continue-debugging
fine,pay-a-parking-fine
fine print,read-the-fine-print
finish work,stop-working-for-the-day
fire alarm,check-the-smoke-alarm
fireworks,watch-fireworks
first aid,clean-a-wound
first aid,study-first-aid
first aid kit,buy-a-first-aid-kit
first date,go-on-a-first-date
fish curry,cook-fish-curry
fish tank,clean-the-fish-tank
fishing,go-fishing
fit kit,book-a-colonoscopy
fitbit,buy-a-fitness-tracker
fitness corner,do-an-outdoor-fitness-corner-workout
fitness test,do-a-fitness-test
fitness tracker,buy-a-fitness-tracker
five minute workout,do-a-five-minute-workout
fix,fix-something-broken
fix a bike lessons,learn-to-fix-a-bike
fix a leaking tap,fix-a-leaking-tap
fix a production issue,fix-a-production-issue
fix a squeaky door,fix-a-squeaky-door
fix a wobbly table,fix-a-wobbly-table
fix furniture,fix-a-wobbly-table
fix it,fix-something-broken
fix something broken,fix-something-broken
fix the bug,continue-debugging
fix your wi-fi,fix-your-wi-fi
flame,post-something-inflammatory-online
flash fiction,write-a-short-story
flashcards,review-flashcards
flat pack,assemble-furniture
flea market,go-to-a-flea-market
flight deal,book-a-fare-sale-that-ends-today
flights,book-flights
flip a coin,flip-a-coin-for-a-stuck-decision
flip a coin for a stuck decision,flip-a-coin-for-a-stuck-decision
flip flops,buy-sandals
floor lamp,buy-a-lamp
floorball,play-floorball
floorball game,play-floorball
floss,brush-and-floss
flossing,brush-and-floss
flowers,buy-flowers
flu jab,book-a-vaccination
flu medicine,buy-medicine
flu shot,book-a-vaccination
flu vaccine,get-a-flu-shot
flute,practise-the-flute
flute practice,practise-the-flute
fly,go-to-the-airport
foam roll,do-mobility-work
foam rolling,do-mobility-work
focus,deep-work
focus time,block-your-calendar-for-focus
focused work,deep-work
fold clothes,fold-the-laundry
fold the laundry,fold-the-laundry
follow up,follow-up-on-an-application
follow up email,send-a-follow-up-email
follow up on an application,follow-up-on-an-application
follow your tiredness,go-to-bed-when-you-are-tired
food bank,volunteer-at-a-food-bank
food court,eat-at-a-hawker-centre
food court,go-to-a-food-court
food diary,track-what-you-eat
food distribution,volunteer-at-a-food-bank
foodcourt,go-to-a-food-court
football,play-a-sport
football,play-football
football game,play-football
forecast,check-the-weather
forest,walk-in-nature
forest bathing,walk-in-nature
forgive,forgive-someone
forgive someone,forgive-someone
form,fill-in-a-form
formal shoes,buy-work-shoes
former colleague,keep-in-touch-with-an-old-colleague
fort canning park,visit-fort-canning-park
forum,read-reddit
foster,foster-a-pet-for-a-few-weeks
foster a pet,foster-a-pet-for-a-few-weeks
foster a pet for a few weeks,foster-a-pet-for-a-few-weeks
found a startup,start-a-business
fountain pen,buy-a-fountain-pen
fraud check,check-your-bank-for-unusual-charges
free lecture,take-a-free-online-lecture
free returns,buy-something-with-a-free-return-window
free tutoring,tutor-a-child-for-free
freelance,do-freelance-work
french,learn-a-language
french,study-french
french lesson,study-french
french press,make-coffee-at-home
fresh air,go-outside-for-five-minutes
fridge,clean-the-fridge
fridge clean out,clean-out-the-fridge-and-use-leftovers
fridge organisation,organise-the-fridge
fried rice,make-fried-rice
friends place,hang-out-at-a-friends-place
frisbee,play-frisbee
frisbee game,play-frisbee
fruit,eat-fruit
fruit,have-a-healthy-snack
fry up,cook-a-big-breakfast
frying pan,buy-a-pot-or-pan
fuel,fill-up-petrol
full album,listen-to-an-album-start-to-finish
full body stretch,do-a-stretching-routine
fun run,run-a-race
funding application,write-a-grant
funeral,attend-a-funeral-or-wake
furniture,buy-furniture
futsal,play-a-sport
futsal,play-futsal
futsal game,play-futsal
futsal with colleagues,play-futsal-with-colleagues
futsal with colleagues game,play-futsal-with-colleagues
gadget,buy-a-gadget
gamble,buy-a-lottery-ticket
gamble to win back losses,gamble-to-win-back-losses
game purchase,buy-a-video-game
game theory,study-game-theory
games,play-video-games
games night,have-a-games-night
gaming,play-video-games
gap year,take-a-sabbatical
garbage,take-out-the-rubbish
garden,garden
garden lessons,learn-to-garden
gardening,garden
gardens by the bay,visit-gardens-by-the-bay
garmin,buy-a-fitness-tracker
gas,fill-up-petrol
gelato,eat-an-ice-cream
genetics,study-genetics
geography,study-geography
geometry,study-geometry
georgian,try-a-new-cuisine
german,study-german
german lesson,study-german
get a coffee,get-a-coffee
get a dental check-up,see-a-dentist
get a divorce,get-a-divorce
get a flu shot,get-a-flu-shot
get a haircut,get-a-haircut
get a health check-up,get-a-health-check-up
get a health screening,get-a-health-screening
get a hearing test,get-a-hearing-test
get a manicure,get-a-manicure
get a massage,get-a-massage
get a pet,adopt-a-pet
get a piercing,get-a-piercing
get a quotation,get-a-quote
get a quote,get-a-quote
get a tattoo,get-a-tattoo
get a watch battery replaced,get-a-watch-battery-replaced
get bubble tea,get-bubble-tea
get clothes altered,get-clothes-altered
get dressed,get-dressed-properly
get dressed properly,get-dressed-properly
get feedback,ask-for-feedback
get help,ask-a-colleague-for-help
get it,buy-this
get keys cut,get-keys-cut
get married,get-married
get passport photos,get-passport-photos
get rid of stuff,declutter
get shoes repaired,get-shoes-repaired
get something done,do-something-useful
get sunlight,get-sunlight
get the car serviced,get-the-car-serviced
get up at the same time every day,get-up-at-the-same-time-every-day
get up from your desk,stand-up-and-move
get vaccinated,get-a-flu-shot
get your car inspected,get-your-car-inspected
get your eyebrows done,get-your-eyebrows-done
get your eyes tested,get-your-eyes-tested
get your phone repaired,get-your-phone-repaired
gift,buy-a-gift
gift card,buy-a-gift-card
gift for dad,buy-a-gift-for-your-parents
gift for mum,buy-a-gift-for-your-parents
gift for partner,buy-a-thoughtful-gift
gig,do-freelance-work
gig,go-to-a-concert
gig,go-to-a-live-music-gig
give a presentation,give-a-presentation
give a short public talk,give-a-short-public-talk
give a sincere compliment,give-a-sincere-compliment
give a talk at work,give-a-presentation
give away clothes,donate-old-clothes
give blood,donate-blood
give directions,help-a-tourist-with-directions
give feedback,give-feedback-to-a-colleague
give feedback to a colleague,give-feedback-to-a-colleague
give feedback to your town council,give-feedback-to-your-town-council
give them a break,give-your-partner-a-break
give your partner a break,give-your-partner-a-break
glass of water,drink-water
glasses,buy-a-new-pair-of-glasses
go back home,visit-your-hometown
go back to school,go-back-to-school
go back to study,go-back-to-school
go birdwatching,go-birdwatching
go bowling,go-bowling
go camping,go-camping
go dancing,dance
go driving,go-for-a-drive
go even though you would normally decline,say-yes-to-an-invitation
go fishing,go-fishing
go for a blood test,go-for-a-blood-test
go for a drink,have-a-drink
go for a drive,go-for-a-drive
go for a long run,go-for-a-long-run
go for a morning walk,go-for-a-walk
go for a run,go-for-a-run
go for a swim at the beach,go-for-a-swim-at-the-beach
go for a swim in the sea,go-for-a-swim-in-the-sea
go for a thinking walk,go-for-a-thinking-walk
go for a walk,go-for-a-walk
go for coffee,get-a-coffee
go for coffee with a colleague,go-for-coffee-with-a-colleague
go grocery shopping,go-grocery-shopping
go hiking,go-hiking
go home,visit-your-family
go horse riding,go-horse-riding
go ice skating,go-ice-skating
go kayaking,go-kayaking
go live,launch-a-product-publicly
go mountain biking,go-mountain-biking
go on a date,go-on-a-date
go on a day trip,go-on-a-day-trip
go on a first date,go-on-a-first-date
go on a photo walk,go-on-a-photo-walk
go on a retreat,go-on-a-retreat
go on a road trip,go-on-a-road-trip
go on a staycation,go-on-a-staycation
go one day without smoking,quit-smoking-for-a-day
go out to eat,eat-out
go outside,get-sunlight
go outside,go-for-a-walk
go outside for five minutes,go-outside-for-five-minutes
go paddleboarding,go-paddleboarding
go rock climbing outdoors,go-rock-climbing-outdoors
go rollerblading,go-rollerblading
go sailing,go-sailing
go scuba diving,go-scuba-diving
go shopping for fun,go-shopping-for-fun
go skateboarding,go-skateboarding
go snorkelling,go-snorkelling
go stargazing,go-stargazing
go surfing,go-surfing
go swimming,swim
go swimming laps early,swim
go to a bookshop,go-to-a-bookshop
go to a café alone,go-to-a-cafe-alone
go to a classical concert,go-to-a-classical-concert
go to a comedy show,go-to-a-comedy-show
go to a concert,go-to-a-concert
go to a farmers' market,go-to-a-farmers-market
go to a festival,go-to-a-festival
go to a flea market,go-to-a-flea-market
go to a food court,go-to-a-food-court
go to a hackathon,go-to-a-hackathon
go to a karaoke box,karaoke
go to a live music gig,go-to-a-live-music-gig
go to a meetup,go-to-a-meetup-where-you-know-no-one
go to a meetup where you know no one,go-to-a-meetup-where-you-know-no-one
go to a museum,go-to-a-museum
go to a musical,go-to-a-musical
go to a parent-teacher meeting,go-to-a-parent-teacher-meeting
go to a party,go-to-a-party
go to a reunion,go-to-a-reunion
go to a sauna,go-to-a-sauna
go to a theme park,go-to-a-theme-park
go to a trampoline park,go-to-a-trampoline-park
go to a water park,go-to-a-water-park
go to a wedding,attend-a-wedding
go to an arcade,go-to-an-arcade
go to an escape room,go-to-an-escape-room
go to australia,take-a-trip-to-australia
go to bali,take-a-trip-to-bali
go to bed,sleep
go to bed 30 minutes earlier,go-to-bed-early
go to bed at the same time,go-to-bed-at-the-same-time
go to bed early,go-to-bed-early
go to bed when you are tired,go-to-bed-when-you-are-tired
go to china,take-a-trip-to-china
go to europe,take-a-trip-to-europe
go to hong kong,take-a-trip-to-hong-kong
go to hospital,seek-urgent-medical-care
go to hospital now,go-to-the-a-e-for-a-serious-symptom
go to india,take-a-trip-to-india
go to japan,take-a-trip-to-japan
go to jewel changi,go-to-jewel-changi
go to johor bahru,go-to-johor-bahru
go to malaysia,take-a-trip-to-malaysia
go to meeting,attend-a-meeting
go to new zealand,take-a-trip-to-new-zealand
go to sleep,sleep
go to south korea,take-a-trip-to-south-korea
go to sri lanka,take-a-trip-to-sri-lanka
go to taiwan,take-a-trip-to-taiwan
go to thailand,take-a-trip-to-thailand
go to the a&e for a serious symptom,go-to-the-a-e-for-a-serious-symptom
go to the airport,go-to-the-airport
go to the bank,go-to-the-bank
go to the beach,go-to-the-beach
go to the cinema,go-to-the-cinema
go to the doctor,see-a-gp
go to the gym,go-to-the-gym
go to the hardware store,go-to-the-hardware-store
go to the park,go-to-the-park
go to the pharmacy,go-to-the-pharmacy
go to the philippines,take-a-trip-to-the-philippines
go to the post office,go-to-the-post-office
go to the supermarket,go-grocery-shopping
go to the theatre,go-to-the-theatre
go to the zoo,go-to-the-zoo
go to vietnam,take-a-trip-to-vietnam
goal setting,set-goals
goals,set-goals
goggles,buy-swimwear
golf,play-golf
golf game,play-golf
google a symptom,check-a-symptom
google maps,plan-your-route
google photos,back-up-your-phone-photos
government form,fill-in-a-form
government office,queue-at-a-government-office
government scheme,apply-for-a-government-grant-or-scheme
gp,book-a-doctors-appointment
grab,order-takeaway
grab,take-a-taxi
grab and go breakfast,make-a-packed-breakfast
grab to work,take-a-grab-to-save-time
grade assignments,grade-assignments
grading,grade-assignments
graduate school,go-back-to-school
grant,write-a-grant
grant scheme,apply-for-a-government-grant-or-scheme
graphic design,design-a-poster
graphic novel,read-comics
gratitude,practise-gratitude
gratitude letter,write-a-gratitude-letter
gratitude list,write-down-three-good-things
gratitude note,send-a-thank-you-note
grayscale,turn-on-grayscale-on-your-phone
green,walk-in-nature
green space,go-to-the-park
greens,eat-more-vegetables
greeting card,write-a-card
grill,grill-or-barbecue
grill or barbecue,grill-or-barbecue
grinder,buy-a-coffee-grinder
groceries,go-grocery-shopping
grocery,go-grocery-shopping
grocery delivery,buy-groceries-online
grocery shopping,go-grocery-shopping
groom dog,groom-your-pet
groom your pet,groom-your-pet
group chat,reply-to-a-group-chat
group trip,plan-a-trip-with-friends
grout,scrub-the-shower
grow herbs,start-a-herb-garden
gtd next action,turn-a-vague-task-into-a-next-action
gtd review,do-a-weekly-review
guardian,go-to-the-pharmacy
guitar,buy-a-guitar
guitar,practise-an-instrument
guitar,practise-the-guitar
guitar practice,practise-the-guitar
gutters,clear-the-gutters
guzheng,practise-the-guzheng
guzheng practice,practise-the-guzheng
gym,go-to-the-gym
gym clothes,buy-sportswear
gym membership,buy-a-gym-membership
gymnastics,do-gymnastics
hackathon,go-to-a-hackathon
hackathon entry,enter-a-competition
hackerspace,visit-a-makerspace
hainanese chicken rice,eat-chicken-rice
hair,brush-your-hair
haircut,get-a-haircut
hairdresser,get-a-haircut
haji lane,visit-kampong-glam
half boiled eggs,have-kaya-toast
half marathon training,go-for-a-long-run
hand hygiene,wash-your-hands
hand in notice,quit-a-job
hand lettering,do-calligraphy
hand off,delegate-a-task
handball,play-handball
handball game,play-handball
handmade gift,make-a-gift-by-hand
hands on,do-something-with-your-hands
handwritten note,write-a-card
handyman,call-a-handyman
hang a picture,hang-a-picture
hang clothes,hang-the-laundry
hang out,meet-a-friend
hang out at a friend's place,hang-out-at-a-friends-place
hang out at home,hang-out-at-a-friends-place
hang picture,hang-a-picture
hang the laundry,hang-the-laundry
happy birthday,send-a-birthday-message
hard drive,buy-an-external-hard-drive
hard email,write-a-difficult-email
hardest task,do-the-hard-task-first
hardware store,go-to-the-hardware-store
harmonica,practise-the-harmonica
harmonica practice,practise-the-harmonica
have a baby,have-a-child
have a bath,have-a-bath
have a child,have-a-child
have a coffee,drink-coffee
have a date night at home,have-a-date-night-at-home
have a difficult conversation with your partner,have-a-difficult-conversation-with-your-partner
have a drink,have-a-drink
have a drink of water with every meal,have-a-drink-of-water-with-every-meal
have a family dinner,have-a-family-dinner
have a games night,have-a-games-night
have a healthy snack,have-a-healthy-snack
have a light dinner,have-a-light-dinner
have a one-to-one,have-a-one-to-one
have a picnic,have-a-picnic
have a picnic with friends,have-a-picnic-with-friends
have a proper breakfast,have-a-proper-breakfast
have a snack,eat-a-snack
have a zi char dinner,have-a-zi-char-dinner
have afternoon tea,have-afternoon-tea
have brunch,have-brunch
have dessert,have-dessert
have dim sum,have-dim-sum
have dinner,eat-dinner
have elective surgery,have-elective-surgery
have hotpot,have-hotpot
have i been pwned,check-for-a-data-breach
have kaya toast,have-kaya-toast
have kopi,have-kopi
have korean bbq,have-korean-bbq
have lunch,eat-lunch
have people over,host-dinner
have supper,have-supper
have teh tarik at a mamak,have-teh-tarik-at-a-mamak
have the difficult conversation,resolve-a-conflict
haw par villa,visit-haw-par-villa
hawker,eat-at-a-hawker-centre
hawker centre,eat-at-a-hawker-centre
hawker with friends,share-a-meal-at-a-hawker-centre-with-friends
hdb stairs,climb-the-stairs-at-home
headhunter,respond-to-a-recruiter
headlines,read-the-news
headphones,buy-headphones
heads down,deep-work
headspace,meditate
health check,get-a-health-check-up
health screening,get-a-health-screening
healthy snack,have-a-healthy-snack
hearing test,get-a-hearing-test
heartland walk,explore-a-new-hdb-estate
helix bridge,walk-around-marina-bay
helmet,buy-a-bicycle-helmet
help a friend,offer-help-to-someone
help a junior,mentor-someone
help a neighbour,help-a-neighbour
help a neighbour with shopping,help-a-neighbour-with-shopping
help a parent with technology,help-a-parent-with-technology
help a tourist,help-a-tourist-with-directions
help a tourist with directions,help-a-tourist-with-directions
help at a community event,help-at-a-community-event
help mum with phone,help-a-parent-with-technology
help neighbour,help-a-neighbour
help someone,help-a-neighbour
help your child with homework,help-your-child-with-homework
hem trousers,get-clothes-altered
henderson waves,walk-the-southern-ridges
herbal tea,make-tea
herbs,start-a-herb-garden
high tea,have-afternoon-tea
high yield account,open-a-savings-account
hiit,do-a-hiit-workout
hike,go-hiking
hike alone,hike-alone-without-telling-anyone
hike alone without telling anyone,hike-alone-without-telling-anyone
hiking,go-hiking
hindi,study-hindi
hindi lesson,study-hindi
hinge,fix-a-squeaky-door
hire a cleaner,hire-a-cleaner
history,study-history
hobby project,work-on-a-side-project
hockey,play-hockey
hockey game,play-hockey
hokkien,study-hokkien
hokkien lesson,study-hokkien
hold off,wait-and-see
hold office hours,hold-office-hours
holiday,book-a-holiday
holiday abroad,take-a-long-haul-holiday
holiday from work,take-annual-leave
holiday in australia,take-a-trip-to-australia
holiday in bali,take-a-trip-to-bali
holiday in china,take-a-trip-to-china
holiday in europe,take-a-trip-to-europe
holiday in hong kong,take-a-trip-to-hong-kong
holiday in india,take-a-trip-to-india
holiday in japan,take-a-trip-to-japan
holiday in malaysia,take-a-trip-to-malaysia
holiday in new zealand,take-a-trip-to-new-zealand
holiday in south korea,take-a-trip-to-south-korea
holiday in sri lanka,take-a-trip-to-sri-lanka
holiday in taiwan,take-a-trip-to-taiwan
holiday in thailand,take-a-trip-to-thailand
holiday in the philippines,take-a-trip-to-the-philippines
holiday in vietnam,take-a-trip-to-vietnam
holland village,visit-holland-village
home camera,buy-a-cctv-camera
home coffee,make-coffee-at-home
home weights,lift-weights-at-home
home workout,do-a-home-workout
hometown,visit-your-hometown
homework help,help-your-child-with-homework
hong kong,take-a-trip-to-hong-kong
hoover,vacuum
hop on a call,turn-a-long-thread-into-a-call
horse riding,go-horse-riding
hospital visit,visit-a-friend-in-hospital
host a party,host-a-party
host dinner,host-dinner
host friends,host-dinner
hotel,book-accommodation
hotel staycation,go-on-a-staycation
hotfix,fix-a-production-issue
hotkeys,learn-keyboard-shortcuts
hotpot,have-hotpot
house party,go-to-a-party
houseplant,buy-a-houseplant
houseplant,buy-a-plant
how to video,watch-a-tutorial
hug,hug-someone
hug someone,hug-someone
hydrate,drink-water
hydration,drink-water
ibuprofen,take-painkillers
ica,queue-at-a-government-office
ice,ice-an-injury
ice an injury,ice-an-injury
ice cream,eat-an-ice-cream
ice cream,have-dessert
ice cream sandwich,eat-an-ice-cream
ice skating,go-ice-skating
icloud,back-up-your-phone-photos
ict,do-your-ns-reservist-training
id card,renew-your-passport
id photos,get-passport-photos
id renewal,renew-your-ic-or-id
ideas,brainstorm-ideas
ideate,brainstorm-ideas
idle,do-nothing
ignore chest pain,ignore-chest-pain
ignore it,leave-it-for-now
ignore pain,exercise-through-sharp-pain
ignore symptoms,ignore-chest-pain
ikea,assemble-furniture
implement,implement-the-idea
implement,write-code
implement the idea,implement-the-idea
important task,do-the-hard-task-first
impulse buy,buy-an-expensive-item-on-impulse
impulse purchase,buy-an-expensive-item-on-impulse
in camp training,do-your-ns-reservist-training
inaction,do-nothing
inbox zero,clear-your-inbox
incident,fix-a-production-issue
income tax,file-your-income-tax
index fund,invest
index fund,put-savings-into-an-index-fund
india,take-a-trip-to-india
indonesian,study-indonesian
indonesian lesson,study-indonesian
indoor cycling class,do-a-spin-class
indoor plants,water-the-indoor-plants
inflammatory post,post-something-inflammatory-online
ink,get-a-tattoo
inline skating,go-rollerblading
insect spray,buy-sunblock-and-insect-repellent
instagram,scroll-social-media
instant noodles,make-instant-noodles
insurance,buy-insurance
insurance,review-your-insurance
insurance claim,claim-insurance
insurance coverage,check-your-insurance-coverage
insurance policy,review-your-insurance
intention,set-an-intention-for-the-day
internet,browse-the-internet
internet not working,fix-your-wi-fi
interval training,do-a-hiit-workout
intervals,do-a-hiit-workout
interview,attend-a-job-interview
interview prep,prepare-for-an-interview
intro lesson,watch-an-introductory-lesson
introduce two people,introduce-two-people
introduce two people who should know each other,introduce-two-people
invest,invest
invest borrowed money in a speculative asset,invest-borrowed-money-in-a-speculative-asset
invest in an index fund,put-savings-into-an-index-fund
invest lessons,learn-to-invest
investigate,research-a-topic
investing,invest
investing,study-investing
invite someone for a meal,invite-someone-for-a-meal
invite someone to share a meal,invite-someone-for-a-meal
invite to dinner,invite-someone-for-a-meal
invite to lunch,invite-someone-for-a-meal
invoice,invoice-a-client
invoice a client,invoice-a-client
ios update,update-your-phone
ipad,buy-a-tablet
iphone,buy-a-new-phone
ippt,do-a-fitness-test
ippt practice,do-a-fitness-test
iras,do-your-taxes
iras filing,file-your-income-tax
iron,iron-clothes
iron clothes,iron-clothes
iron shirt,iron-your-shirt
iron your shirt,iron-your-shirt
ironing,iron-clothes
italian,study-italian
italian lesson,study-italian
itinerary,plan-a-holiday
jacket,buy-a-winter-jacket-for-travel
jam,play-an-instrument-for-fun
jam session,play-a-musical-instrument-with-others
japan,take-a-trip-to-japan
japan trip,take-a-long-haul-holiday
japanese,learn-a-language
japanese,study-japanese
japanese food,eat-sushi
japanese lesson,study-japanese
jazz bar,go-to-a-live-music-gig
jb,go-to-johor-bahru
jewel,go-to-jewel-changi
jigsaw,do-a-jigsaw-puzzle
jigsaw,do-a-puzzle
job application,apply-for-a-job
job interview,attend-a-job-interview
job offer,respond-to-a-job-offer-before-it-expires
jog,go-for-a-run
jog around the block,go-for-a-run
jogging,go-for-a-run
johor bahru,go-to-johor-bahru
join a club,join-a-club
join a club or team,join-a-club
join a community garden,join-a-community-garden
join a neighbourhood group,join-a-neighbourhood-group
join a study group,join-a-study-group
join call,attend-a-meeting
joo chiat,visit-joo-chiat
journal,buy-a-notebook
journal,write-in-a-journal
journal about a decision,journal-about-a-decision
journaling,write-in-a-journal
judo,martial-arts-class
juggle lessons,learn-to-juggle
juice,make-a-smoothie
jump rope,jump-rope
jurong lake gardens,visit-jurong-lake-gardens
just do it,implement-the-idea
just sit,do-nothing
kampong glam,visit-kampong-glam
karaoke,karaoke
karaoke box,karaoke
karate,martial-arts-class
kaya toast,have-kaya-toast
kayak,go-kayaking
kayaking,go-kayaking
kbbq,have-korean-bbq
keep a learning log,keep-a-learning-log
keep a sleep diary,keep-a-sleep-diary
keep busy,keep-busy
keep debugging,continue-debugging
keep in touch with an old colleague,keep-in-touch-with-an-old-colleague
keep reading papers,read-another-paper
keep working,continue-working
kent ridge park,visit-kent-ridge-park
ketam bike trail,go-mountain-biking
kettle,descale-the-kettle
kettlebell,do-a-kettlebell-workout
key cutting,get-keys-cut
keyboard,buy-a-keyboard
keyboard piano,buy-a-digital-piano
kickboxing,martial-arts-class
kids,play-with-your-kids
kids bath,bathe-your-child
kids bedtime,put-your-child-to-bed
kids class,take-your-child-to-a-class
kids homework,help-your-child-with-homework
kids lunch,make-your-childs-lunch
kids present,buy-a-present-for-a-child
kind comment,leave-a-kind-comment
kindle,buy-a-kindle
kindle book,buy-a-book
kitchen,clean-the-kitchen
kitchen closed,stop-eating-two-hours-before-bed
kitchen organisation,organise-the-kitchen
knife,buy-kitchen-knives
knife sharpening,sharpen-the-knives
knit,knit-or-sew
knit lessons,learn-to-knit
knit or sew,knit-or-sew
knitting,knit-or-sew
knives,buy-kitchen-knives
kopi,have-kopi
kopi and toast,have-kaya-toast
kopi c,have-kopi
kopi o,have-kopi
kopitiam,eat-at-a-hawker-centre
korean,study-korean
korean barbecue,have-korean-bbq
korean lesson,study-korean
ktv,karaoke
ktv room,karaoke
kusu island,visit-kusu-island
lab test,go-for-a-blood-test
label emotions,name-what-you-are-feeling
label maker,label-your-storage
label your storage,label-your-storage
labels,label-your-storage
labrador nature reserve,visit-labrador-nature-reserve
lacrosse,play-lacrosse
lacrosse game,play-lacrosse
laksa,cook-laksa
laksa,eat-laksa
lamp,buy-a-desk-lamp
language,learn-a-language
language exchange,practise-speaking-a-language
laps,swim
laptop,buy-a-laptop
laptop backup,back-up-your-laptop
laser tag,play-laser-tag
late night,stay-up-late
late night food,have-supper
late night scrolling,doomscroll-past-midnight
later,leave-it-for-now
latte,get-a-coffee
launch,launch-a-product-publicly
launch a product publicly,launch-a-product-publicly
laundromat,drop-off-laundry-at-a-laundromat
laundry,do-the-laundry
law,study-law
lazarus island,visit-lazarus-island
lead meeting,run-a-meeting
leaking tap,fix-a-leaking-tap
learn a card trick,learn-a-card-trick
learn a language,learn-a-language
learn a new app,learn-a-new-app
learn a new language,study-a-new-language
learn a new tool,learn-a-new-tool
learn a tool,learn-a-new-tool
learn about a topic on youtube,learn-about-a-topic-on-youtube
learn accounting,study-accounting
learn algebra,study-algebra
learn anthropology,study-anthropology
learn app,learn-a-new-app
learn arabic,study-arabic
learn architecture,study-architecture
learn art history,study-art-history
learn astronomy,study-astronomy
learn biology,study-biology
learn by heart,memorise-something
learn calculus,study-calculus
learn cantonese,study-cantonese
learn chemistry,study-chemistry
learn classics,study-classics
learn climate science,study-climate-science
learn cooking theory,study-cooking-theory
learn cryptography,study-cryptography
learn data science,study-data-science
learn databases,study-databases
learn decision theory,study-decision-theory
learn design,study-design
learn economics,study-economics
learn film studies,study-film-studies
learn finance,study-finance
learn first aid,study-first-aid
learn framework,learn-a-new-tool
learn french,study-french
learn game theory,study-game-theory
learn genetics,study-genetics
learn geography,study-geography
learn geometry,study-geometry
learn german,study-german
learn hindi,study-hindi
learn history,study-history
learn hokkien,study-hokkien
learn how to bake bread,learn-to-bake-bread
learn how to budget,learn-to-budget
learn how to change a tyre,learn-to-change-a-tyre
learn how to code,learn-to-code
learn how to cook a signature dish,learn-to-cook-a-signature-dish
learn how to cut your own hair,learn-to-cut-your-own-hair
learn how to dance salsa,learn-to-dance-salsa
learn how to do a handstand,learn-to-do-a-handstand
learn how to do a pull-up,learn-to-do-a-pull-up
learn how to do basic first aid,learn-to-do-basic-first-aid
learn how to do cpr,learn-to-do-cpr
learn how to draw portraits,learn-to-draw-portraits
learn how to drive,learn-to-drive
learn how to edit video,learn-to-edit-video
learn how to fix a bike,learn-to-fix-a-bike
learn how to garden,learn-to-garden
learn how to invest,learn-to-invest
learn how to juggle,learn-to-juggle
learn how to knit,learn-to-knit
learn how to meditate,learn-to-meditate
learn how to negotiate,learn-to-negotiate
learn how to paint with watercolour,learn-to-paint-with-watercolour
learn how to play chess well,learn-to-play-chess-well
learn how to ride a motorcycle,learn-to-ride-a-motorcycle
learn how to rock climb,learn-to-rock-climb
learn how to sew,learn-to-sew
learn how to sew a hem,learn-to-sew-a-hem
learn how to sing in tune,learn-to-sing-in-tune
learn how to ski,learn-to-ski
learn how to solve a rubik's cube,learn-to-solve-a-rubiks-cube
learn how to speak in public,learn-to-speak-in-public
learn how to surf,learn-to-surf
learn how to swim,learn-to-swim
learn how to take better photos,learn-to-take-better-photos
learn how to type faster,learn-to-type-faster
learn how to use a spreadsheet properly,learn-to-use-a-spreadsheet-properly
learn indonesian,study-indonesian
learn investing,study-investing
learn italian,study-italian
learn japanese,study-japanese
learn keyboard shortcuts,learn-keyboard-shortcuts
learn korean,study-korean
learn law,study-law
learn linear algebra,study-linear-algebra
learn linguistics,study-linguistics
learn machine learning,study-machine-learning
learn macroeconomics,study-macroeconomics
learn malay,study-malay
learn mandarin,study-mandarin
learn marketing,study-marketing
learn microeconomics,study-microeconomics
learn music production,study-music-production
learn music theory,study-music-theory
learn negotiation,study-negotiation
learn negotiation tactics,study-negotiation-tactics
learn neuroscience,study-neuroscience
learn number theory,study-number-theory
learn nutrition,study-nutrition
learn operating systems,study-operating-systems
learn personal finance,study-personal-finance
learn philosophy,study-philosophy
learn photography,study-photography
learn physics,study-physics
learn portuguese,study-portuguese
learn probability,study-probability
learn programming,study-programming
learn project management,study-project-management
learn psychology,study-psychology
learn public speaking,study-public-speaking
learn recipe,learn-to-cook-a-new-dish
learn russian,study-russian
learn singapore history,study-singapore-history
learn sociology,study-sociology
learn spanish,study-spanish
learn statistics,study-statistics
learn tamil,study-tamil
learn thai,study-thai
learn to bake bread,learn-to-bake-bread
learn to budget,learn-to-budget
learn to change a tyre,learn-to-change-a-tyre
learn to code,learn-to-code
learn to cook a new dish,learn-to-cook-a-new-dish
learn to cook a signature dish,learn-to-cook-a-signature-dish
learn to cut your own hair,learn-to-cut-your-own-hair
learn to dance salsa,learn-to-dance-salsa
learn to do a handstand,learn-to-do-a-handstand
learn to do a pull-up,learn-to-do-a-pull-up
learn to do basic first aid,learn-to-do-basic-first-aid
learn to do cpr,learn-to-do-cpr
learn to draw portraits,learn-to-draw-portraits
learn to drive,learn-to-drive
learn to edit video,learn-to-edit-video
learn to fix a bike,learn-to-fix-a-bike
learn to garden,learn-to-garden
learn to invest,learn-to-invest
learn to juggle,learn-to-juggle
learn to knit,learn-to-knit
learn to meditate,learn-to-meditate
learn to negotiate,learn-to-negotiate
learn to paint with watercolour,learn-to-paint-with-watercolour
learn to play chess well,learn-to-play-chess-well
learn to ride a motorcycle,learn-to-ride-a-motorcycle
learn to rock climb,learn-to-rock-climb
learn to sew,learn-to-sew
learn to sew a hem,learn-to-sew-a-hem
learn to sing in tune,learn-to-sing-in-tune
learn to ski,learn-to-ski
learn to solve a rubik's cube,learn-to-solve-a-rubiks-cube
learn to speak in public,learn-to-speak-in-public
learn to surf,learn-to-surf
learn to swim,learn-to-swim
learn to take better photos,learn-to-take-better-photos
learn to touch type,learn-to-touch-type
learn to type faster,learn-to-type-faster
learn to use a spreadsheet properly,learn-to-use-a-spreadsheet-properly
learn topology,study-topology
learn urban planning,study-urban-planning
learn vietnamese,study-vietnamese
learn web development,study-web-development
learn writing,study-writing
learn writing proofs,study-writing-proofs
learning log,keep-a-learning-log
leave,take-annual-leave
leave a kind comment,leave-a-kind-comment
leave cooking unattended,leave-the-stove-on-and-go-out
leave early,leave-early-to-beat-traffic
leave early to beat traffic,leave-early-to-beat-traffic
leave it,leave-it-for-now
leave it for now,leave-it-for-now
leave it until tomorrow,leave-it-for-now
leave the stove on and go out,leave-the-stove-on-and-go-out
leave your phone in another room during dinner,eat-without-your-phone
lecture,take-an-online-course
lecture,teach-a-class
lecture,watch-a-lecture
lecture prep,prepare-a-lecture
leetcode,solve-a-practice-problem
leftovers,eat-leftovers
leg day,do-squats
lego,build-something
lego set,build-a-lego-set
lemma,prove-a-lemma
lend a hand,offer-help-to-someone
less coffee,drink-less-caffeine
let it go,forgive-someone
letter,write-a-letter
letters,clear-your-paper-mail
letters,sort-your-paperwork
leverage,invest-borrowed-money-in-a-speculative-asset
library,visit-a-library
library return,return-library-books
library visit,go-to-a-bookshop
license,buy-software
lichess,play-chess-online
lie down,rest
lie down for ten minutes,rest
lie in,lie-in
lie-in,lie-in
lift,strength-training
lift heavy without warming up,lift-heavy-without-warming-up
lift weights at home,lift-weights-at-home
lifting,strength-training
light bulb,change-a-light-bulb
light dinner,have-a-light-dinner
lightning talk,give-a-short-public-talk
lightroom,edit-your-photos
line dry,hang-the-laundry
linear algebra,study-linear-algebra
linen,buy-bed-sheets
linguistics,study-linguistics
linkedin,update-your-linkedin
linkedin post,post-on-linkedin
linkedin profile,update-your-cv
list,make-a-to-do-list
list,shop-from-a-list
list on ebay,sell-something-online
list options,list-your-options-before-deciding
list your options before deciding,list-your-options-before-deciding
listen,listen-properly-to-someone
listen properly to someone,listen-properly-to-someone
listen to a podcast,listen-to-a-podcast
listen to an album,listen-to-music
listen to an album start to finish,listen-to-an-album-start-to-finish
listen to an audiobook,listen-to-an-audiobook
listen to music,listen-to-music
listen to the radio,listen-to-the-radio
lit review,write-a-literature-review
literature review,read-another-paper
litter,clean-the-litter-box
litter picking,pick-up-litter
little india,visit-little-india
live match,watch-a-sports-match-live
live music,go-to-a-concert
live music,go-to-a-live-music-gig
livestream,watch-a-livestream
lock doors,lock-up-properly
lock up properly,lock-up-properly
log off,stop-working-for-the-day
long contract,sign-a-multi-year-business-contract
long haul,take-a-long-haul-holiday
long queue,queue-for-a-famous-stall
long run,go-for-a-long-run
look after friends kids,babysit-for-a-friend
look at email,check-your-inbox
look at the stars,go-stargazing
look into,research-a-topic
look it up,research-a-topic
loose leaf,buy-tea
lottery,buy-a-lottery-ticket
low hanging fruit,do-an-easy-task
lower back,stretch-your-back
lower my bill,negotiate-a-bill
lower peirce reservoir,visit-lower-peirce-reservoir
lower rent,negotiate-rent
lpa,make-a-lasting-power-of-attorney
luggage,buy-a-suitcase
lunch,eat-lunch
lunch box,make-your-childs-lunch
lunch break,take-a-real-lunch-break
lyrics,write-a-song
macbook,buy-a-laptop
machine learning,study-machine-learning
macritchie,walk-the-macritchie-trail
macroeconomics,study-macroeconomics
magazine,read-a-magazine
maggi,make-instant-noodles
magic trick,learn-a-card-trick
mahjong,play-cards
mahjong,play-mahjong
mail,clear-your-paper-mail
mail a package,go-to-the-post-office
majiang,play-mahjong
makan,share-a-meal-at-a-hawker-centre-with-friends
make a budget,make-a-budget
make a decision,make-a-decision
make a gift by hand,make-a-gift-by-hand
make a lasting power of attorney,make-a-lasting-power-of-attorney
make a major decision while exhausted or angry,make-a-major-decision-while-exhausted-or-angry
make a mind map,make-a-mind-map
make a new friend,make-a-new-friend
make a packed breakfast,make-a-packed-breakfast
make a phone call,make-a-phone-call
make a plan,write-a-plan
make a playlist,make-a-playlist
make a salad,make-a-salad
make a sandwich,make-a-sandwich
make a smoothie,make-a-smoothie
make a song,make-music
make a to-do list,make-a-to-do-list
make a video,make-a-video
make a zine,make-a-zine
make amends,apologise-to-someone
make an introduction,introduce-two-people
make bed,make-your-bed
make bread,make-bread
make coffee,make-coffee
make coffee at home,make-coffee-at-home
make dinner,cook-dinner
make fried rice,make-fried-rice
make instant noodles,make-instant-noodles
make lunch,cook-lunch
make music,make-music
make pasta,make-pasta
make porridge,make-porridge
make salad,make-a-salad
make slides,prepare-a-presentation
make something,build-something
make something with your hands,do-something-with-your-hands
make soup,make-soup
make tea,make-tea
make up,make-up-with-a-friend
make up,put-on-make-up
make up with a friend,make-up-with-a-friend
make up your mind,make-a-decision
make weekend plans with friends,make-weekend-plans-with-friends
make your bed,make-your-bed
make your child's lunch,make-your-childs-lunch
make your room dark,make-your-room-dark
maker time,deep-work
makerspace,visit-a-makerspace
makeup,put-on-make-up
malay,study-malay
malay lesson,study-malay
malaysia,take-a-trip-to-malaysia
mall,go-shopping-for-fun
mamak,have-teh-tarik-at-a-mamak
mammogram,book-a-mammogram
mandai,visit-the-singapore-zoo-or-night-safari
mandarin,study-mandarin
mandarin lesson,study-mandarin
manga,read-comics
manicure,get-a-manicure
manicure at home,trim-your-nails
manual,read-the-documentation
marathon,train-for-a-marathon
marathon plan,train-for-a-marathon
marathon training,go-for-a-long-run
margin trading,invest-borrowed-money-in-a-speculative-asset
marie kondo,declutter
marina bay,walk-around-marina-bay
market,go-to-a-farmers-market
marketing,study-marketing
marking,grade-assignments
marry,get-married
martial arts,martial-arts-class
martial arts class,martial-arts-class
mask,wear-a-mask
massage,get-a-massage
masters,go-back-to-school
math,do-mathematics
mathematics,do-mathematics
maths,do-mathematics
mats,wash-the-floor-mats
mattress,buy-a-mattress
mattress topper,buy-a-new-mattress-topper
max lift cold,lift-heavy-without-warming-up
mbs,walk-around-marina-bay
me time,spend-time-alone
meal for a sick friend,cook-for-a-sick-friend
meal plan,plan-the-weeks-meals
meal planning,plan-the-weeks-meals
meal prep,meal-prep
meaningful conversation,ask-a-deeper-question
measure your blood pressure,measure-your-blood-pressure
mechanic,get-the-car-serviced
mechanical keyboard,buy-a-keyboard
medication,take-your-medication
medicine,buy-medicine
medicine,take-your-medication
meditate,meditate
meditate for ten minutes,meditate
meditate lessons,learn-to-meditate
meditation,meditate
meds,take-your-medication
mee goreng,cook-mee-goreng
meet a friend,meet-a-friend
meet new people,make-a-new-friend
meet people,network
meet the people,attend-a-meet-the-people-session
meet the people session,write-to-your-mp
meet up,meet-a-friend
meeting,attend-a-meeting
meeting prep,prepare-for-a-meeting
meetup,go-to-a-meetup-where-you-know-no-one
membership,buy-a-gym-membership
memoir,read-a-biography
memorial,attend-a-funeral-or-wake
memorise,memorise-something
memorise something,memorise-something
memorize,memorise-something
mend clothes,sew-on-a-button
mending,sew-on-a-button
mental health day,take-a-mental-health-day
mentor a new hire,mentor-a-new-hire
mentor a student,mentor-a-student
mentor someone,mentor-someone
mentoring,mentor-someone
mesh wifi,buy-a-router
message,send-a-text-message
mfa,turn-on-two-factor-authentication
mic,buy-a-microphone
michelin hawker,try-a-michelin-bib-gourmand-stall
micro nap,nap
micro workout,do-a-five-minute-workout
microeconomics,study-microeconomics
microwave,clean-the-microwave
midday meal,eat-lunch
midday run,run-hard-in-the-midday-heat
midnight snack,have-supper
migrate,emigrate
mind map,brainstorm-ideas
mind wander,daydream
mindful eating,eat-without-your-phone
mindful meal,eat-slowly
mindfulness,meditate
mindmap,make-a-mind-map
miss medication,skip-your-medication
miss the meeting,skip-the-meeting
mit ocw,take-a-free-online-lecture
mix medication with alcohol,mix-medication-with-alcohol
mobile game,play-a-mobile-game
mobile plan,compare-phone-plans
mobility,do-mobility-work
mock interview,prepare-for-an-interview
moisturise,do-skincare
moisturiser,buy-skincare-products
mole check,do-a-skin-check
monitor,buy-a-monitor
monstera,buy-a-houseplant
monthly budget,set-a-budget-for-the-month
mooc,take-an-online-course
mop,mop-the-floor
mop the balcony,mop-the-balcony
mop the floor,mop-the-floor
mopping,mop-the-floor
more research,read-another-paper
morning light,get-sunlight
morning meal,eat-breakfast
morning pages,write-in-a-notebook
morning routine,try-a-new-morning-routine-for-a-week
morning swim,swim
morning walk,go-for-a-walk
morning water,drink-water-when-you-wake-up
mosque,attend-a-religious-service
mosquito repellent,buy-sunblock-and-insect-repellent
mountain bike,go-mountain-biking
move abroad,move-to-another-city
move around,stand-up-and-move
move city,move-to-another-city
move flat,move-house
move furniture,rearrange-the-furniture
move house,move-house
move overseas,emigrate
move to another city,move-to-another-city
movie,watch-a-film
movie at home,watch-a-film
movie night with partner,have-a-date-night-at-home
movie theatre,go-to-the-cinema
movies,go-to-the-cinema
moving,move-house
mps,attend-a-meet-the-people-session
mrt,take-public-transport
mrt commute,commute-by-mrt
mtb,go-mountain-biking
multi year contract,sign-a-multi-year-business-contract
museum,go-to-a-museum
museum singapore,visit-the-artscience-museum
music,listen-to-music
music festival,go-to-a-festival
music on,put-on-music
music practice,practise-an-instrument
music production,study-music-production
music theory,study-music-theory
musical,go-to-a-musical
musical,go-to-the-theatre
mute,mute-a-group-chat
mute a group chat,mute-a-group-chat
mute accounts,unfollow-accounts-that-make-you-feel-worse
mute chat,mute-a-group-chat
nail salon,get-a-manicure
nails,trim-your-nails
name feelings,name-what-you-are-feeling
name what you are feeling,name-what-you-are-feeling
nanny,arrange-childcare
nap,nap
nap on the sofa after lunch,nap-on-the-sofa-after-lunch
nasi goreng,cook-nasi-goreng
nasi lemak,eat-nasi-lemak
national gallery,visit-an-art-gallery
national museum,visit-the-national-museum
nature,walk-in-nature
nature walk,go-hiking
neck pillow,buy-a-travel-pillow
negotiate a bill,negotiate-a-bill
negotiate bill,negotiate-a-bill
negotiate lessons,learn-to-negotiate
negotiate rent,negotiate-rent
negotiate your salary,negotiate-your-salary
negotiation,study-negotiation
negotiation tactics,study-negotiation-tactics
neighbourhood group,join-a-neighbourhood-group
net worth,check-your-net-worth
netball,play-netball
netball game,play-netball
netflix,watch-tv
netflix subscription,subscribe-to-a-service
network,network
networking,network
networking event alone,go-to-a-meetup-where-you-know-no-one
neuroscience,study-neuroscience
new app,learn-a-new-app
new baby,visit-a-friends-new-baby
new bike,buy-a-bike
new board game,buy-a-board-game
new car,buy-a-car
new career,change-careers
new class,try-a-new-exercise-class
new computer,buy-a-laptop
new cuisine,try-a-new-cuisine
new dish,order-something-unfamiliar
new estate,explore-a-new-hdb-estate
new friend,make-a-new-friend
new game,buy-a-game
new haircut,try-a-different-haircut
new ingredient,cook-with-a-new-ingredient
new neighbourhood,visit-a-new-neighbourhood
new outfit,buy-clothes
new papers,browse-arxiv
new phone,buy-a-new-phone
new place for the weekend,take-a-weekend-trip-somewhere-new
new ram,upgrade-your-computer
new recipe,learn-to-cook-a-new-dish
new recipe,try-a-new-recipe
new restaurant,try-a-new-restaurant
new route,take-a-different-route-to-work
new routine,try-a-new-morning-routine-for-a-week
new software,learn-a-new-tool
new stall,try-a-new-hawker-stall
new zealand,take-a-trip-to-new-zealand
news,read-the-news
news on tv,watch-the-news-on-tv
news once,check-the-news-once
newsletter,write-a-newsletter
newsletters,unsubscribe-from-emails
next action,turn-a-vague-task-into-a-next-action
night owl,stay-up-late
night safari,visit-the-singapore-zoo-or-night-safari
no agenda,skip-the-meeting
no alcohol,cut-down-on-alcohol
no alcohol week,skip-alcohol-for-a-week
no bike lights,cycle-on-roads-at-night-without-lights
no drink tonight,take-a-break-from-alcohol-tonight
no late eating,stop-eating-two-hours-before-bed
no phone,put-your-phone-away
no screens before bed,turn-off-screens-an-hour-before-bed
no smoking,quit-smoking-for-a-day
no tv tonight,swap-an-evening-of-tv-for-something-else
no vaping,quit-smoking-for-a-day
noise cancelling,buy-noise-cancelling-headphones
nominate beneficiaries,update-your-will-or-nominations
non-fiction,read-a-book
not do anything,do-nothing
not now,leave-it-for-now
not today,skip-it-today
note taking,take-notes
notebook,buy-a-notebook
notebook,write-in-a-notebook
notes,take-notes
nothing,do-nothing
notifications off,turn-off-notifications
novel,read-a-novel
nric,renew-your-ic-or-id
ns in camp,do-your-ns-reservist-training
number theory,study-number-theory
nutrition,study-nutrition
nuts,have-a-healthy-snack
oats,make-porridge
ocean swim,go-for-a-swim-in-the-sea
offer help,offer-help-to-someone
offer help to someone,offer-help-to-someone
office chair,buy-a-chair
office chair,buy-an-ergonomic-chair
office hours,hold-office-hours
office shoes,buy-work-shoes
official letter,respond-to-a-letter
offline day,do-a-digital-sabbath
offline maps,download-offline-maps
old colleague,keep-in-touch-with-an-old-colleague
omakase,eat-sushi
on call,fix-a-production-issue
onboard someone,mentor-a-new-hire
onboarding,mentor-a-new-hire
once a day news,check-the-news-once
one on one,have-a-one-to-one
one pot,cook-a-one-pot-meal
one-off volunteering,volunteer
one-on-one,have-a-one-to-one
onemap feedback,give-feedback-to-your-town-council
onesg report,give-feedback-to-your-town-council
online booking,book-a-slot-online
online check in,check-in-online-for-a-flight
online chess,play-chess-online
online course,take-an-online-course
online game with friends,play-a-video-game-with-friends
online groceries,buy-groceries-online
online order,order-it-online
ooo,write-an-out-of-office-reply
open a savings account,open-a-savings-account
open courseware,take-a-free-online-lecture
open electricity market,switch-electricity-provider
open water,go-for-a-swim-in-the-sea
open water alone,swim-alone-in-open-water
operating systems,study-operating-systems
operation,have-elective-surgery
optometrist,get-your-eyes-tested
orchard road,visit-orchard-road
orchestra,go-to-a-classical-concert
order a book,buy-a-book
order food,order-takeaway
order it online,order-it-online
order online,order-it-online
order something new,order-something-unfamiliar
order something unfamiliar,order-something-unfamiliar
order takeaway,order-takeaway
organ donor,register-as-an-organ-donor
organise,organise-a-cupboard
organise a cupboard,organise-a-cupboard
organise a playdate,organise-a-playdate
organise a team lunch,organise-a-team-lunch
organise files,organise-your-files
organise photos,clean-up-your-photos
organise plans,plan-the-next-meetup
organise the fridge,organise-the-fridge
organise the kitchen,organise-the-kitchen
organise your files,organise-your-files
organise your receipts,organise-your-receipts
organise your wardrobe,organise-your-wardrobe
organize,organise-a-cupboard
out of office,write-an-out-of-office-reply
outage,fix-a-production-issue
outdoor climbing,go-rock-climbing-outdoors
outdoor gym,do-an-outdoor-fitness-corner-workout
outfit,buy-a-new-outfit
outline,write-a-plan
oven,clean-the-oven
overdue reply,reply-to-a-message-you-have-been-putting-off
overnight oats,make-a-packed-breakfast
overtime,do-overtime
own up,admit-a-mistake-at-work
pack,pack-a-bag
pack a bag,pack-a-bag
pack a lunch,pack-a-lunch
pack away seasonal things,pack-away-seasonal-things
pack for trip,pack-a-bag
pack lunch,pack-a-lunch
pack lunch box,pack-your-childs-school-bag
pack your child's school bag,pack-your-childs-school-bag
packed lunch,pack-a-lunch
packing,pack-a-bag
pad thai,cook-pad-thai
paddle,go-kayaking
paddleboard,go-kayaking
padel,play-padel
padel game,play-padel
pads,do-boxing-training
paid course,buy-a-course
paid course,enrol-in-a-course
painkiller,take-painkillers
paint,paint
paint a wall,paint-a-wall
paint wall,paint-a-wall
paint with watercolour lessons,learn-to-paint-with-watercolour
painting,paint
painting class,take-a-painting-class
painting the room,paint-a-wall
paints,buy-art-supplies
pair,ask-a-colleague-for-help
pair program,pair-program
pair programming,pair-program
pairing,pair-program
palawan beach,visit-sentosa
panadol,take-painkillers
pancakes,cook-a-big-breakfast
pantry,organise-the-kitchen
pantry clear out,throw-out-expired-food
paper,read-a-paper
paperwork,sort-your-paperwork
paracetamol,take-painkillers
parcel,pick-up-a-parcel
parcel locker,collect-a-parcel-from-a-locker
parent teacher conference,go-to-a-parent-teacher-meeting
park,go-to-the-park
park with kids,take-your-child-to-the-playground
parking fine,pay-a-parking-fine
part time cleaner,hire-a-cleaner
partner,spend-time-with-your-partner
party,attend-a-birthday-party
party,go-to-a-party
pasir ris park,visit-pasir-ris-park
passive,consume-instead-of-create
passport,renew-your-passport
passport photos,get-passport-photos
password,change-your-password
password manager,change-your-password
password manager,set-up-a-password-manager
passwords,change-your-password
past exams,do-past-exam-papers
past papers,do-past-exam-papers
pasta,make-pasta
pause,take-a-short-break
pay a parking fine,pay-a-parking-fine
pay at the axs machine,pay-at-the-axs-machine
pay bill,pay-your-bills
pay bills,pay-your-bills
pay credit card,pay-your-credit-card-in-full
pay your bills,pay-your-bills
pay your credit card in full,pay-your-credit-card-in-full
pedicure,get-a-manicure
peer review,referee-a-paper
peloton,ride-a-stationary-bike
pen,buy-a-fountain-pen
people-watch at a café,people-watch-at-a-cafe
peranakan museum,visit-the-peranakan-museum
personal finance,study-personal-finance
personal project,work-on-a-side-project
peruvian,try-a-new-cuisine
pet food,buy-pet-supplies
pet food,feed-the-pet
pet the dog,spend-time-with-a-pet
petition,sign-a-petition
petrol,fill-up-petrol
pharmacy,go-to-the-pharmacy
pharmacy,refill-your-prescription
phd,go-back-to-school
philosophy,study-philosophy
phishing,click-a-suspicious-link
phone,check-your-phone
phone a friend,call-a-friend
phone away,put-your-phone-away
phone call,make-a-phone-call
phone case,buy-a-phone-case
phone free meal,eat-without-your-phone
phone game,play-a-mobile-game
phone plan,compare-phone-plans
phone repair,get-your-phone-repaired
phone update,update-your-phone
phone upgrade,buy-a-new-phone
phone while driving,text-while-driving
photo backup,back-up-your-phone-photos
photo cleanup,clean-up-your-photos
photo editing,edit-your-photos
photo walk,take-photos
photography,study-photography
photography,take-photos
photowalk,go-on-a-photo-walk
physics,study-physics
physio,do-physiotherapy-exercises
piano,practise-an-instrument
piano,practise-the-piano
piano practice,practise-the-piano
pick locker,collect-a-parcel-from-a-locker
pick up a parcel,pick-up-a-parcel
pick up a prescription,pick-up-a-prescription
pick up dry cleaning,pick-up-dry-cleaning
pick up food,pick-up-takeaway
pick up groceries,go-grocery-shopping
pick up kids,drop-your-child-at-school
pick up kids,pick-up-your-child-from-school
pick up litter,pick-up-litter
pick up takeaway,pick-up-takeaway
pick up your child from school,pick-up-your-child-from-school
pickleball,play-pickleball
pickleball game,play-pickleball
pickup,pick-up-a-parcel
picnic,have-a-picnic
picnic with friends,have-a-picnic-with-friends
picture frame,hang-a-picture
piercing,get-a-piercing
pilates,pilates
pilates class,pilates
pillow,buy-new-bedding
pitch document,write-a-proposal
pitch to manager,propose-a-project-to-your-manager
plan,write-a-plan
plan a date,plan-a-date
plan a family outing,plan-a-family-outing
plan a holiday,plan-a-holiday
plan a holiday together,plan-a-trip-with-friends
plan a surprise,plan-a-surprise
plan a trip,book-a-holiday
plan a trip with friends,plan-a-trip-with-friends
plan an unfinished goal,write-down-a-plan-for-an-unfinished-task
plan date,plan-a-date
plan meetup,plan-the-next-meetup
plan the day,plan-tomorrow
plan the next day,plan-tomorrow
plan the next meetup,plan-the-next-meetup
plan the week's meals,plan-the-weeks-meals
plan the year,set-goals
plan tomorrow,plan-tomorrow
plan tomorrow tonight,plan-tomorrow
plan trip,plan-a-holiday
plan your route,plan-your-route
plank,do-a-plank
planning,write-a-plan
plant,buy-a-plant
plant,plant-something
plant a seed,plant-something
plant a tree,plant-something
plant gift,buy-a-houseplant-for-a-friend
plant something,plant-something
plant stand,buy-a-plant-stand
plants,garden
plants,water-the-plants
plaster,clean-a-wound
play,go-to-the-theatre
play 5-a-side football,play-5-a-side-football
play a board game,play-a-board-game
play a game with other people,play-a-video-game-with-friends
play a mobile game,play-a-mobile-game
play a musical instrument with others,play-a-musical-instrument-with-others
play a sport,play-a-sport
play a video game with friends,play-a-video-game-with-friends
play an instrument for fun,play-an-instrument-for-fun
play badminton,play-badminton
play ball,play-catch
play baseball,play-baseball
play basketball,play-basketball
play bass guitar,practise-the-bass-guitar
play beach volleyball,play-beach-volleyball
play cards,play-cards
play catch,play-catch
play cello,practise-the-cello
play chess,play-chess
play chess online,play-chess-online
play chess well lessons,learn-to-play-chess-well
play cricket,play-cricket
play cricket in the park,play-cricket-in-the-park
play darts,play-darts
play dodgeball,play-dodgeball
play drums,practise-the-drums
play erhu,practise-the-erhu
play floorball,play-floorball
play flute,practise-the-flute
play football,play-football
play frisbee,play-frisbee
play frisbee in the park,play-frisbee-in-the-park
play futsal,play-futsal
play futsal with colleagues,play-futsal-with-colleagues
play games,play-video-games
play golf,play-golf
play guitar,play-an-instrument-for-fun
play guitar,practise-the-guitar
play guzheng,practise-the-guzheng
play handball,play-handball
play harmonica,practise-the-harmonica
play hockey,play-hockey
play lacrosse,play-lacrosse
play laser tag,play-laser-tag
play mahjong,play-mahjong
play netball,play-netball
play padel,play-padel
play piano,practise-the-piano
play piano for fun,play-an-instrument-for-fun
play pickleball,play-pickleball
play pool,play-pool
play rugby,play-rugby
play saxophone,practise-the-saxophone
play sepak takraw,play-sepak-takraw
play softball,play-softball
play squash,play-squash
play table tennis,play-table-tennis
play tchoukball,play-tchoukball
play tennis,play-tennis
play touch rugby,play-touch-rugby
play trumpet,practise-the-trumpet
play ukulele,practise-the-ukulele
play video games,play-video-games
play violin,practise-the-violin
play volleyball,play-volleyball
play water polo,play-water-polo
play with a child,play-with-a-child
play with children,play-with-your-kids
play with nephew,play-with-a-child
play with niece,play-with-a-child
play with pet,play-with-your-dog
play with your dog,play-with-your-dog
play with your kids,play-with-your-kids
playdate,organise-a-playdate
playground,take-your-child-to-the-playground
playlist,listen-to-music
playlist,make-a-playlist
plug adapter,buy-a-travel-adapter
plumber,call-a-plumber
podcast,listen-to-a-podcast
podcast recording,record-a-podcast-episode
podcasts,listen-to-a-podcast
poem,write-poetry
poems,read-poetry
poetry,write-poetry
poker,play-cards
polling day,vote
polyclinic,see-a-gp
pomodoro,set-a-timer
pomodoro session,work-in-a-pomodoro
pool,play-pool
pool,swim
porridge,make-porridge
portable fan,buy-a-fan-or-air-cooler
portfolio,rebalance-your-portfolio
portuguese,study-portuguese
portuguese lesson,study-portuguese
post,clear-your-paper-mail
post,post-an-update-online
post a package,send-a-parcel
post an update online,post-an-update-online
post meal walk,take-a-walk-after-eating
post office,go-to-the-post-office
post on linkedin,post-on-linkedin
post on social media,post-an-update-online
post something inflammatory online,post-something-inflammatory-online
postcard,write-a-letter
poster,design-a-poster
postpone,leave-it-for-now
posture,check-your-posture
pot,buy-a-pot-or-pan
pottery,do-a-pottery-class
pour over,make-coffee-at-home
power bank,buy-a-portable-charger
power nap,nap
power of attorney,make-a-lasting-power-of-attorney
pr review,review-a-pull-request
practice,apply-what-you-know
practice bass guitar,practise-the-bass-guitar
practice cello,practise-the-cello
practice drums,practise-the-drums
practice erhu,practise-the-erhu
practice flute,practise-the-flute
practice guitar,practise-the-guitar
practice guzheng,practise-the-guzheng
practice harmonica,practise-the-harmonica
practice instrument,practise-an-instrument
practice interview,prepare-for-an-interview
practice piano,practise-the-piano
practice problem,solve-a-practice-problem
practice saxophone,practise-the-saxophone
practice trumpet,practise-the-trumpet
practice ukulele,practise-the-ukulele
practice violin,practise-the-violin
practise an instrument,practise-an-instrument
practise balance exercises,practise-balance-exercises
practise gratitude,practise-gratitude
practise language,learn-a-language
practise speaking a language,practise-speaking-a-language
practise the bass guitar,practise-the-bass-guitar
practise the cello,practise-the-cello
practise the drums,practise-the-drums
practise the erhu,practise-the-erhu
practise the flute,practise-the-flute
practise the guitar,practise-the-guitar
practise the guzheng,practise-the-guzheng
practise the harmonica,practise-the-harmonica
practise the piano,practise-the-piano
practise the saxophone,practise-the-saxophone
practise the trumpet,practise-the-trumpet
practise the ukulele,practise-the-ukulele
practise the violin,practise-the-violin
praise someone,give-a-sincere-compliment
pram,buy-a-stroller
prata,eat-roti-prata
pray,pray
prayer,pray
pre-mortem,do-a-pre-mortem
premortem,do-a-pre-mortem
prep meals,meal-prep
prep veg,prep-vegetables
prep vegetables,prep-vegetables
prepare a lecture,prepare-a-lecture
prepare a presentation,prepare-a-presentation
prepare agenda,prepare-for-a-meeting
prepare dinner,cook-dinner
prepare for a meeting,prepare-for-a-meeting
prepare for an interview,prepare-for-an-interview
prepare lunch,cook-lunch
prescribed exercises,do-physiotherapy-exercises
prescription,refill-your-prescription
present,buy-a-gift
present,give-a-presentation
presentation,give-a-presentation
presentation,prepare-a-presentation
price compare,compare-prices
printer,buy-a-printer
prioritise,plan-tomorrow
probability,study-probability
problem set,do-mathematics
process email,clear-your-inbox
process emotions,sit-with-your-feelings
process in batches,batch-your-messages
produce music,make-music
product launch,launch-a-product-publicly
productive,do-something-useful
professional event,network
profile,benchmark-your-code
profiling,benchmark-your-code
program,write-code
programming,study-programming
programming,write-code
project management,study-project-management
promotion,ask-for-a-promotion
proof,prove-a-lemma
proofs,do-mathematics
proper breakfast,have-a-proper-breakfast
proper lunch break,take-a-real-lunch-break
proposal,propose-marriage
proposal,write-a-grant
proposal,write-a-proposal
propose,propose-marriage
propose a project to your manager,propose-a-project-to-your-manager
propose marriage,propose-marriage
propose project,propose-a-project-to-your-manager
protect one 90-minute block from notifications,block-your-calendar-for-focus
protein,drink-a-protein-shake
protein shake,drink-a-protein-shake
prototype,implement-the-idea
prove a lemma,prove-a-lemma
prove theorem,prove-a-lemma
ps5,buy-a-console
psychologist,see-a-therapist
psychology,study-psychology
pta,go-to-a-parent-teacher-meeting
pto,take-annual-leave
public comment,speak-at-a-public-meeting
public meeting,speak-at-a-public-meeting
public speaking,study-public-speaking
public talk,give-a-short-public-talk
public transport,take-public-transport
publish,submit-the-work
publish a post,publish-a-short-piece-of-writing
publish a short piece of writing,publish-a-short-piece-of-writing
publish an essay,publish-a-short-piece-of-writing
publish writing,publish-a-short-piece-of-writing
pulau ubin,visit-pulau-ubin
pull ups,do-pull-ups
punggol waterway park,visit-punggol-waterway-park
purchase,buy-this
push back,say-no-to-a-request
push on,continue-working
push ups,do-bodyweight-exercises
pushups,do-bodyweight-exercises
put away the groceries,put-away-the-groceries
put clothes away,fold-the-laundry
put clothes away,put-the-laundry-away
put groceries away,put-away-the-groceries
put off message,reply-to-a-message-you-have-been-putting-off
put on make-up,put-on-make-up
put on music,put-on-music
put on nice clothes,get-dressed-properly
put savings into an index fund,put-savings-into-an-index-fund
put the laundry away,put-the-laundry-away
put your child to bed,put-your-child-to-bed
put your phone away,put-your-phone-away
puzzle,buy-a-jigsaw-puzzle
puzzle,do-a-puzzle
qigong,do-tai-chi
quality time,spend-time-with-your-partner
queue,queue-for-a-famous-stall
queue at a government office,queue-at-a-government-office
queue for a famous stall,queue-for-a-famous-stall
quick bite,eat-a-snack
quick call instead,turn-a-long-thread-into-a-call
quick reply,reply-with-a-short-answer-now
quick stretch,stretch
quick tidy,tidy-one-room-for-15-minutes
quick walk,take-a-20-minute-walk
quick win,do-an-easy-task
quiet,rest-in-silence
quiet time,rest-in-silence
quit,quit-a-job
quit a job,quit-a-job
quit now,quit-your-job-impulsively
quit smoking for a day,quit-smoking-for-a-day
quit your job impulsively,quit-your-job-impulsively
quiz,take-a-mooc-quiz
quote,get-a-quote
quran,read-scripture
race,run-a-race
race signup,sign-up-for-a-race
radio,listen-to-the-radio
rage email,send-an-angry-email
rage quit,quit-your-job-impulsively
rail corridor,walk-the-rail-corridor
rain vortex,go-to-jewel-changi
rain walk,walk-in-the-rain
raincoat,buy-an-umbrella-for-the-rainy-season
rainy day fund,build-an-emergency-fund
raise,negotiate-your-salary
ramen from scratch,cook-ramen-from-scratch
ramen packet,make-instant-noodles
rant online,post-something-inflammatory-online
raspberry pi,tinker-with-a-gadget
rc event,attend-a-residents-committee-event
re-caulk the bathroom,re-caulk-the-bathroom
reach out for support,ask-for-help
reach out to an old friend,text-a-friend-you-have-not-spoken-to-in-a-while
reach out to someone,email-the-author
read,read-a-book
read a biography,read-a-biography
read a book,read-a-book
read a chapter,read-a-textbook
read a classic novel,read-a-classic-novel
read a magazine,read-a-magazine
read a novel,read-a-novel
read a paper,read-a-paper
read a research survey,read-a-research-survey
read a study,read-a-paper
read a textbook,read-a-textbook
read a wikipedia article,read-a-wikipedia-article
read an article,read-a-paper
read another paper,read-another-paper
read before bed,read-before-bed
read comics,read-comics
read contract,read-the-contract-carefully
read docs,read-the-documentation
read fiction,read-a-novel
read in bed,read-before-bed
read literature,read-a-paper
read news,read-the-news
read on the train,work-on-the-train
read poetry,read-poetry
read reddit,read-reddit
read reviews,read-reviews
read scripture,read-scripture
read the contract carefully,read-the-contract-carefully
read the documentation,read-the-documentation
read the fine print,read-the-fine-print
read the news,read-the-news
read the terms,read-the-contract-carefully
read to kids,read-to-your-child
read to your child,read-to-your-child
reading,read-a-book
rearrange furniture,rearrange-the-furniture
rearrange the furniture,rearrange-the-furniture
rebalance,rebalance-your-portfolio
rebalance your portfolio,rebalance-your-portfolio
receipts,organise-your-receipts
recommendation letter,write-a-letter-of-recommendation
reconcile,make-up-with-a-friend
reconnect,text-a-friend-you-have-not-spoken-to-in-a-while
record a podcast episode,record-a-podcast-episode
record audio,record-a-podcast-episode
recorded talk,watch-a-conference-recording
recover,rest
recovery day,take-a-rest-day
recruiter,respond-to-a-recruiter
recycle,sort-the-recycling
recycling,sort-the-recycling
recycling point,drop-off-recycling
reddit,read-reddit
reddit,scroll-social-media
redmart,buy-groceries-online
reels,watch-a-tiktok
refactor,refactor-code
refactor code,refactor-code
referee a paper,referee-a-paper
refereeing,referee-a-paper
reference letter,write-a-letter-of-recommendation
referral,see-a-specialist
refill,refill-your-prescription
refill your prescription,refill-your-prescription
reflect,reflect-on-your-week
reflect on the problem,think-without-references
reflect on your week,reflect-on-your-week
reformer,do-pilates-reformer
reformer pilates,do-pilates-reformer
refuel,fill-up-petrol
refund,return-an-item
refurbished,buy-it-second-hand
register as an organ donor,register-as-an-organ-donor
register for a race,sign-up-for-a-race
regret minimisation,think-about-what-you-would-regret-not-doing
regret test,think-about-what-you-would-regret-not-doing
regular sleep,go-to-bed-at-the-same-time
regular wake up,get-up-at-the-same-time-every-day
rehab exercises,do-physiotherapy-exercises
rehearse,visualise-a-hard-conversation
rehearse conversation,visualise-a-hard-conversation
reimbursement,claim-an-expense
related work,write-a-literature-review
relationship talk,have-a-difficult-conversation-with-your-partner
relax,rest
relax with a cup of tea,relax-with-a-cup-of-tea
release,deploy-a-change
relocate,move-to-another-city
remember names,remember-someones-name
remember someone's name,remember-someones-name
remind me,set-a-reminder
reminder,set-a-reminder
remove social media app,delete-an-app-for-a-week
renew ic,renew-your-ic-or-id
renew id,renew-your-passport
renew policy,renew-your-insurance
renew your ic or id,renew-your-ic-or-id
renew your insurance,renew-your-insurance
renew your passport,renew-your-passport
renew your road tax,renew-your-road-tax
renewal,renew-your-insurance
renewal reminder,schedule-a-reminder-for-a-renewal
rent a bike,take-a-bike-share-bike
rent a flat,sign-a-12-month-lease
rent instead,borrow-it-instead
rent it,borrow-it-instead
rent negotiation,negotiate-rent
repair,fix-something-broken
repairman,call-a-handyman
replace a battery,replace-a-battery
replicate,replicate-a-result
replicate a result,replicate-a-result
reply angry,send-an-angry-email
reply letter,respond-to-a-letter
reply messages,reply-to-messages
reply to a group chat,reply-to-a-group-chat
reply to a message you have been putting off,reply-to-a-message-you-have-been-putting-off
reply to email,reply-to-email
reply to messages,reply-to-messages
reply with a short answer now,reply-with-a-short-answer-now
report,write-a-report
report a broken streetlight or lift,report-a-broken-streetlight-or-lift
report a scam,report-a-scam
report an issue,give-feedback-to-your-town-council
report dashboard,build-a-dashboard
report fault,report-a-broken-streetlight-or-lift
report scam,report-a-scam
repot,repot-a-plant
repot a plant,repot-a-plant
reproduce a result,replicate-a-result
request feedback,ask-for-feedback
reread notes,review-your-notes
resale flat,buy-a-home
research,research-a-topic
research a topic,research-a-topic
research paper,read-a-paper
research purchase,read-reviews
researcher,email-the-author
reservist,do-your-ns-reservist-training
reset the house,do-a-ten-minute-reset
residents group,join-a-neighbourhood-group
resign,quit-a-job
resistance band,do-resistance-band-exercises
resistance training,strength-training
resolve a conflict,resolve-a-conflict
respond to a job offer before it expires,respond-to-a-job-offer-before-it-expires
respond to a letter,respond-to-a-letter
respond to a recruiter,respond-to-a-recruiter
respond to email,reply-to-email
respond to offer,respond-to-a-job-offer-before-it-expires
respond to reviewers,revise-a-paper
rest,rest
rest an injury,rest-an-injury
rest day,take-a-mental-health-day
rest day,take-a-rest-day
rest in silence,rest-in-silence
rest injury,rest-an-injury
rest voice,rest-your-voice
rest when ill,take-a-sick-day
rest your back,rest-an-injury
rest your eyes,stretch-your-eyes
rest your knee,rest-an-injury
rest your voice,rest-your-voice
restaurant,try-a-new-restaurant
restore,restore-something-old
restore something old,restore-something-old
resume,apply-for-a-job
resume,update-your-cv
retainer,clean-your-retainer
retire,retire
retire early,retire
retirement,retire
retreat,go-on-a-retreat
return,return-an-item
return a call,call-a-friend-back
return a rental,return-a-rental
return an item,return-an-item
return books,return-library-books
return equipment,return-a-rental
return library books,return-library-books
return rental,return-a-rental
returnable,buy-something-with-a-free-return-window
reunion,go-to-a-reunion
review a paper,referee-a-paper
review a pull request,review-a-pull-request
review article,read-a-research-survey
review code,do-code-review
review coverage,check-your-insurance-coverage
review finances,make-a-budget
review flashcards,review-flashcards
review notes,review-your-notes
review pr,review-a-pull-request
review subscriptions,review-your-subscriptions
review tasks,update-your-to-do-list
review the week,reflect-on-your-week
review your insurance,review-your-insurance
review your notes,review-your-notes
review your screen time,review-your-screen-time
review your subscriptions,review-your-subscriptions
reviews,read-reviews
revise,study-for-an-exam
revise a paper,revise-a-paper
revision,study-for-an-exam
revisions,revise-a-paper
rewatch,rewatch-a-favourite-show
rewatch a favourite show,rewatch-a-favourite-show
rfc,write-a-design-document
rice,ice-an-injury
rice cooker,buy-a-rice-cooker
ride a bike,cycle
ride a motorcycle lessons,learn-to-ride-a-motorcycle
ride a stationary bike,ride-a-stationary-bike
ride the bus,take-a-long-bus-ride-to-nowhere
ring,make-a-phone-call
ring a friend,call-a-friend
risotto,cook-risotto
road tax,renew-your-road-tax
road trip,go-for-a-drive
road trip,go-on-a-road-trip
robot vacuum,buy-a-vacuum-cleaner
rock climb lessons,learn-to-rock-climb
rock climbing,climb
rollerblade,go-rollerblading
rollerblading,go-ice-skating
romantic dinner,go-on-a-date
room makeover,decorate-your-room
roti prata,eat-roti-prata
route planning,plan-your-route
router,fix-your-wi-fi
row,row
rowing,row
rowing machine,row
rsvp,rsvp-to-a-wedding
rsvp to a wedding,rsvp-to-a-wedding
rsvp yes,rsvp-to-a-wedding
rtfm,read-the-documentation
rubber duck,rubber-duck-the-problem
rubber-duck the problem,rubber-duck-the-problem
rubbish,take-out-the-rubbish
rug,buy-a-rug
rugby,play-rugby
rugby game,play-rugby
run,go-for-a-run
run a meeting,run-a-meeting
run a race,run-a-race
run an experiment,run-an-experiment
run at noon,run-hard-in-the-midday-heat
run hard in the midday heat,run-hard-in-the-midday-heat
run in the heat,run-hard-in-the-midday-heat
running,go-for-a-run
running gear,buy-running-gear
running shoes,buy-running-shoes
russian,study-russian
russian lesson,study-russian
sabbatical,take-a-sabbatical
sail,go-sailing
sailing,go-sailing
salad,eat-a-salad
salary negotiation,negotiate-your-salary
salsa,take-a-dance-class
sambal,cook-sambal
sandwich,make-a-sandwich
sanitise,wash-your-hands
sauna,go-to-a-sauna
save,save-the-money
save money,save-the-money
save the money,save-the-money
savings account,open-a-savings-account
savings plan,set-up-a-savings-plan
saxophone,practise-the-saxophone
saxophone practice,practise-the-saxophone
say no,say-no-to-a-request
say no to a request,say-no-to-a-request
say no to plans,decline-an-invitation
say sorry,apologise-to-someone
say sorry first,say-sorry-first
say yes,say-yes-to-an-invitation
say yes to an invitation,say-yes-to-an-invitation
scale,check-your-weight
scale and polish,see-a-dentist
scam link,click-a-suspicious-link
scamshield,report-a-scam
schedule,schedule-an-appointment
schedule a reminder for a renewal,schedule-a-reminder-for-a-renewal
schedule an appointment,schedule-an-appointment
school bag,pack-your-childs-school-bag
school pick up,pick-up-your-child-from-school
school run,drop-your-child-at-school
science centre,visit-the-science-centre
screen,buy-a-monitor
screen for,get-a-health-screening
screen free,put-your-phone-away
screen repair,get-your-phone-repaired
screen time,review-your-screen-time
screen time limits,set-app-time-limits
screening,get-a-health-check-up
screening package,get-a-health-screening
screens off,turn-off-screens-an-hour-before-bed
scripting,automate-a-repetitive-task
scripture,read-scripture
scroll,scroll-social-media
scroll in bed,doomscroll-past-midnight
scroll social media,scroll-social-media
scrub the shower,scrub-the-shower
scuba,go-scuba-diving
sea swim,go-for-a-swim-in-the-sea
sea swim alone,swim-alone-in-open-water
seaside,go-to-the-beach
seasonal,pack-away-seasonal-things
second hand,buy-it-second-hand
see a dentist,see-a-dentist
see a doctor,book-a-doctors-appointment
see a film,go-to-the-cinema
see a friend,meet-a-friend
see a gp,see-a-gp
see a specialist,see-a-specialist
see a therapist,see-a-therapist
see family,visit-your-family
see gp,see-a-gp
see how they are,check-in-on-a-friend
seek urgent medical care,seek-urgent-medical-care
self review,write-a-performance-review
self service laundry,drop-off-laundry-at-a-laundromat
self test,take-a-mooc-quiz
sell online,sell-something-online
sell something online,sell-something-online
sell something you no longer use,sell-something-online
seminar,attend-a-workshop
seminar talk,attend-a-conference-talk
send a birthday message,send-a-birthday-message
send a condolence note,send-a-condolence-note
send a follow-up email,send-a-follow-up-email
send a parcel,send-a-parcel
send a photo to your family,send-a-photo-to-your-family
send a text message,send-a-text-message
send a thank-you note,send-a-thank-you-note
send a voice note,send-a-voice-note
send an angry email,send-an-angry-email
send back,return-an-item
send cv,apply-for-a-job
send invoice,invoice-a-client
send it off,submit-the-work
send researcher an email,email-the-author
sentosa,visit-sentosa
sepak takraw,play-sepak-takraw
sepak takraw game,play-sepak-takraw
series,watch-tv
service,attend-a-religious-service
service car,get-the-car-serviced
service centre,queue-at-a-government-office
service the air-con,service-the-air-con
set a boundary,set-a-boundary
set a budget for the month,set-a-budget-for-the-month
set a deadline,timebox-a-task
set a reminder,set-a-reminder
set a timer,set-a-timer
set an intention for the day,set-an-intention-for-the-day
set app time limits,set-app-time-limits
set boundaries,set-a-boundary
set goals,set-goals
set up a cleaning rota,set-up-a-cleaning-rota
set up a password manager,set-up-a-password-manager
set up a savings plan,set-up-a-savings-plan
set up an automatic transfer to savings,set-up-a-savings-plan
sew,knit-or-sew
sew,sew-on-a-button
sew a hem lessons,learn-to-sew-a-hem
sew lessons,learn-to-sew
sew on a button,sew-on-a-button
sewing,knit-or-sew
shampoo,wash-your-hair
share a dessert,share-a-dessert
share a draft for feedback,share-a-draft-for-feedback
share a meal at a hawker centre with friends,share-a-meal-at-a-hawker-centre-with-friends
share a ride,carpool
share dessert,share-a-dessert
share draft,share-a-draft-for-feedback
share online,post-an-update-online
share photo,send-a-photo-to-your-family
share unfinished draft,share-a-draft-for-feedback
shared meal,eat-a-meal-with-someone
sharpen knives,sharpen-the-knives
sharpen the knives,sharpen-the-knives
shave,shave
shaving,shave
sheet mask,do-a-face-mask
sheets,buy-bed-sheets
sheets,change-the-bed-sheets
shelves,buy-a-bookshelf
ship,deploy-a-change
ship a parcel,send-a-parcel
ship it,submit-the-work
shirt,buy-clothes
shoe repair,get-shoes-repaired
shoes,buy-clothes
shop around,compare-prices
shop from a list,shop-from-a-list
shopping,go-grocery-shopping
shopping for neighbour,help-a-neighbour-with-shopping
shopping list,shop-from-a-list
short break,take-a-short-break
short jog,go-for-a-run
short story,write-a-short-story
short walk,take-a-20-minute-walk
shortcuts,learn-keyboard-shortcuts
shorts,watch-a-tiktok
show work in progress,share-a-draft-for-feedback
shower,take-a-shower
shower cleaning,scrub-the-shower
shower singing,sing
shred,shred-old-documents
shred old documents,shred-old-documents
shredding,shred-old-documents
shutdown ritual,clear-your-desk-at-the-end-of-the-day
sick day,take-a-sick-day
sick relative,call-to-check-on-a-sick-relative
side gig,do-freelance-work
side project,work-on-a-side-project
siesta,nap
sign a 12-month lease,sign-a-12-month-lease
sign a contract without reading it,sign-a-contract-without-reading-it
sign a multi-year business contract,sign-a-multi-year-business-contract
sign a petition,sign-a-petition
sign lease,sign-a-12-month-lease
sign up for a course,enrol-in-a-course
sign up for a race,sign-up-for-a-race
sign without reading,sign-a-contract-without-reading-it
signature,update-your-email-signature
silence,rest-in-silence
silence phone,turn-off-notifications
silent retreat,go-on-a-retreat
silicone,re-caulk-the-bathroom
siloso,visit-sentosa
sim card,buy-a-new-sim-card
sing,sing
sing in tune lessons,learn-to-sing-in-tune
singapore botanic gardens,visit-the-singapore-botanic-gardens
singapore history,study-singapore-history
singapore pools,buy-a-lottery-ticket-at-the-kiosk
singing,sing
sit,meditate
sit and do nothing on the balcony,sit-and-do-nothing-on-the-balcony
sit at a cafe,people-watch-at-a-cafe
sit by the river,sit-by-the-water
sit by the sea,sit-by-the-water
sit by the water,sit-by-the-water
sit in on a lecture,sit-in-on-a-lecture
sit in on class,sit-in-on-a-lecture
sit in silence,rest-in-silence
sit in the park,go-to-the-park
sit in the sun,sit-in-the-sun
sit outside,sit-and-do-nothing-on-the-balcony
sit quietly,rest-in-silence
sit up straight,check-your-posture
sit with your feelings,sit-with-your-feelings
situps,do-bodyweight-exercises
skateboard,go-skateboarding
skating,go-ice-skating
skating,go-skateboarding
sketch,draw
sketchbook,buy-art-supplies
sketchbook,start-a-sketchbook-page
sketching,draw
ski lessons,learn-to-ski
skin check,do-a-skin-check
skincare,do-skincare
skincare products,buy-skincare-products
skip,skip-it-today
skip a cigarette,quit-smoking-for-a-day
skip alcohol for a week,skip-alcohol-for-a-week
skip dinner,skip-this-meal
skip it today,skip-it-today
skip meal,skip-this-meal
skip meds,skip-your-medication
skip meeting,skip-the-meeting
skip the drink,cut-down-on-alcohol
skip the drink tonight,take-a-break-from-alcohol-tonight
skip the feeder bus,walk-to-the-mrt-instead-of-taking-the-feeder-bus
skip the meeting,skip-the-meeting
skip the purchase,save-the-money
skip this meal,skip-this-meal
skip today,skip-it-today
skip tv,swap-an-evening-of-tv-for-something-else
skip your medication,skip-your-medication
skipping,jump-rope
slack,check-slack
sleep,sleep
sleep diary,keep-a-sleep-diary
sleep early,go-to-bed-early
sleep in,lie-in
sleep in on the weekend,sleep-in-on-the-weekend
sleep log,track-your-sleep
sleep now,sleep
sleep on it,sleep-on-it
sleep schedule,go-to-bed-at-the-same-time
sleep tracking,track-your-sleep
sleep when tired,go-to-bed-when-you-are-tired
slides,prepare-a-presentation
slippers,buy-sandals
slow eating,eat-slowly
small dinner,have-a-light-dinner
small gift,spend-a-small-amount-on-someone-else
small print,read-the-fine-print
small side project,start-a-side-project-this-weekend
small task,do-an-easy-task
small win,celebrate-a-small-win
smart lock,buy-a-door-lock
smartphone,buy-a-phone
smartwatch,buy-a-gadget
smoke,smoke-a-cigarette
smoke a cigarette,smoke-a-cigarette
smoke alarm,check-the-smoke-alarm
smoke alarm battery,replace-a-battery
smoke detector,buy-a-smoke-detector
smoothie,make-a-smoothie
smoothie bowl,drink-a-smoothie-bowl
sms,send-a-text-message
snack,eat-a-snack
sneakers,buy-running-shoes
snooker,play-pool
snooze,nap
snorkel,go-snorkelling
snorkelling,go-snorkelling
sober week,skip-alcohol-for-a-week
social media,scroll-social-media
social sport,play-a-sport
society,join-a-club
sociology,study-sociology
sofa,buy-furniture
sofa,clean-the-sofa
sofa nap,nap-on-the-sofa-after-lunch
softball,play-softball
softball game,play-softball
software update,update-your-software
solitude,spend-time-alone
solo cafe,go-to-a-cafe-alone
solo hike,hike-alone-without-telling-anyone
solo travel,travel-solo
solve a practice problem,solve-a-practice-problem
solve a rubik's cube lessons,learn-to-solve-a-rubiks-cube
solve problems,do-mathematics
something sweet,have-dessert
something to eat,eat-a-snack
songwriting,make-music
songwriting,write-a-song
sore throat,rest-your-voice
sort out the cables,sort-out-the-cables
sort the recycling,sort-the-recycling
sort your paperwork,sort-your-paperwork
soup,make-soup
sourdough,make-bread
south korea,take-a-trip-to-south-korea
southern ridges,walk-the-southern-ridges
spa,get-a-massage
spaced repetition,review-flashcards
spaced repetition review,do-a-spaced-repetition-review
spaghetti,make-pasta
spanish,learn-a-language
spanish,study-spanish
spanish lesson,study-spanish
spare key,get-keys-cut
speak at a public meeting,speak-at-a-public-meeting
speak in public lessons,learn-to-speak-in-public
speaker,buy-a-speaker
spec,write-a-design-document
specialist,see-a-specialist
spectacles,buy-a-new-pair-of-glasses
spend a small amount on someone else,spend-a-small-amount-on-someone-else
spend time alone,spend-time-alone
spend time with a pet,spend-time-with-a-pet
spend time with your partner,spend-time-with-your-partner
spending limit,set-a-budget-for-the-month
spf,use-sunscreen
spin,ride-a-stationary-bike
spin class,do-a-spin-class
spin class,ride-a-stationary-bike
sport,play-a-sport
sportswear,buy-running-gear
spotify,stream-music
spreadsheet,analyse-the-data
spreadsheet,update-a-spreadsheet
spring clean,deep-clean-the-house
sprinting,do-interval-sprints
sprints,do-interval-sprints
squash,play-squash
squash game,play-squash
squats,do-squats
squeaky door,fix-a-squeaky-door
sri lanka,take-a-trip-to-sri-lanka
srs,top-up-your-cpf
ssd,buy-an-external-hard-drive
stadium,watch-a-sports-match-live
stair climb,climb-the-stairs-at-home
stairs,take-the-stairs
stamps,buy-stamps
stand up,go-to-a-comedy-show
stand up,stand-up-and-move
stand up and move,stand-up-and-move
stand up and stretch,stretch-at-your-desk
stand up paddle,go-paddleboarding
stand up special,watch-a-stand-up-special
stand while working,work-standing-up
standing desk,buy-a-standing-desk
standing desk work,work-standing-up
standing instruction,set-up-a-savings-plan
standing order,set-up-a-savings-plan
standup,attend-a-meeting
stare out the window,daydream
stargazing,go-stargazing
start a business,start-a-business
start a company,start-a-business
start a family,have-a-child
start a herb garden,start-a-herb-garden
start a side project this weekend,start-a-side-project-this-weekend
start a sketchbook page,start-a-sketchbook-page
start the side project,start-a-side-project-this-weekend
startup,start-a-business
statement,check-your-credit-card-statement
stationary bike,ride-a-stationary-bike
stationery,buy-school-supplies
statistics,study-statistics
status update,write-an-email-to-your-team
stay at home,stay-home
stay busy,keep-busy
stay home,stay-home
stay in,stay-home
stay in bed,lie-in
stay late,do-overtime
stay up,stay-up-late
stay up all night before a big day,stay-up-all-night-before-a-big-day
stay up late,stay-up-late
staycation,go-on-a-staycation
staycation,take-a-weekend-trip
steam room,go-to-a-sauna
steamboat,have-hotpot
step away,take-a-short-break
step away for lunch,take-a-real-lunch-break
step class,do-an-aerobics-class
step count,walk-10-000-steps
step outside,go-outside-for-five-minutes
steps,walk-10-000-steps
stew,cook-a-one-pot-meal
stop eating two hours before bed,stop-eating-two-hours-before-bed
stop looking,stop-researching
stop reading,stop-researching
stop researching,stop-researching
stop working,stop-working-for-the-day
stop working for the day,stop-working-for-the-day
storage,pack-away-seasonal-things
stove on,leave-the-stove-on-and-go-out
stream,watch-a-livestream
stream music,stream-music
streaming,subscribe-to-a-service
street photography,go-on-a-photo-walk
strength,strength-training
strength training,strength-training
stretch,stretch
stretch at your desk,stretch-at-your-desk
stretch your back,stretch-your-back
stretch your eyes,stretch-your-eyes
stretching,stretch
stretching routine,do-a-stretching-routine
stretching routine,do-mobility-work
stretching video,do-a-guided-stretching-video
strike up a conversation,talk-with-a-stranger
stroll,go-for-a-walk
stroller,buy-a-stroller
student mentoring,mentor-a-student
study,study-for-an-exam
study a new language,study-a-new-language
study accounting,study-accounting
study algebra,study-algebra
study anthropology,study-anthropology
study arabic,study-arabic
study architecture,study-architecture
study art history,study-art-history
study astronomy,study-astronomy
study biology,study-biology
study calculus,study-calculus
study cantonese,study-cantonese
study chemistry,study-chemistry
study classics,study-classics
study climate science,study-climate-science
study cooking theory,study-cooking-theory
study cryptography,study-cryptography
study data science,study-data-science
study databases,study-databases
study decision theory,study-decision-theory
study design,study-design
study economics,study-economics
study film studies,study-film-studies
study finance,study-finance
study first aid,study-first-aid
study for an exam,study-for-an-exam
study french,study-french
study game theory,study-game-theory
study genetics,study-genetics
study geography,study-geography
study geometry,study-geometry
study german,study-german
study group,join-a-study-group
study hindi,study-hindi
study history,study-history
study hokkien,study-hokkien
study indonesian,study-indonesian
study investing,study-investing
study italian,study-italian
study japanese,study-japanese
study korean,study-korean
study law,study-law
study linear algebra,study-linear-algebra
study linguistics,study-linguistics
study machine learning,study-machine-learning
study macroeconomics,study-macroeconomics
study malay,study-malay
study mandarin,study-mandarin
study marketing,study-marketing
study microeconomics,study-microeconomics
study music production,study-music-production
study music theory,study-music-theory
study negotiation,study-negotiation
study negotiation tactics,study-negotiation-tactics
study neuroscience,study-neuroscience
study number theory,study-number-theory
study nutrition,study-nutrition
study operating systems,study-operating-systems
study personal finance,study-personal-finance
study philosophy,study-philosophy
study photography,study-photography
study physics,study-physics
study portuguese,study-portuguese
study probability,study-probability
study programming,study-programming
study project management,study-project-management
study psychology,study-psychology
study public speaking,study-public-speaking
study russian,study-russian
study singapore history,study-singapore-history
study sociology,study-sociology
study spanish,study-spanish
study statistics,study-statistics
study tamil,study-tamil
study thai,study-thai
study topology,study-topology
study urban planning,study-urban-planning
study vietnamese,study-vietnamese
study web development,study-web-development
study with friends,join-a-study-group
study writing,study-writing
study writing proofs,study-writing-proofs
style hair,brush-your-hair
submit,submit-the-work
submit a paper,submit-a-paper
submit the work,submit-the-work
submit to conference,submit-a-paper
submit to journal,submit-a-paper
subscribe,subscribe-to-a-service
subscribe to a service,subscribe-to-a-service
subscription,subscribe-to-a-service
subscriptions audit,review-your-subscriptions
sudoku,do-a-puzzle
suitcase,buy-a-suitcase
summarise,take-notes
summarize,take-notes
summons,pay-a-parking-fine
sun,sit-in-the-sun
sun cream,use-sunscreen
sunbathe,sit-in-the-sun
sunday prep,meal-prep
sungei buloh wetland reserve,visit-sungei-buloh-wetland-reserve
sunglasses,buy-sunglasses
sunlight,get-sunlight
sunrise,watch-the-sunrise
sunscreen,do-skincare
sunset walk,go-for-a-walk
sup,go-paddleboarding
supermarket,go-grocery-shopping
supertrees,visit-gardens-by-the-bay
supper,eat-dinner
supper,have-supper
supplement,take-a-vitamin
supplements,take-a-vitamin
support,answer-support-tickets
surf,go-surfing
surf lessons,learn-to-surf
surf the web,browse-the-internet
surfing,go-surfing
surgery,have-elective-surgery
surprise,plan-a-surprise
survey paper,read-a-research-survey
sushi,eat-sushi
suspicious sms,click-a-suspicious-link
swap an evening of tv for something else,swap-an-evening-of-tv-for-something-else
swap tv,swap-an-evening-of-tv-for-something-else
swim,swim
swim after drinking,swim-after-drinking
swim alone,swim-alone-in-open-water
swim alone in open water,swim-alone-in-open-water
swim drunk,swim-after-drinking
swim in storm,swim-in-the-sea-during-a-thunderstorm
swim in the sea during a thunderstorm,swim-in-the-sea-during-a-thunderstorm
swim laps,swim
swim lessons,learn-to-swim
swimming,swim
swimsuit,buy-swimwear
swing dance,take-a-dance-class
switch,buy-a-console
switch careers,change-careers
switch electricity provider,switch-electricity-provider
switch field,change-your-field-of-study
sympathy card,send-a-condolence-note
symphony,go-to-a-classical-concert
symptom checker,check-a-symptom
tabata,do-a-hiit-workout
table tennis,play-table-tennis
table tennis game,play-table-tennis
tablet,buy-a-tablet
tacos,cook-tacos
tags,buy-luggage-tags
tai chi,do-tai-chi
tailor,drop-off-dry-cleaning
tailor,get-clothes-altered
taiwan,take-a-trip-to-taiwan
take a 20-minute walk,take-a-20-minute-walk
take a bike-share bike,take-a-bike-share-bike
take a break from alcohol tonight,take-a-break-from-alcohol-tonight
take a bus,take-the-bus
take a cold shower,take-a-cold-shower
take a cooking class,take-a-cooking-class
take a dance class,take-a-dance-class
take a different route to work,take-a-different-route-to-work
take a ferry to batam or bintan,take-a-ferry-to-batam-or-bintan
take a free online lecture,take-a-free-online-lecture
take a grab to save time,take-a-grab-to-save-time
take a long bus ride to nowhere,take-a-long-bus-ride-to-nowhere
take a long-haul holiday,take-a-long-haul-holiday
take a mental health day,take-a-mental-health-day
take a mooc quiz,take-a-mooc-quiz
take a nap,nap
take a painting class,take-a-painting-class
take a parent to the doctor,take-a-parent-to-the-doctor
take a power nap,nap
take a real lunch break,take-a-real-lunch-break
take a rest day,take-a-rest-day
take a sabbatical,take-a-sabbatical
take a short break,take-a-short-break
take a shower,take-a-shower
take a sick day,take-a-sick-day
take a sunset walk,go-for-a-walk
take a taxi,take-a-taxi
take a trip to australia,take-a-trip-to-australia
take a trip to bali,take-a-trip-to-bali
take a trip to china,take-a-trip-to-china
take a trip to europe,take-a-trip-to-europe
take a trip to hong kong,take-a-trip-to-hong-kong
take a trip to india,take-a-trip-to-india
take a trip to japan,take-a-trip-to-japan
take a trip to malaysia,take-a-trip-to-malaysia
take a trip to new zealand,take-a-trip-to-new-zealand
take a trip to south korea,take-a-trip-to-south-korea
take a trip to sri lanka,take-a-trip-to-sri-lanka
take a trip to taiwan,take-a-trip-to-taiwan
take a trip to thailand,take-a-trip-to-thailand
take a trip to the philippines,take-a-trip-to-the-philippines
take a trip to vietnam,take-a-trip-to-vietnam
take a vitamin,take-a-vitamin
take a walk,go-for-a-walk
take a walk after eating,take-a-walk-after-eating
take a walking meeting,take-a-walking-meeting
take a weekend trip,take-a-weekend-trip
take a weekend trip somewhere new,take-a-weekend-trip-somewhere-new
take an online course,take-an-online-course
take annual leave,take-annual-leave
take better photos lessons,learn-to-take-better-photos
take it easy,rest
take mum to clinic,take-a-parent-to-the-doctor
take notes,take-notes
take on high-interest debt for a purchase,take-on-high-interest-debt-for-a-purchase
take out the rubbish,take-out-the-rubbish
take over,give-your-partner-a-break
take painkillers,take-painkillers
take photos,take-photos
take pictures,take-photos
take pills,take-your-medication
take public transport,take-public-transport
take the bus,take-the-bus
take the mrt,commute-by-mrt
take the stairs,take-the-stairs
take three deep breaths,take-three-deep-breaths
take your child to a class,take-your-child-to-a-class
take your child to the playground,take-your-child-to-the-playground
take your medication,take-your-medication
take your pet to the vet,take-your-pet-to-the-vet
takeaway,order-takeaway
takeout,order-takeaway
talk,watch-a-lecture
talk it out,resolve-a-conflict
talk to a stranger,talk-with-a-stranger
talk to partner,have-a-difficult-conversation-with-your-partner
talk to teen,talk-to-your-teenager
talk to your teenager,talk-to-your-teenager
talk with a stranger,talk-with-a-stranger
talk with a stranger on your commute,talk-with-a-stranger
tamil,study-tamil
tamil lesson,study-tamil
tapau,pick-up-takeaway
task list,update-your-to-do-list
tattoo,get-a-tattoo
tax filing,file-your-income-tax
tax return,do-your-taxes
taxes,do-your-taxes
taxi,take-a-taxi
taxi to save time,take-a-grab-to-save-time
tchoukball,play-tchoukball
tchoukball game,play-tchoukball
tea,make-tea
tea break,relax-with-a-cup-of-tea
tea leaves,buy-tea
teach,teach-a-class
teach,teach-someone
teach a class,teach-a-class
teach child to ride a bike,teach-your-child-a-skill
teach colleague,mentor-someone
teach it back,explain-it-in-your-own-words
teach kids,teach-your-child-a-skill
teach someone,teach-someone
teach the dog,train-your-dog
teach your child a skill,teach-your-child-a-skill
teaching prep,prepare-a-lecture
team,join-a-club
team email,write-an-email-to-your-team
team lunch,organise-a-team-lunch
team outing,organise-a-team-lunch
teams,check-slack
tech,buy-a-gadget
tech debt,clean-up-your-codebase
tech support for parents,help-a-parent-with-technology
teenager,talk-to-your-teenager
teeth cleaning,see-a-dentist
teh,have-kopi
teh tarik,have-kopi
teh tarik supper,have-teh-tarik-at-a-mamak
tekka,visit-little-india
telco plan,compare-phone-plans
telegram group,reply-to-a-group-chat
television,watch-tv
television set,buy-a-tv
temple,attend-a-religious-service
ten minute tidy,do-a-ten-minute-reset
ten minutes of meditation,meditate
tenancy,sign-a-12-month-lease
tennis,play-a-sport
tennis,play-tennis
tennis game,play-tennis
tenpin,go-bowling
terms,read-the-fine-print
terms and conditions,read-the-contract-carefully
test assumptions,ask-what-would-have-to-be-true
test yourself,take-a-mooc-quiz
testing,write-a-test
tests,write-a-test
text,send-a-text-message
text a friend you have not spoken to in a while,text-a-friend-you-have-not-spoken-to-in-a-while
text an old friend,text-a-friend-you-have-not-spoken-to-in-a-while
text someone,send-a-text-message
text while driving,text-while-driving
textbook,read-a-textbook
texting and driving,text-while-driving
thai,study-thai
thai lesson,study-thai
thailand,take-a-trip-to-thailand
thank a mentor,write-a-gratitude-letter
thank a teacher,email-a-former-teacher-or-mentor
thank someone,send-a-thank-you-note
thank you,send-a-thank-you-note
thank you email,write-a-thank-you-email
the philippines,take-a-trip-to-the-philippines
theater,go-to-the-theatre
theatre,go-to-the-theatre
theme park,go-to-a-theme-park
therapy,see-a-therapist
think,think-without-references
think about what you would regret not doing,think-about-what-you-would-regret-not-doing
think aloud,rubber-duck-the-problem
think it through,think-without-references
think without references,think-without-references
thinking,think-without-references
thinking walk,go-for-a-thinking-walk
thoughtful gift,buy-a-thoughtful-gift
threading,get-your-eyebrows-done
three breaths,take-three-deep-breaths
three good things,practise-gratitude
three good things,write-down-three-good-things
thrift,go-to-a-flea-market
thrifting,go-to-a-flea-market
throw a ball,play-catch
throw a party,host-a-party
throw out expired food,throw-out-expired-food
tickets,answer-support-tickets
tickets,buy-concert-tickets
tickets selling out,buy-concert-tickets-before-they-sell-out
tidy cables,sort-out-the-cables
tidy code,refactor-code
tidy desk,tidy-your-desk
tidy for 15 minutes,tidy-one-room-for-15-minutes
tidy one room,tidy-one-room-for-15-minutes
tidy one room for 15 minutes,tidy-one-room-for-15-minutes
tidy room,clean-your-room
tidy up,clean-your-room
tidy your desk,tidy-your-desk
tiktok,scroll-social-media
tiktok,watch-a-tiktok
til,keep-a-learning-log
time box,timebox-a-task
time estimate,estimate-how-long-a-task-will-take
time limit,set-a-timer
time machine,back-up-your-laptop
time with partner,spend-time-with-your-partner
time with pet,spend-time-with-a-pet
timebox,timebox-a-task
timebox a task,timebox-a-task
timer,set-a-timer
timezone,go-to-an-arcade
tinker,tinker-with-a-gadget
tinker with a gadget,tinker-with-a-gadget
tiong bahru,visit-tiong-bahru
to do list,make-a-to-do-list
to do list,plan-tomorrow
toastie,make-a-sandwich
toastmasters,give-a-short-public-talk
today i learned,keep-a-learning-log
todo,make-a-to-do-list
todo list,plan-tomorrow
toilet,clean-the-bathroom
toilet,clean-the-toilet
tomorrow,leave-it-for-now
too many tabs,close-unnecessary-browser-tabs
top three,write-your-weekly-priorities
top up card,top-up-your-transport-card
top up your cpf,top-up-your-cpf
top up your transport card,top-up-your-transport-card
topology,study-topology
toto,buy-a-lottery-ticket
toto ticket,buy-a-lottery-ticket-at-the-kiosk
touch rugby,play-touch-rugby
touch rugby game,play-touch-rugby
touch typing,learn-to-touch-type
tough email,write-a-difficult-email
town council,give-feedback-to-your-town-council
town hall,speak-at-a-public-meeting
toy,buy-a-present-for-a-child
track food,track-what-you-eat
track session,do-interval-sprints
track spending,make-a-budget
track what you eat,track-what-you-eat
track your sleep,track-your-sleep
trail,go-hiking
train,take-public-transport
train for a marathon,train-for-a-marathon
train through pain,exercise-through-sharp-pain
train to work,commute-by-mrt
train your dog,train-your-dog
trainers,buy-clothes
training,go-to-the-gym
trampoline,go-to-a-trampoline-park
transport card,top-up-your-transport-card
trash,take-out-the-rubbish
travel alone,travel-solo
travel insurance,buy-insurance
travel solo,travel-solo
treadmill,use-the-treadmill
treat someone,spend-a-small-amount-on-someone-else
treetop walk,walk-the-macritchie-trail
triage email,clear-your-inbox
trial,run-an-experiment
trial class,try-a-new-exercise-class
trim your nails,trim-your-nails
trip,go-on-a-day-trip
trumpet,practise-the-trumpet
trumpet practice,practise-the-trumpet
try a class,try-a-new-exercise-class
try a different haircut,try-a-different-haircut
try a michelin bib gourmand stall,try-a-michelin-bib-gourmand-stall
try a new cuisine,try-a-new-cuisine
try a new exercise class,try-a-new-exercise-class
try a new hawker stall,try-a-new-hawker-stall
try a new morning routine for a week,try-a-new-morning-routine-for-a-week
try a new recipe,try-a-new-recipe
try a new restaurant,try-a-new-restaurant
try a new stall,try-a-new-hawker-stall
try restaurant,try-a-new-restaurant
try ten minutes of meditation or prayer,meditate
tumbling,do-gymnastics
tupperware,buy-food-containers
turn a long thread into a call,turn-a-long-thread-into-a-call
turn a vague task into a next action,turn-a-vague-task-into-a-next-action
turn off notifications,turn-off-notifications
turn off screens an hour before bed,turn-off-screens-an-hour-before-bed
turn on grayscale on your phone,turn-on-grayscale-on-your-phone
turn on two-factor authentication,turn-on-two-factor-authentication
tutor,teach-someone
tutor a child for free,tutor-a-child-for-free
tutorial,watch-a-tutorial
tutorial class,teach-a-class
tv,watch-tv
tv news,watch-the-news-on-tv
tv set,buy-a-tv
tweet,post-an-update-online
twitch,watch-a-livestream
twitter,scroll-social-media
two factor,turn-on-two-factor-authentication
two minute reply,reply-with-a-short-answer-now
type faster lessons,learn-to-type-faster
typing practice,learn-to-touch-type
tze char,have-a-zi-char-dinner
uber,take-a-taxi
ubin,visit-pulau-ubin
ukulele,practise-the-ukulele
ukulele practice,practise-the-ukulele
ultimate,play-frisbee-in-the-park
ultimate frisbee,play-frisbee-in-the-park
umbrella,buy-an-umbrella
unclog,unclog-a-drain
unclog a drain,unclog-a-drain
unfamiliar dish,order-something-unfamiliar
unfollow,unfollow-accounts-that-make-you-feel-worse
unfollow accounts that make you feel worse,unfollow-accounts-that-make-you-feel-worse
unit test,write-a-test
universal studios,go-to-a-theme-park
university library,visit-a-university-library
unload dishes,unload-the-dishwasher
unload the dishwasher,unload-the-dishwasher
unpack groceries,put-away-the-groceries
unpaid invoice,chase-an-unpaid-invoice
unstructured play,play-with-a-child
unsubscribe,cancel-a-subscription
unsubscribe emails,unsubscribe-from-emails
unsubscribe from emails,unsubscribe-from-emails
upcycle,restore-something-old
update a spreadsheet,update-a-spreadsheet
update address,update-your-address
update laptop,update-your-software
update phone,update-your-software
update resume,update-your-cv
update sheet,update-a-spreadsheet
update the team,write-an-email-to-your-team
update todo,update-your-to-do-list
update your address,update-your-address
update your cv,update-your-cv
update your email signature,update-your-email-signature
update your linkedin,update-your-linkedin
update your phone,update-your-phone
update your software,update-your-software
update your to-do list,update-your-to-do-list
update your will or nominations,update-your-will-or-nominations
upgrade laptop,upgrade-your-computer
upgrade pc,upgrade-your-computer
upgrade your computer,upgrade-your-computer
upholstery,clean-the-sofa
upper deck,take-a-long-bus-ride-to-nowhere
urban planning,study-urban-planning
urgent care,seek-urgent-medical-care
usb mic,buy-a-microphone
use a coupon,use-a-coupon
use a spreadsheet properly lessons,learn-to-use-a-spreadsheet-properly
use leftovers,clean-out-the-fridge-and-use-leftovers
use sunscreen,use-sunscreen
use the elliptical,use-the-elliptical
use the treadmill,use-the-treadmill
use what you learned,apply-what-you-know
used,buy-it-second-hand
used book,buy-a-secondhand-book
useful,do-something-useful
utilities,pay-your-bills
vacation,book-a-holiday
vaccination,book-a-vaccination
vaccine,book-a-vaccination
vacuum,vacuum
vacuum cleaner,buy-a-vacuum-cleaner
vacuuming,vacuum
vape,smoke-a-cigarette
veg,eat-more-vegetables
vegetables,eat-more-vegetables
vehicle inspection,get-your-car-inspected
vet,take-your-pet-to-the-vet
veterinarian,take-your-pet-to-the-vet
video call,video-call-your-family
video call your family,video-call-your-family
video editing,edit-a-video
video game,buy-a-game
video games,play-video-games
videos,watch-youtube
vietnam,take-a-trip-to-vietnam
vietnamese,study-vietnamese
vietnamese lesson,study-vietnamese
vinyasa,do-yoga
violin,practise-an-instrument
violin,practise-the-violin
violin practice,practise-the-violin
visa,apply-for-a-visa
visa application,apply-for-a-visa
visit a friend abroad,visit-a-friend-in-another-city
visit a friend in another city,visit-a-friend-in-another-city
visit a friend in hospital,visit-a-friend-in-hospital
visit a friend's new baby,visit-a-friends-new-baby
visit a library,visit-a-library
visit a makerspace,visit-a-makerspace
visit a new neighbourhood,visit-a-new-neighbourhood
visit a university library,visit-a-university-library
visit an art gallery,visit-an-art-gallery
visit an elderly parent,visit-an-elderly-parent
visit bishan-ang mo kio park,visit-bishan-ang-mo-kio-park
visit bugis street,visit-bugis-street
visit changi beach,visit-changi-beach
visit chinatown,visit-chinatown
visit chinatown complex hawker centre,visit-chinatown-complex-hawker-centre
visit chinese garden,visit-chinese-garden
visit clarke quay,visit-clarke-quay
visit coney island,visit-coney-island
visit dad,visit-an-elderly-parent
visit dempsey hill,visit-dempsey-hill
visit elderly parent,visit-an-elderly-parent
visit family,visit-your-family
visit fort canning park,visit-fort-canning-park
visit friend overseas,visit-a-friend-in-another-city
visit gardens by the bay,visit-gardens-by-the-bay
visit grandparents,check-in-on-an-older-relative
visit haw par villa,visit-haw-par-villa
visit holland village,visit-holland-village
visit joo chiat,visit-joo-chiat
visit jurong lake gardens,visit-jurong-lake-gardens
visit kampong glam,visit-kampong-glam
visit kent ridge park,visit-kent-ridge-park
visit kusu island,visit-kusu-island
visit labrador nature reserve,visit-labrador-nature-reserve
visit lazarus island,visit-lazarus-island
visit little india,visit-little-india
visit lower peirce reservoir,visit-lower-peirce-reservoir
visit mum,visit-an-elderly-parent
visit orchard road,visit-orchard-road
visit parents,visit-your-family
visit pasir ris park,visit-pasir-ris-park
visit pulau ubin,visit-pulau-ubin
visit punggol waterway park,visit-punggol-waterway-park
visit sentosa,visit-sentosa
visit sungei buloh wetland reserve,visit-sungei-buloh-wetland-reserve
visit the artscience museum,visit-the-artscience-museum
visit the asian civilisations museum,visit-the-asian-civilisations-museum
visit the esplanade,visit-the-esplanade
visit the national museum,visit-the-national-museum
visit the peranakan museum,visit-the-peranakan-museum
visit the science centre,visit-the-science-centre
visit the singapore botanic gardens,visit-the-singapore-botanic-gardens
visit the singapore zoo or night safari,visit-the-singapore-zoo-or-night-safari
visit tiong bahru,visit-tiong-bahru
visit west coast park,visit-west-coast-park
visit your family,visit-your-family
visit your hometown,visit-your-hometown
visualise a hard conversation,visualise-a-hard-conversation
vitamins,take-a-vitamin
vlog,make-a-video
voice message,send-a-voice-note
voice note,send-a-voice-note
volleyball,play-volleyball
volleyball game,play-volleyball
voluntary cpf,top-up-your-cpf
volunteer,volunteer
volunteer at a food bank,volunteer-at-a-food-bank
volunteer for one afternoon,volunteer
volunteer nearby,help-a-neighbour
volunteer once,volunteer
volunteer tutoring,tutor-a-child-for-free
volunteering,volunteer
vote,vote
voucher,buy-a-gift-card
voucher,use-a-coupon
wait,wait-24-hours-before-buying
wait 24 hours before buying,wait-24-hours-before-buying
wait and see,wait-and-see
wait before buying,wait-24-hours-before-buying
waive fee,ask-your-bank-to-waive-a-fee
wake,attend-a-funeral-or-wake
walk,go-for-a-walk
"walk 10,000 steps",walk-10-000-steps
walk after dinner,take-a-walk-after-eating
walk and talk,take-a-walking-meeting
walk and think,go-for-a-thinking-walk
walk around marina bay,walk-around-marina-bay
walk commute,walk-to-work
walk in nature,walk-in-nature
walk in the rain,walk-in-the-rain
walk part of your commute,walk-part-of-your-commute
walk part way,walk-part-of-your-commute
walk the dog,walk-the-dog
walk the macritchie trail,walk-the-macritchie-trail
walk the rail corridor,walk-the-rail-corridor
walk the southern ridges,walk-the-southern-ridges
walk to the mrt instead of taking the feeder bus,walk-to-the-mrt-instead-of-taking-the-feeder-bus
walk to the next stop,walk-part-of-your-commute
walk to the station,walk-to-the-mrt-instead-of-taking-the-feeder-bus
walk to work,walk-to-work
walk with an elderly parent,walk-with-an-elderly-parent
walk with grandma,walk-with-an-elderly-parent
walk with parent,walk-with-an-elderly-parent
walking,go-for-a-walk
walking meeting,take-a-walking-meeting
wander,visit-a-new-neighbourhood
wardrobe,organise-a-cupboard
wardrobe,organise-your-wardrobe
warm up,warm-up-before-exercise
warm up before exercise,warm-up-before-exercise
warmup,warm-up-before-exercise
wash,take-a-shower
wash car,wash-the-car
wash clothes,do-the-laundry
wash hair,wash-your-hair
wash hands,wash-your-hands
wash the car,wash-the-car
wash the curtains,wash-the-curtains
wash the floor mats,wash-the-floor-mats
wash towels,do-a-load-of-whites
wash up,do-the-dishes
wash your hair,wash-your-hair
wash your hands,wash-your-hands
washing,do-the-laundry
washing up,do-the-dishes
watch,buy-a-watch
watch a conference recording,watch-a-conference-recording
watch a documentary,watch-a-documentary
watch a film,watch-a-film
watch a game at the stadium,watch-a-sports-match-live
watch a lecture,watch-a-lecture
watch a livestream,watch-a-livestream
watch a movie,watch-a-film
watch a movie at home,watch-a-film
watch a show,watch-tv
watch a sports match live,watch-a-sports-match-live
watch a stand-up special,watch-a-stand-up-special
watch a tiktok,watch-a-tiktok
watch a tutorial,watch-a-tutorial
watch an introductory lesson,watch-an-introductory-lesson
watch battery,get-a-watch-battery-replaced
watch fireworks,watch-fireworks
watch football,watch-sport
watch sport,watch-sport
watch the game,watch-sport
watch the match,watch-sport
watch the news on tv,watch-the-news-on-tv
watch the sunrise,watch-the-sunrise
watch tv,watch-tv
watch videos,watch-youtube
watch youtube,watch-youtube
water,drink-water
water aerobics,do-aqua-aerobics
water bottle,buy-a-water-bottle
water filter,buy-a-water-filter
water houseplants,water-the-indoor-plants
water park,go-to-a-water-park
water polo,play-water-polo
water polo game,play-water-polo
water the garden,water-the-garden
water the indoor plants,water-the-indoor-plants
water the plants,water-the-plants
water with meals,have-a-drink-of-water-with-every-meal
watercolour,paint
waterfront,sit-by-the-water
watering,water-the-garden
watering,water-the-plants
watsons,go-to-the-pharmacy
wear a mask,wear-a-mask
weather,check-the-weather
web development,study-web-development
webcam,buy-a-webcam
wedding,attend-a-wedding
wedding day,get-married
weed the garden,weed-the-garden
weeding,weed-the-garden
weekend away,take-a-weekend-trip
weekend getaway,take-a-weekend-trip-somewhere-new
weekend lie in,sleep-in-on-the-weekend
weekend plans,make-weekend-plans-with-friends
weekend project,start-a-side-project-this-weekend
weekend trip,take-a-weekend-trip
weekend trip somewhere new,take-a-weekend-trip-somewhere-new
weekly planning,do-a-weekly-review
weekly priorities,write-your-weekly-priorities
weekly review,reflect-on-your-week
weigh yourself,check-your-weight
weights,buy-dumbbells
weights,strength-training
well done message,congratulate-someone
west coast park,visit-west-coast-park
wet market,go-to-a-farmers-market
what would have to be true,ask-what-would-have-to-be-true
whatsapp,send-a-text-message
whatsapp group,reply-to-a-group-chat
wheel throwing,do-a-pottery-class
whiteboard,think-without-references
whites,do-a-load-of-whites
wifi,fix-your-wi-fi
wifi router,buy-a-router
wiki,read-a-wikipedia-article
wikipedia,read-a-wikipedia-article
wild wild wet,go-to-a-water-park
will,write-a-will
win it back,gamble-to-win-back-losses
wind down,wind-down-for-bed
wind down for bed,wind-down-for-bed
window cleaning,clean-the-windows
window shopping,go-shopping-for-fun
windows,clean-the-windows
wine,have-a-drink
wipe counters,clean-the-kitchen
wipe down surfaces,wipe-down-surfaces
wipe surfaces,wipe-down-surfaces
wireless earbuds,buy-earbuds
wobbly table,fix-a-wobbly-table
wod,do-crossfit
wok,buy-a-pot-or-pan
woodwork,build-something
woodworking,do-woodworking
wordle,do-a-crossword
work chat,check-slack
work elsewhere,work-somewhere-new-for-the-afternoon
work from a café,work-from-a-cafe
work in a pomodoro,work-in-a-pomodoro
work late,do-overtime
work more,continue-working
work on a side project,work-on-a-side-project
work on the train,work-on-the-train
work out,go-to-the-gym
work somewhere new for the afternoon,work-somewhere-new-for-the-afternoon
work standing up,work-standing-up
work while commuting,work-on-the-train
workout,go-to-the-gym
workout video,do-a-home-workout
workshop,attend-a-workshop
worry list,write-down-your-worries
worry time,write-down-your-worries
wound care,clean-a-wound
write,write-it-up
write a blog post,write-a-blog-post
write a card,write-a-card
write a checklist,write-a-checklist
write a complaint,write-a-complaint
write a cover letter,write-a-cover-letter
write a design document,write-a-design-document
write a difficult email,write-a-difficult-email
write a grant,write-a-grant
write a gratitude letter,write-a-gratitude-letter
write a letter,write-a-letter
write a letter of recommendation,write-a-letter-of-recommendation
write a literature review,write-a-literature-review
write a newsletter,write-a-newsletter
write a performance review,write-a-performance-review
write a pitch,write-a-proposal
write a plan,write-a-plan
write a plan for it,write-down-a-plan-for-an-unfinished-task
write a post,write-something
write a proposal,write-a-proposal
write a report,write-a-report
write a script,automate-a-repetitive-task
write a short story,write-a-short-story
write a song,write-a-song
write a story,write-something
write a test,write-a-test
write a thank-you email,write-a-thank-you-email
write a wikipedia edit,write-a-wikipedia-edit
write a will,write-a-will
write an agenda,prepare-for-a-meeting
write an email to your team,write-an-email-to-your-team
write an out-of-office reply,write-an-out-of-office-reply
write and send a gratitude letter,write-a-gratitude-letter
write code,write-code
write docs,write-documentation
write documentation,write-documentation
write down a plan for an unfinished task,write-down-a-plan-for-an-unfinished-task
write down three good things,write-down-three-good-things
write down your worries,write-down-your-worries
write draft,write-it-up
write email,reply-to-email
write in a journal,write-in-a-journal
write in a notebook,write-in-a-notebook
write it down,journal-about-a-decision
write it up,write-it-up
write paper,write-it-up
write poetry,write-poetry
write something,write-something
write the options,list-your-options-before-deciding
write the section,write-it-up
write to someone,write-a-letter
write to your mp,write-to-your-mp
write up,write-a-report
write your weekly priorities,write-your-weekly-priorities
writeup,write-a-report
writing,study-writing
writing,write-it-up
writing,write-something
writing proofs,study-writing-proofs
x,scroll-social-media
xbox,buy-a-console
yoga,do-yoga
yoga class,do-yoga
yoga mat,buy-a-yoga-mat
youtube,watch-youtube
youtube learning,learn-about-a-topic-on-youtube
youtube video,edit-a-video
youtube workout,do-a-home-workout
yt,watch-youtube
yum cha,have-dim-sum
zi char,have-a-zi-char-dinner
zine,make-a-zine
zoo,go-to-the-zoo
zoom family,video-call-your-family
zumba,do-an-aerobics-class
